[0m15:52:32.111701 [debug] [MainThread]: Sending event: {'category': 'dbt', 'action': 'invocation', 'label': 'start', 'context': [<snowplow_tracker.self_describing_json.SelfDescribingJson object at 0x000001E44B1EF520>, <snowplow_tracker.self_describing_json.SelfDescribingJson object at 0x000001E44E039CF0>, <snowplow_tracker.self_describing_json.SelfDescribingJson object at 0x000001E44E039270>]}


============================== 15:52:32.114931 | 93888bbd-25eb-4e4c-8e28-941383bb7294 ==============================
[0m15:52:32.114931 [info ] [MainThread]: Running with dbt=1.6.1
[0m15:52:32.116445 [debug] [MainThread]: running dbt with arguments {'target_path': 'None', 'log_format': 'default', 'no_print': 'None', 'use_colors': 'True', 'printer_width': '80', 'warn_error': 'None', 'static_parser': 'True', 'partial_parse': 'True', 'log_path': 'D:\\DBT CORE\\nyc_parking_violations\\logs', 'send_anonymous_usage_stats': 'True', 'indirect_selection': 'eager', 'warn_error_options': 'WarnErrorOptions(include=[], exclude=[])', 'fail_fast': 'False', 'version_check': 'True', 'use_experimental_parser': 'False', 'quiet': 'False', 'introspect': 'True', 'log_cache_events': 'False', 'debug': 'False', 'profiles_dir': 'D:\\DBT CORE\\nyc_parking_violations', 'invocation_command': 'dbt debug', 'cache_selected_only': 'False', 'write_json': 'True'}
[0m15:52:32.131908 [info ] [MainThread]: dbt version: 1.6.1
[0m15:52:32.131908 [info ] [MainThread]: python version: 3.10.8
[0m15:52:32.134873 [info ] [MainThread]: python path: C:\Users\Manjiri\AppData\Local\Programs\Python\Python310\python.exe
[0m15:52:32.134873 [info ] [MainThread]: os info: Windows-10-10.0.26200-SP0
[0m15:52:32.134873 [info ] [MainThread]: Using profiles dir at D:\DBT CORE\nyc_parking_violations
[0m15:52:32.140018 [info ] [MainThread]: Using profiles.yml file at D:\DBT CORE\nyc_parking_violations\profiles.yml
[0m15:52:32.141018 [info ] [MainThread]: Using dbt_project.yml file at D:\DBT CORE\nyc_parking_violations\dbt_project.yml
[0m15:52:32.162648 [info ] [MainThread]: Configuration:
[0m15:52:32.162648 [info ] [MainThread]:   profiles.yml file [[31mERROR invalid[0m]
[0m15:52:32.162648 [info ] [MainThread]:   dbt_project.yml file [[32mOK found and valid[0m]
[0m15:52:32.165563 [info ] [MainThread]: Required dependencies:
[0m15:52:32.165563 [debug] [MainThread]: Executing "git --help"
[0m15:52:32.214850 [debug] [MainThread]: STDOUT: "b"usage: git [-v | --version] [-h | --help] [-C <path>] [-c <name>=<value>]\n           [--exec-path[=<path>]] [--html-path] [--man-path] [--info-path]\n           [-p | --paginate | -P | --no-pager] [--no-replace-objects] [--bare]\n           [--git-dir=<path>] [--work-tree=<path>] [--namespace=<name>]\n           [--config-env=<name>=<envvar>] <command> [<args>]\n\nThese are common Git commands used in various situations:\n\nstart a working area (see also: git help tutorial)\n   clone     Clone a repository into a new directory\n   init      Create an empty Git repository or reinitialize an existing one\n\nwork on the current change (see also: git help everyday)\n   add       Add file contents to the index\n   mv        Move or rename a file, a directory, or a symlink\n   restore   Restore working tree files\n   rm        Remove files from the working tree and from the index\n\nexamine the history and state (see also: git help revisions)\n   bisect    Use binary search to find the commit that introduced a bug\n   diff      Show changes between commits, commit and working tree, etc\n   grep      Print lines matching a pattern\n   log       Show commit logs\n   show      Show various types of objects\n   status    Show the working tree status\n\ngrow, mark and tweak your common history\n   branch    List, create, or delete branches\n   commit    Record changes to the repository\n   merge     Join two or more development histories together\n   rebase    Reapply commits on top of another base tip\n   reset     Reset current HEAD to the specified state\n   switch    Switch branches\n   tag       Create, list, delete or verify a tag object signed with GPG\n\ncollaborate (see also: git help workflows)\n   fetch     Download objects and refs from another repository\n   pull      Fetch from and integrate with another repository or a local branch\n   push      Update remote refs along with associated objects\n\n'git help -a' and 'git help -g' list available subcommands and some\nconcept guides. See 'git help <command>' or 'git help <concept>'\nto read about a specific subcommand or concept.\nSee 'git help git' for an overview of the system.\n""
[0m15:52:32.214850 [debug] [MainThread]: STDERR: "b''"
[0m15:52:32.214850 [info ] [MainThread]:  - git [[32mOK found[0m]

[0m15:52:32.214850 [info ] [MainThread]: Connection test skipped since no profile was found
[0m15:52:32.214850 [info ] [MainThread]: [31m1 check failed:[0m
[0m15:52:32.214850 [info ] [MainThread]: Profile loading failed for the following reason:
Runtime Error
  Could not find profile named 'nyc_parking_violations'


[0m15:52:32.214850 [debug] [MainThread]: Command `dbt debug` failed at 15:52:32.214850 after 0.14 seconds
[0m15:52:32.214850 [debug] [MainThread]: Sending event: {'category': 'dbt', 'action': 'invocation', 'label': 'end', 'context': [<snowplow_tracker.self_describing_json.SelfDescribingJson object at 0x000001E44B1EF520>, <snowplow_tracker.self_describing_json.SelfDescribingJson object at 0x000001E44E03AD10>, <snowplow_tracker.self_describing_json.SelfDescribingJson object at 0x000001E44E03BC70>]}
[0m15:52:32.214850 [debug] [MainThread]: Flushing usage events
[0m15:52:57.267065 [debug] [MainThread]: Sending event: {'category': 'dbt', 'action': 'invocation', 'label': 'start', 'context': [<snowplow_tracker.self_describing_json.SelfDescribingJson object at 0x000002DECEFFF520>, <snowplow_tracker.self_describing_json.SelfDescribingJson object at 0x000002DED1E49C90>, <snowplow_tracker.self_describing_json.SelfDescribingJson object at 0x000002DED1E49210>]}


============================== 15:52:57.267065 | 6126f9c9-85f7-4efe-8669-2f8fb1d45d79 ==============================
[0m15:52:57.267065 [info ] [MainThread]: Running with dbt=1.6.1
[0m15:52:57.267065 [debug] [MainThread]: running dbt with arguments {'printer_width': '80', 'invocation_command': 'dbt debug', 'target_path': 'None', 'log_format': 'default', 'no_print': 'None', 'warn_error': 'None', 'log_path': 'D:\\DBT CORE\\nyc_parking_violations\\logs', 'partial_parse': 'True', 'indirect_selection': 'eager', 'send_anonymous_usage_stats': 'True', 'static_parser': 'True', 'warn_error_options': 'WarnErrorOptions(include=[], exclude=[])', 'fail_fast': 'False', 'use_experimental_parser': 'False', 'version_check': 'True', 'quiet': 'False', 'introspect': 'True', 'log_cache_events': 'False', 'debug': 'False', 'profiles_dir': 'D:\\DBT CORE\\nyc_parking_violations', 'use_colors': 'True', 'cache_selected_only': 'False', 'write_json': 'True'}
[0m15:52:57.267065 [info ] [MainThread]: dbt version: 1.6.1
[0m15:52:57.267065 [info ] [MainThread]: python version: 3.10.8
[0m15:52:57.267065 [info ] [MainThread]: python path: C:\Users\Manjiri\AppData\Local\Programs\Python\Python310\python.exe
[0m15:52:57.267065 [info ] [MainThread]: os info: Windows-10-10.0.26200-SP0
[0m15:52:57.354011 [info ] [MainThread]: Using profiles dir at D:\DBT CORE\nyc_parking_violations
[0m15:52:57.356209 [info ] [MainThread]: Using profiles.yml file at D:\DBT CORE\nyc_parking_violations\profiles.yml
[0m15:52:57.357167 [info ] [MainThread]: Using dbt_project.yml file at D:\DBT CORE\nyc_parking_violations\dbt_project.yml
[0m15:52:57.357167 [info ] [MainThread]: adapter type: duckdb
[0m15:52:57.357167 [info ] [MainThread]: adapter version: 1.6.0
[0m15:52:57.383197 [info ] [MainThread]: Configuration:
[0m15:52:57.383871 [info ] [MainThread]:   profiles.yml file [[32mOK found and valid[0m]
[0m15:52:57.384860 [info ] [MainThread]:   dbt_project.yml file [[32mOK found and valid[0m]
[0m15:52:57.385635 [info ] [MainThread]: Required dependencies:
[0m15:52:57.385635 [debug] [MainThread]: Executing "git --help"
[0m15:52:57.426709 [debug] [MainThread]: STDOUT: "b"usage: git [-v | --version] [-h | --help] [-C <path>] [-c <name>=<value>]\n           [--exec-path[=<path>]] [--html-path] [--man-path] [--info-path]\n           [-p | --paginate | -P | --no-pager] [--no-replace-objects] [--bare]\n           [--git-dir=<path>] [--work-tree=<path>] [--namespace=<name>]\n           [--config-env=<name>=<envvar>] <command> [<args>]\n\nThese are common Git commands used in various situations:\n\nstart a working area (see also: git help tutorial)\n   clone     Clone a repository into a new directory\n   init      Create an empty Git repository or reinitialize an existing one\n\nwork on the current change (see also: git help everyday)\n   add       Add file contents to the index\n   mv        Move or rename a file, a directory, or a symlink\n   restore   Restore working tree files\n   rm        Remove files from the working tree and from the index\n\nexamine the history and state (see also: git help revisions)\n   bisect    Use binary search to find the commit that introduced a bug\n   diff      Show changes between commits, commit and working tree, etc\n   grep      Print lines matching a pattern\n   log       Show commit logs\n   show      Show various types of objects\n   status    Show the working tree status\n\ngrow, mark and tweak your common history\n   branch    List, create, or delete branches\n   commit    Record changes to the repository\n   merge     Join two or more development histories together\n   rebase    Reapply commits on top of another base tip\n   reset     Reset current HEAD to the specified state\n   switch    Switch branches\n   tag       Create, list, delete or verify a tag object signed with GPG\n\ncollaborate (see also: git help workflows)\n   fetch     Download objects and refs from another repository\n   pull      Fetch from and integrate with another repository or a local branch\n   push      Update remote refs along with associated objects\n\n'git help -a' and 'git help -g' list available subcommands and some\nconcept guides. See 'git help <command>' or 'git help <concept>'\nto read about a specific subcommand or concept.\nSee 'git help git' for an overview of the system.\n""
[0m15:52:57.426709 [debug] [MainThread]: STDERR: "b''"
[0m15:52:57.426709 [info ] [MainThread]:  - git [[32mOK found[0m]

[0m15:52:57.426709 [info ] [MainThread]: Connection:
[0m15:52:57.431593 [info ] [MainThread]:   database: memory
[0m15:52:57.431593 [info ] [MainThread]:   schema: main
[0m15:52:57.433098 [info ] [MainThread]:   path: :memory:
[0m15:52:57.433098 [info ] [MainThread]:   config_options: None
[0m15:52:57.433098 [info ] [MainThread]:   extensions: None
[0m15:52:57.433098 [info ] [MainThread]:   settings: None
[0m15:52:57.433098 [info ] [MainThread]:   external_root: .
[0m15:52:57.438121 [info ] [MainThread]:   use_credential_provider: None
[0m15:52:57.438121 [info ] [MainThread]:   attach: None
[0m15:52:57.439190 [info ] [MainThread]:   filesystems: None
[0m15:52:57.440232 [info ] [MainThread]:   remote: None
[0m15:52:57.440232 [info ] [MainThread]:   plugins: None
[0m15:52:57.440232 [info ] [MainThread]:   disable_transactions: False
[0m15:52:57.442189 [info ] [MainThread]: Registered adapter: duckdb=1.6.0
[0m15:52:57.478075 [debug] [MainThread]: Acquiring new duckdb connection 'debug'
[0m15:52:57.481628 [debug] [MainThread]: Using duckdb connection "debug"
[0m15:52:57.481628 [debug] [MainThread]: On debug: select 1 as id
[0m15:52:57.481628 [debug] [MainThread]: Opening a new connection, currently in state init
[0m15:52:57.499239 [debug] [MainThread]: SQL status: OK in 0.0 seconds
[0m15:52:57.504580 [debug] [MainThread]: On debug: Close
[0m15:52:57.504580 [info ] [MainThread]:   Connection test: [[32mOK connection ok[0m]

[0m15:52:57.504580 [info ] [MainThread]: [32mAll checks passed![0m
[0m15:52:57.504580 [debug] [MainThread]: Command `dbt debug` succeeded at 15:52:57.504580 after 0.26 seconds
[0m15:52:57.504580 [debug] [MainThread]: Connection 'debug' was properly closed.
[0m15:52:57.504580 [debug] [MainThread]: Sending event: {'category': 'dbt', 'action': 'invocation', 'label': 'end', 'context': [<snowplow_tracker.self_describing_json.SelfDescribingJson object at 0x000002DECEFFF520>, <snowplow_tracker.self_describing_json.SelfDescribingJson object at 0x000002DED1F42AD0>, <snowplow_tracker.self_describing_json.SelfDescribingJson object at 0x000002DED1F42530>]}
[0m15:52:57.504580 [debug] [MainThread]: Flushing usage events
[0m16:00:34.137985 [debug] [MainThread]: Sending event: {'category': 'dbt', 'action': 'invocation', 'label': 'start', 'context': [<snowplow_tracker.self_describing_json.SelfDescribingJson object at 0x0000020961A9F520>, <snowplow_tracker.self_describing_json.SelfDescribingJson object at 0x00000209648E9450>, <snowplow_tracker.self_describing_json.SelfDescribingJson object at 0x00000209648E96C0>]}


============================== 16:00:34.153711 | 7c93c4bc-16da-4772-8f5f-a798d1299c2f ==============================
[0m16:00:34.153711 [info ] [MainThread]: Running with dbt=1.6.1
[0m16:00:34.153711 [debug] [MainThread]: running dbt with arguments {'no_print': 'None', 'cache_selected_only': 'False', 'target_path': 'None', 'log_format': 'default', 'invocation_command': 'dbt debug', 'warn_error': 'None', 'static_parser': 'True', 'partial_parse': 'True', 'log_path': 'D:\\DBT CORE\\nyc_parking_violations\\logs', 'send_anonymous_usage_stats': 'True', 'indirect_selection': 'eager', 'warn_error_options': 'WarnErrorOptions(include=[], exclude=[])', 'fail_fast': 'False', 'use_experimental_parser': 'False', 'version_check': 'True', 'quiet': 'False', 'introspect': 'True', 'log_cache_events': 'False', 'debug': 'False', 'profiles_dir': 'C:\\Users\\Manjiri\\.dbt', 'use_colors': 'True', 'printer_width': '80', 'write_json': 'True'}
[0m16:00:34.153711 [info ] [MainThread]: dbt version: 1.6.1
[0m16:00:34.159096 [info ] [MainThread]: python version: 3.10.8
[0m16:00:34.159096 [info ] [MainThread]: python path: C:\Users\Manjiri\AppData\Local\Programs\Python\Python310\python.exe
[0m16:00:34.159096 [info ] [MainThread]: os info: Windows-10-10.0.26200-SP0
[0m16:00:34.159096 [info ] [MainThread]: Using profiles dir at C:\Users\Manjiri\.dbt
[0m16:00:34.159096 [info ] [MainThread]: Using profiles.yml file at C:\Users\Manjiri\.dbt\profiles.yml
[0m16:00:34.159096 [info ] [MainThread]: Using dbt_project.yml file at D:\DBT CORE\nyc_parking_violations\dbt_project.yml
[0m16:00:34.178861 [info ] [MainThread]: Configuration:
[0m16:00:34.187465 [info ] [MainThread]:   profiles.yml file [[31mERROR not found[0m]
[0m16:00:34.188671 [info ] [MainThread]:   dbt_project.yml file [[32mOK found and valid[0m]
[0m16:00:34.189442 [info ] [MainThread]: Required dependencies:
[0m16:00:34.190166 [debug] [MainThread]: Executing "git --help"
[0m16:00:34.229482 [debug] [MainThread]: STDOUT: "b"usage: git [-v | --version] [-h | --help] [-C <path>] [-c <name>=<value>]\n           [--exec-path[=<path>]] [--html-path] [--man-path] [--info-path]\n           [-p | --paginate | -P | --no-pager] [--no-replace-objects] [--bare]\n           [--git-dir=<path>] [--work-tree=<path>] [--namespace=<name>]\n           [--config-env=<name>=<envvar>] <command> [<args>]\n\nThese are common Git commands used in various situations:\n\nstart a working area (see also: git help tutorial)\n   clone     Clone a repository into a new directory\n   init      Create an empty Git repository or reinitialize an existing one\n\nwork on the current change (see also: git help everyday)\n   add       Add file contents to the index\n   mv        Move or rename a file, a directory, or a symlink\n   restore   Restore working tree files\n   rm        Remove files from the working tree and from the index\n\nexamine the history and state (see also: git help revisions)\n   bisect    Use binary search to find the commit that introduced a bug\n   diff      Show changes between commits, commit and working tree, etc\n   grep      Print lines matching a pattern\n   log       Show commit logs\n   show      Show various types of objects\n   status    Show the working tree status\n\ngrow, mark and tweak your common history\n   branch    List, create, or delete branches\n   commit    Record changes to the repository\n   merge     Join two or more development histories together\n   rebase    Reapply commits on top of another base tip\n   reset     Reset current HEAD to the specified state\n   switch    Switch branches\n   tag       Create, list, delete or verify a tag object signed with GPG\n\ncollaborate (see also: git help workflows)\n   fetch     Download objects and refs from another repository\n   pull      Fetch from and integrate with another repository or a local branch\n   push      Update remote refs along with associated objects\n\n'git help -a' and 'git help -g' list available subcommands and some\nconcept guides. See 'git help <command>' or 'git help <concept>'\nto read about a specific subcommand or concept.\nSee 'git help git' for an overview of the system.\n""
[0m16:00:34.229482 [debug] [MainThread]: STDERR: "b''"
[0m16:00:34.229482 [info ] [MainThread]:  - git [[32mOK found[0m]

[0m16:00:34.229482 [info ] [MainThread]: Connection test skipped since no profile was found
[0m16:00:34.229482 [info ] [MainThread]: [31m1 check failed:[0m
[0m16:00:34.229482 [info ] [MainThread]: dbt looked for a profiles.yml file in C:\Users\Manjiri\.dbt\profiles.yml, but did
not find one. For more information on configuring your profile, consult the
documentation:

https://docs.getdbt.com/docs/configure-your-profile


[0m16:00:34.229482 [debug] [MainThread]: Command `dbt debug` failed at 16:00:34.229482 after 0.11 seconds
[0m16:00:34.229482 [debug] [MainThread]: Sending event: {'category': 'dbt', 'action': 'invocation', 'label': 'end', 'context': [<snowplow_tracker.self_describing_json.SelfDescribingJson object at 0x0000020961A9F520>, <snowplow_tracker.self_describing_json.SelfDescribingJson object at 0x00000209648E9660>, <snowplow_tracker.self_describing_json.SelfDescribingJson object at 0x00000209648E9D20>]}
[0m16:00:34.229482 [debug] [MainThread]: Flushing usage events
[0m16:00:44.240840 [debug] [MainThread]: Sending event: {'category': 'dbt', 'action': 'invocation', 'label': 'start', 'context': [<snowplow_tracker.self_describing_json.SelfDescribingJson object at 0x0000019D44F1F520>, <snowplow_tracker.self_describing_json.SelfDescribingJson object at 0x0000019D47D69CF0>, <snowplow_tracker.self_describing_json.SelfDescribingJson object at 0x0000019D47D69270>]}


============================== 16:00:44.250097 | b5cfd6bd-ab8a-498f-ba70-eac5f845eb34 ==============================
[0m16:00:44.250097 [info ] [MainThread]: Running with dbt=1.6.1
[0m16:00:44.251103 [debug] [MainThread]: running dbt with arguments {'printer_width': '80', 'no_print': 'None', 'invocation_command': 'dbt debug', 'target_path': 'None', 'profiles_dir': 'D:\\DBT CORE\\nyc_parking_violations', 'warn_error': 'None', 'static_parser': 'True', 'fail_fast': 'False', 'log_path': 'D:\\DBT CORE\\nyc_parking_violations\\logs', 'send_anonymous_usage_stats': 'True', 'indirect_selection': 'eager', 'warn_error_options': 'WarnErrorOptions(include=[], exclude=[])', 'partial_parse': 'True', 'version_check': 'True', 'use_experimental_parser': 'False', 'quiet': 'False', 'introspect': 'True', 'log_cache_events': 'False', 'debug': 'False', 'log_format': 'default', 'use_colors': 'True', 'cache_selected_only': 'False', 'write_json': 'True'}
[0m16:00:44.251103 [info ] [MainThread]: dbt version: 1.6.1
[0m16:00:44.252626 [info ] [MainThread]: python version: 3.10.8
[0m16:00:44.252626 [info ] [MainThread]: python path: C:\Users\Manjiri\AppData\Local\Programs\Python\Python310\python.exe
[0m16:00:44.254140 [info ] [MainThread]: os info: Windows-10-10.0.26200-SP0
[0m16:00:44.329900 [info ] [MainThread]: Using profiles dir at D:\DBT CORE\nyc_parking_violations
[0m16:00:44.329900 [info ] [MainThread]: Using profiles.yml file at D:\DBT CORE\nyc_parking_violations\profiles.yml
[0m16:00:44.329900 [info ] [MainThread]: Using dbt_project.yml file at D:\DBT CORE\nyc_parking_violations\dbt_project.yml
[0m16:00:44.338229 [info ] [MainThread]: adapter type: duckdb
[0m16:00:44.338779 [info ] [MainThread]: adapter version: 1.6.0
[0m16:00:44.361109 [info ] [MainThread]: Configuration:
[0m16:00:44.361515 [info ] [MainThread]:   profiles.yml file [[32mOK found and valid[0m]
[0m16:00:44.362828 [info ] [MainThread]:   dbt_project.yml file [[32mOK found and valid[0m]
[0m16:00:44.363567 [info ] [MainThread]: Required dependencies:
[0m16:00:44.363567 [debug] [MainThread]: Executing "git --help"
[0m16:00:44.404583 [debug] [MainThread]: STDOUT: "b"usage: git [-v | --version] [-h | --help] [-C <path>] [-c <name>=<value>]\n           [--exec-path[=<path>]] [--html-path] [--man-path] [--info-path]\n           [-p | --paginate | -P | --no-pager] [--no-replace-objects] [--bare]\n           [--git-dir=<path>] [--work-tree=<path>] [--namespace=<name>]\n           [--config-env=<name>=<envvar>] <command> [<args>]\n\nThese are common Git commands used in various situations:\n\nstart a working area (see also: git help tutorial)\n   clone     Clone a repository into a new directory\n   init      Create an empty Git repository or reinitialize an existing one\n\nwork on the current change (see also: git help everyday)\n   add       Add file contents to the index\n   mv        Move or rename a file, a directory, or a symlink\n   restore   Restore working tree files\n   rm        Remove files from the working tree and from the index\n\nexamine the history and state (see also: git help revisions)\n   bisect    Use binary search to find the commit that introduced a bug\n   diff      Show changes between commits, commit and working tree, etc\n   grep      Print lines matching a pattern\n   log       Show commit logs\n   show      Show various types of objects\n   status    Show the working tree status\n\ngrow, mark and tweak your common history\n   branch    List, create, or delete branches\n   commit    Record changes to the repository\n   merge     Join two or more development histories together\n   rebase    Reapply commits on top of another base tip\n   reset     Reset current HEAD to the specified state\n   switch    Switch branches\n   tag       Create, list, delete or verify a tag object signed with GPG\n\ncollaborate (see also: git help workflows)\n   fetch     Download objects and refs from another repository\n   pull      Fetch from and integrate with another repository or a local branch\n   push      Update remote refs along with associated objects\n\n'git help -a' and 'git help -g' list available subcommands and some\nconcept guides. See 'git help <command>' or 'git help <concept>'\nto read about a specific subcommand or concept.\nSee 'git help git' for an overview of the system.\n""
[0m16:00:44.405519 [debug] [MainThread]: STDERR: "b''"
[0m16:00:44.406544 [info ] [MainThread]:  - git [[32mOK found[0m]

[0m16:00:44.406544 [info ] [MainThread]: Connection:
[0m16:00:44.406544 [info ] [MainThread]:   database: memory
[0m16:00:44.406544 [info ] [MainThread]:   schema: main
[0m16:00:44.406544 [info ] [MainThread]:   path: :memory:
[0m16:00:44.406544 [info ] [MainThread]:   config_options: None
[0m16:00:44.406544 [info ] [MainThread]:   extensions: None
[0m16:00:44.406544 [info ] [MainThread]:   settings: None
[0m16:00:44.406544 [info ] [MainThread]:   external_root: .
[0m16:00:44.413984 [info ] [MainThread]:   use_credential_provider: None
[0m16:00:44.413984 [info ] [MainThread]:   attach: None
[0m16:00:44.415130 [info ] [MainThread]:   filesystems: None
[0m16:00:44.415130 [info ] [MainThread]:   remote: None
[0m16:00:44.415130 [info ] [MainThread]:   plugins: None
[0m16:00:44.415130 [info ] [MainThread]:   disable_transactions: False
[0m16:00:44.418204 [info ] [MainThread]: Registered adapter: duckdb=1.6.0
[0m16:00:44.418204 [debug] [MainThread]: Acquiring new duckdb connection 'debug'
[0m16:00:44.418204 [debug] [MainThread]: Using duckdb connection "debug"
[0m16:00:44.418204 [debug] [MainThread]: On debug: select 1 as id
[0m16:00:44.418204 [debug] [MainThread]: Opening a new connection, currently in state init
[0m16:00:44.429939 [debug] [MainThread]: SQL status: OK in 0.0 seconds
[0m16:00:44.429939 [debug] [MainThread]: On debug: Close
[0m16:00:44.429939 [info ] [MainThread]:   Connection test: [[32mOK connection ok[0m]

[0m16:00:44.429939 [info ] [MainThread]: [32mAll checks passed![0m
[0m16:00:44.438291 [debug] [MainThread]: Command `dbt debug` succeeded at 16:00:44.438291 after 0.22 seconds
[0m16:00:44.438291 [debug] [MainThread]: Connection 'debug' was properly closed.
[0m16:00:44.438291 [debug] [MainThread]: Sending event: {'category': 'dbt', 'action': 'invocation', 'label': 'end', 'context': [<snowplow_tracker.self_describing_json.SelfDescribingJson object at 0x0000019D44F1F520>, <snowplow_tracker.self_describing_json.SelfDescribingJson object at 0x0000019D47E669B0>, <snowplow_tracker.self_describing_json.SelfDescribingJson object at 0x0000019D47E66E90>]}
[0m16:00:44.438291 [debug] [MainThread]: Flushing usage events
[0m16:01:47.444012 [debug] [MainThread]: Sending event: {'category': 'dbt', 'action': 'invocation', 'label': 'start', 'context': [<snowplow_tracker.self_describing_json.SelfDescribingJson object at 0x00000212AE8AF520>, <snowplow_tracker.self_describing_json.SelfDescribingJson object at 0x00000212B1679DB0>, <snowplow_tracker.self_describing_json.SelfDescribingJson object at 0x00000212B1678880>]}


============================== 16:01:47.444012 | 174dea44-b8e8-4203-9585-3f1c4fc3d8a9 ==============================
[0m16:01:47.444012 [info ] [MainThread]: Running with dbt=1.6.1
[0m16:01:47.444012 [debug] [MainThread]: running dbt with arguments {'no_print': 'None', 'use_colors': 'True', 'printer_width': '80', 'write_json': 'True', 'log_format': 'default', 'warn_error': 'None', 'log_path': 'D:\\DBT CORE\\nyc_parking_violations\\logs', 'fail_fast': 'False', 'indirect_selection': 'eager', 'send_anonymous_usage_stats': 'True', 'static_parser': 'True', 'warn_error_options': 'WarnErrorOptions(include=[], exclude=[])', 'partial_parse': 'True', 'use_experimental_parser': 'False', 'version_check': 'True', 'quiet': 'False', 'introspect': 'True', 'log_cache_events': 'False', 'debug': 'False', 'profiles_dir': 'D:\\DBT CORE\\nyc_parking_violations', 'invocation_command': 'dbt compile', 'cache_selected_only': 'False', 'target_path': 'None'}
[0m16:01:47.603753 [debug] [MainThread]: Sending event: {'category': 'dbt', 'action': 'project_id', 'label': '174dea44-b8e8-4203-9585-3f1c4fc3d8a9', 'context': [<snowplow_tracker.self_describing_json.SelfDescribingJson object at 0x00000212B1679B10>]}
[0m16:01:47.619833 [debug] [MainThread]: Sending event: {'category': 'dbt', 'action': 'adapter_info', 'label': '174dea44-b8e8-4203-9585-3f1c4fc3d8a9', 'context': [<snowplow_tracker.self_describing_json.SelfDescribingJson object at 0x00000212B175ED40>]}
[0m16:01:47.619833 [info ] [MainThread]: Registered adapter: duckdb=1.6.0
[0m16:01:47.619833 [debug] [MainThread]: checksum: efe19d9f5b93d1a98cc804fbfcdb6b3aced98b974af664946fee1cde8837deb7, vars: {}, profile: , target: , version: 1.6.1
[0m16:01:47.637324 [info ] [MainThread]: Unable to do partial parsing because saved manifest not found. Starting full parse.
[0m16:01:47.638121 [debug] [MainThread]: Sending event: {'category': 'dbt', 'action': 'partial_parser', 'label': '174dea44-b8e8-4203-9585-3f1c4fc3d8a9', 'context': [<snowplow_tracker.self_describing_json.SelfDescribingJson object at 0x00000212B175FA90>]}
[0m16:01:48.339872 [warn ] [MainThread]: [[33mWARNING[0m]: Configuration paths exist in your dbt_project.yml file which do not apply to any resources.
There are 1 unused configuration paths:
- models.nyc_parking_violations.example
[0m16:01:48.345007 [debug] [MainThread]: Sending event: {'category': 'dbt', 'action': 'load_project', 'label': '174dea44-b8e8-4203-9585-3f1c4fc3d8a9', 'context': [<snowplow_tracker.self_describing_json.SelfDescribingJson object at 0x00000212B18912D0>]}
[0m16:01:48.367951 [debug] [MainThread]: Sending event: {'category': 'dbt', 'action': 'resource_counts', 'label': '174dea44-b8e8-4203-9585-3f1c4fc3d8a9', 'context': [<snowplow_tracker.self_describing_json.SelfDescribingJson object at 0x00000212B1941BD0>]}
[0m16:01:48.367951 [info ] [MainThread]: Found 1 model, 0 sources, 0 exposures, 0 metrics, 348 macros, 0 groups, 0 semantic models
[0m16:01:48.367951 [debug] [MainThread]: Sending event: {'category': 'dbt', 'action': 'runnable_timing', 'label': '174dea44-b8e8-4203-9585-3f1c4fc3d8a9', 'context': [<snowplow_tracker.self_describing_json.SelfDescribingJson object at 0x00000212B19424D0>]}
[0m16:01:48.367951 [info ] [MainThread]: 
[0m16:01:48.367951 [debug] [MainThread]: Acquiring new duckdb connection 'master'
[0m16:01:48.367951 [debug] [ThreadPool]: Acquiring new duckdb connection 'list_memory_main'
[0m16:01:48.367951 [debug] [ThreadPool]: Using duckdb connection "list_memory_main"
[0m16:01:48.367951 [debug] [ThreadPool]: On list_memory_main: BEGIN
[0m16:01:48.383149 [debug] [ThreadPool]: Opening a new connection, currently in state init
[0m16:01:48.398561 [debug] [ThreadPool]: SQL status: OK in 0.0 seconds
[0m16:01:48.398561 [debug] [ThreadPool]: Using duckdb connection "list_memory_main"
[0m16:01:48.399839 [debug] [ThreadPool]: On list_memory_main: /* {"app": "dbt", "dbt_version": "1.6.1", "profile_name": "nyc_parking_violations", "target_name": "dev", "connection_name": "list_memory_main"} */
select
      'memory' as database,
      table_name as name,
      table_schema as schema,
      CASE table_type
        WHEN 'BASE TABLE' THEN 'table'
        WHEN 'VIEW' THEN 'view'
        WHEN 'LOCAL TEMPORARY' THEN 'table'
        END as type
    from system.information_schema.tables
    where table_schema = 'main'
    and table_catalog = 'memory'
  
[0m16:01:48.406657 [debug] [ThreadPool]: SQL status: OK in 0.0 seconds
[0m16:01:48.406657 [debug] [ThreadPool]: On list_memory_main: ROLLBACK
[0m16:01:48.417380 [debug] [ThreadPool]: Failed to rollback 'list_memory_main'
[0m16:01:48.418069 [debug] [ThreadPool]: On list_memory_main: Close
[0m16:01:48.418069 [debug] [MainThread]: Sending event: {'category': 'dbt', 'action': 'runnable_timing', 'label': '174dea44-b8e8-4203-9585-3f1c4fc3d8a9', 'context': [<snowplow_tracker.self_describing_json.SelfDescribingJson object at 0x00000212B1910850>]}
[0m16:01:48.418069 [info ] [MainThread]: Concurrency: 1 threads (target='dev')
[0m16:01:48.418069 [info ] [MainThread]: 
[0m16:01:48.435710 [debug] [Thread-1 (]: Began running node model.nyc_parking_violations.first_model
[0m16:01:48.435710 [debug] [Thread-1 (]: Acquiring new duckdb connection 'model.nyc_parking_violations.first_model'
[0m16:01:48.437718 [debug] [Thread-1 (]: Began compiling node model.nyc_parking_violations.first_model
[0m16:01:48.439598 [debug] [Thread-1 (]: Writing injected SQL for node "model.nyc_parking_violations.first_model"
[0m16:01:48.449793 [debug] [Thread-1 (]: Timing info for model.nyc_parking_violations.first_model (compile): 16:01:48.437718 => 16:01:48.449793
[0m16:01:48.451637 [debug] [Thread-1 (]: Began executing node model.nyc_parking_violations.first_model
[0m16:01:48.451637 [debug] [Thread-1 (]: Timing info for model.nyc_parking_violations.first_model (execute): 16:01:48.451637 => 16:01:48.451637
[0m16:01:48.451637 [debug] [Thread-1 (]: Finished running node model.nyc_parking_violations.first_model
[0m16:01:48.451637 [debug] [MainThread]: Connection 'master' was properly closed.
[0m16:01:48.451637 [debug] [MainThread]: Connection 'list_memory_main' was properly closed.
[0m16:01:48.451637 [debug] [MainThread]: Connection 'model.nyc_parking_violations.first_model' was properly closed.
[0m16:01:48.456398 [debug] [MainThread]: Command end result
[0m16:01:48.457402 [debug] [MainThread]: Command `dbt compile` succeeded at 16:01:48.457402 after 1.05 seconds
[0m16:01:48.466663 [debug] [MainThread]: Sending event: {'category': 'dbt', 'action': 'invocation', 'label': 'end', 'context': [<snowplow_tracker.self_describing_json.SelfDescribingJson object at 0x00000212AE8AF520>, <snowplow_tracker.self_describing_json.SelfDescribingJson object at 0x00000212B1941BD0>, <snowplow_tracker.self_describing_json.SelfDescribingJson object at 0x00000212B1679B10>]}
[0m16:01:48.466663 [debug] [MainThread]: Flushing usage events
[0m16:01:56.087450 [debug] [MainThread]: Sending event: {'category': 'dbt', 'action': 'invocation', 'label': 'start', 'context': [<snowplow_tracker.self_describing_json.SelfDescribingJson object at 0x000001A8C6EDF4F0>, <snowplow_tracker.self_describing_json.SelfDescribingJson object at 0x000001A8C9CD9D80>, <snowplow_tracker.self_describing_json.SelfDescribingJson object at 0x000001A8C9CD8850>]}


============================== 16:01:56.102952 | 4a81efe7-5cca-4cea-a460-57690e5872be ==============================
[0m16:01:56.102952 [info ] [MainThread]: Running with dbt=1.6.1
[0m16:01:56.102952 [debug] [MainThread]: running dbt with arguments {'invocation_command': 'dbt run', 'write_json': 'True', 'no_print': 'None', 'log_format': 'default', 'cache_selected_only': 'False', 'warn_error': 'None', 'indirect_selection': 'eager', 'partial_parse': 'True', 'log_path': 'D:\\DBT CORE\\nyc_parking_violations\\logs', 'send_anonymous_usage_stats': 'True', 'static_parser': 'True', 'warn_error_options': 'WarnErrorOptions(include=[], exclude=[])', 'fail_fast': 'False', 'version_check': 'True', 'use_experimental_parser': 'False', 'quiet': 'False', 'introspect': 'True', 'log_cache_events': 'False', 'debug': 'False', 'profiles_dir': 'D:\\DBT CORE\\nyc_parking_violations', 'use_colors': 'True', 'printer_width': '80', 'target_path': 'None'}
[0m16:01:56.225070 [debug] [MainThread]: Sending event: {'category': 'dbt', 'action': 'project_id', 'label': '4a81efe7-5cca-4cea-a460-57690e5872be', 'context': [<snowplow_tracker.self_describing_json.SelfDescribingJson object at 0x000001A8C9CD9AE0>]}
[0m16:01:56.239156 [debug] [MainThread]: Sending event: {'category': 'dbt', 'action': 'adapter_info', 'label': '4a81efe7-5cca-4cea-a460-57690e5872be', 'context': [<snowplow_tracker.self_describing_json.SelfDescribingJson object at 0x000001A8C9DBADA0>]}
[0m16:01:56.239156 [info ] [MainThread]: Registered adapter: duckdb=1.6.0
[0m16:01:56.248526 [debug] [MainThread]: checksum: efe19d9f5b93d1a98cc804fbfcdb6b3aced98b974af664946fee1cde8837deb7, vars: {}, profile: , target: , version: 1.6.1
[0m16:01:56.314035 [debug] [MainThread]: Partial parsing enabled: 0 files deleted, 0 files added, 0 files changed.
[0m16:01:56.314035 [debug] [MainThread]: Partial parsing enabled, no changes found, skipping parsing
[0m16:01:56.314035 [warn ] [MainThread]: [[33mWARNING[0m]: Configuration paths exist in your dbt_project.yml file which do not apply to any resources.
There are 1 unused configuration paths:
- models.nyc_parking_violations.example
[0m16:01:56.322417 [debug] [MainThread]: Sending event: {'category': 'dbt', 'action': 'load_project', 'label': '4a81efe7-5cca-4cea-a460-57690e5872be', 'context': [<snowplow_tracker.self_describing_json.SelfDescribingJson object at 0x000001A8C9F700D0>]}
[0m16:01:56.335979 [debug] [MainThread]: Sending event: {'category': 'dbt', 'action': 'resource_counts', 'label': '4a81efe7-5cca-4cea-a460-57690e5872be', 'context': [<snowplow_tracker.self_describing_json.SelfDescribingJson object at 0x000001A8C9F33430>]}
[0m16:01:56.335979 [info ] [MainThread]: Found 1 model, 0 sources, 0 exposures, 0 metrics, 348 macros, 0 groups, 0 semantic models
[0m16:01:56.338023 [debug] [MainThread]: Sending event: {'category': 'dbt', 'action': 'runnable_timing', 'label': '4a81efe7-5cca-4cea-a460-57690e5872be', 'context': [<snowplow_tracker.self_describing_json.SelfDescribingJson object at 0x000001A8C9EC0220>]}
[0m16:01:56.339036 [info ] [MainThread]: 
[0m16:01:56.339036 [debug] [MainThread]: Acquiring new duckdb connection 'master'
[0m16:01:56.339036 [debug] [ThreadPool]: Acquiring new duckdb connection 'list_memory'
[0m16:01:56.349359 [debug] [ThreadPool]: Using duckdb connection "list_memory"
[0m16:01:56.349359 [debug] [ThreadPool]: On list_memory: /* {"app": "dbt", "dbt_version": "1.6.1", "profile_name": "nyc_parking_violations", "target_name": "dev", "connection_name": "list_memory"} */

    
    select schema_name
    from system.information_schema.schemata
    
    where catalog_name = '"memory"'
    
  
  
[0m16:01:56.349359 [debug] [ThreadPool]: Opening a new connection, currently in state init
[0m16:01:56.367422 [debug] [ThreadPool]: SQL status: OK in 0.0 seconds
[0m16:01:56.367422 [debug] [ThreadPool]: On list_memory: Close
[0m16:01:56.367422 [debug] [ThreadPool]: Re-using an available connection from the pool (formerly list_memory, now create_memory_main)
[0m16:01:56.367422 [debug] [ThreadPool]: Creating schema "database: "memory"
schema: "main"
"
[0m16:01:56.367422 [debug] [ThreadPool]: Using duckdb connection "create_memory_main"
[0m16:01:56.367422 [debug] [ThreadPool]: On create_memory_main: BEGIN
[0m16:01:56.367422 [debug] [ThreadPool]: Opening a new connection, currently in state closed
[0m16:01:56.367422 [debug] [ThreadPool]: SQL status: OK in 0.0 seconds
[0m16:01:56.367422 [debug] [ThreadPool]: Using duckdb connection "create_memory_main"
[0m16:01:56.367422 [debug] [ThreadPool]: On create_memory_main: /* {"app": "dbt", "dbt_version": "1.6.1", "profile_name": "nyc_parking_violations", "target_name": "dev", "connection_name": "create_memory_main"} */
create schema if not exists "memory"."main"
[0m16:01:56.367422 [debug] [ThreadPool]: SQL status: OK in 0.0 seconds
[0m16:01:56.367422 [debug] [ThreadPool]: On create_memory_main: COMMIT
[0m16:01:56.367422 [debug] [ThreadPool]: Using duckdb connection "create_memory_main"
[0m16:01:56.380477 [debug] [ThreadPool]: On create_memory_main: COMMIT
[0m16:01:56.381819 [debug] [ThreadPool]: SQL status: OK in 0.0 seconds
[0m16:01:56.381819 [debug] [ThreadPool]: On create_memory_main: Close
[0m16:01:56.381819 [debug] [ThreadPool]: Acquiring new duckdb connection 'list_memory_main'
[0m16:01:56.387779 [debug] [ThreadPool]: Using duckdb connection "list_memory_main"
[0m16:01:56.387779 [debug] [ThreadPool]: On list_memory_main: BEGIN
[0m16:01:56.387779 [debug] [ThreadPool]: Opening a new connection, currently in state init
[0m16:01:56.387779 [debug] [ThreadPool]: SQL status: OK in 0.0 seconds
[0m16:01:56.387779 [debug] [ThreadPool]: Using duckdb connection "list_memory_main"
[0m16:01:56.387779 [debug] [ThreadPool]: On list_memory_main: /* {"app": "dbt", "dbt_version": "1.6.1", "profile_name": "nyc_parking_violations", "target_name": "dev", "connection_name": "list_memory_main"} */
select
      'memory' as database,
      table_name as name,
      table_schema as schema,
      CASE table_type
        WHEN 'BASE TABLE' THEN 'table'
        WHEN 'VIEW' THEN 'view'
        WHEN 'LOCAL TEMPORARY' THEN 'table'
        END as type
    from system.information_schema.tables
    where table_schema = 'main'
    and table_catalog = 'memory'
  
[0m16:01:56.397112 [debug] [ThreadPool]: SQL status: OK in 0.0 seconds
[0m16:01:56.397112 [debug] [ThreadPool]: On list_memory_main: ROLLBACK
[0m16:01:56.405066 [debug] [ThreadPool]: Failed to rollback 'list_memory_main'
[0m16:01:56.405066 [debug] [ThreadPool]: On list_memory_main: Close
[0m16:01:56.405066 [debug] [MainThread]: Sending event: {'category': 'dbt', 'action': 'runnable_timing', 'label': '4a81efe7-5cca-4cea-a460-57690e5872be', 'context': [<snowplow_tracker.self_describing_json.SelfDescribingJson object at 0x000001A8C9FAD390>]}
[0m16:01:56.405066 [debug] [MainThread]: Using duckdb connection "master"
[0m16:01:56.405066 [debug] [MainThread]: On master: BEGIN
[0m16:01:56.405066 [debug] [MainThread]: Opening a new connection, currently in state init
[0m16:01:56.405066 [debug] [MainThread]: SQL status: OK in 0.0 seconds
[0m16:01:56.405066 [debug] [MainThread]: On master: COMMIT
[0m16:01:56.405066 [debug] [MainThread]: Using duckdb connection "master"
[0m16:01:56.405066 [debug] [MainThread]: On master: COMMIT
[0m16:01:56.405066 [debug] [MainThread]: SQL status: OK in 0.0 seconds
[0m16:01:56.405066 [debug] [MainThread]: On master: Close
[0m16:01:56.405066 [info ] [MainThread]: Concurrency: 1 threads (target='dev')
[0m16:01:56.405066 [info ] [MainThread]: 
[0m16:01:56.413928 [debug] [Thread-1 (]: Began running node model.nyc_parking_violations.first_model
[0m16:01:56.413928 [info ] [Thread-1 (]: 1 of 1 START sql view model main.first_model ................................... [RUN]
[0m16:01:56.413928 [debug] [Thread-1 (]: Acquiring new duckdb connection 'model.nyc_parking_violations.first_model'
[0m16:01:56.419629 [debug] [Thread-1 (]: Began compiling node model.nyc_parking_violations.first_model
[0m16:01:56.421521 [debug] [Thread-1 (]: Writing injected SQL for node "model.nyc_parking_violations.first_model"
[0m16:01:56.421521 [debug] [Thread-1 (]: Timing info for model.nyc_parking_violations.first_model (compile): 16:01:56.419629 => 16:01:56.421521
[0m16:01:56.421521 [debug] [Thread-1 (]: Began executing node model.nyc_parking_violations.first_model
[0m16:01:56.454035 [debug] [Thread-1 (]: Writing runtime sql for node "model.nyc_parking_violations.first_model"
[0m16:01:56.493841 [debug] [Thread-1 (]: Using duckdb connection "model.nyc_parking_violations.first_model"
[0m16:01:56.493841 [debug] [Thread-1 (]: On model.nyc_parking_violations.first_model: BEGIN
[0m16:01:56.495590 [debug] [Thread-1 (]: Opening a new connection, currently in state init
[0m16:01:56.497387 [debug] [Thread-1 (]: SQL status: OK in 0.0 seconds
[0m16:01:56.499487 [debug] [Thread-1 (]: Using duckdb connection "model.nyc_parking_violations.first_model"
[0m16:01:56.499487 [debug] [Thread-1 (]: On model.nyc_parking_violations.first_model: /* {"app": "dbt", "dbt_version": "1.6.1", "profile_name": "nyc_parking_violations", "target_name": "dev", "node_id": "model.nyc_parking_violations.first_model"} */

  
  create view "memory"."main"."first_model__dbt_tmp" as (
    SELECT * FROM parking_violation_codes;
  );

[0m16:01:56.504765 [debug] [Thread-1 (]: Timing info for model.nyc_parking_violations.first_model (execute): 16:01:56.421521 => 16:01:56.504765
[0m16:01:56.504765 [debug] [Thread-1 (]: On model.nyc_parking_violations.first_model: ROLLBACK
[0m16:01:56.521139 [debug] [Thread-1 (]: Failed to rollback 'model.nyc_parking_violations.first_model'
[0m16:01:56.521139 [debug] [Thread-1 (]: On model.nyc_parking_violations.first_model: Close
[0m16:01:56.523901 [debug] [Thread-1 (]: Runtime Error in model first_model (models\first_model.sql)
  Parser Error: syntax error at or near ";"
  
  LINE 5:     SELECT * FROM parking_violation_codes;
                                                   ^
[0m16:01:56.523901 [debug] [Thread-1 (]: Sending event: {'category': 'dbt', 'action': 'run_model', 'label': '4a81efe7-5cca-4cea-a460-57690e5872be', 'context': [<snowplow_tracker.self_describing_json.SelfDescribingJson object at 0x000001A8C9F61CF0>]}
[0m16:01:56.523901 [error] [Thread-1 (]: 1 of 1 ERROR creating sql view model main.first_model .......................... [[31mERROR[0m in 0.11s]
[0m16:01:56.525907 [debug] [Thread-1 (]: Finished running node model.nyc_parking_violations.first_model
[0m16:01:56.525907 [debug] [MainThread]: Using duckdb connection "master"
[0m16:01:56.525907 [debug] [MainThread]: On master: BEGIN
[0m16:01:56.525907 [debug] [MainThread]: Opening a new connection, currently in state closed
[0m16:01:56.530402 [debug] [MainThread]: SQL status: OK in 0.0 seconds
[0m16:01:56.530402 [debug] [MainThread]: On master: COMMIT
[0m16:01:56.530402 [debug] [MainThread]: Using duckdb connection "master"
[0m16:01:56.530402 [debug] [MainThread]: On master: COMMIT
[0m16:01:56.532421 [debug] [MainThread]: SQL status: OK in 0.0 seconds
[0m16:01:56.532421 [debug] [MainThread]: On master: Close
[0m16:01:56.532421 [debug] [MainThread]: Connection 'master' was properly closed.
[0m16:01:56.532421 [debug] [MainThread]: Connection 'create_memory_main' was properly closed.
[0m16:01:56.534426 [debug] [MainThread]: Connection 'list_memory_main' was properly closed.
[0m16:01:56.534426 [debug] [MainThread]: Connection 'model.nyc_parking_violations.first_model' was properly closed.
[0m16:01:56.534426 [info ] [MainThread]: 
[0m16:01:56.534426 [info ] [MainThread]: Finished running 1 view model in 0 hours 0 minutes and 0.20 seconds (0.20s).
[0m16:01:56.537130 [debug] [MainThread]: Command end result
[0m16:01:56.547050 [info ] [MainThread]: 
[0m16:01:56.548820 [info ] [MainThread]: [31mCompleted with 1 error and 0 warnings:[0m
[0m16:01:56.548820 [info ] [MainThread]: 
[0m16:01:56.548820 [error] [MainThread]: [33mRuntime Error in model first_model (models\first_model.sql)[0m
[0m16:01:56.548820 [error] [MainThread]:   Parser Error: syntax error at or near ";"
[0m16:01:56.548820 [error] [MainThread]:   
[0m16:01:56.548820 [error] [MainThread]:   LINE 5:     SELECT * FROM parking_violation_codes;
[0m16:01:56.553604 [error] [MainThread]:                                                    ^
[0m16:01:56.553604 [info ] [MainThread]: 
[0m16:01:56.555616 [info ] [MainThread]: Done. PASS=0 WARN=0 ERROR=1 SKIP=0 TOTAL=1
[0m16:01:56.555616 [debug] [MainThread]: Command `dbt run` failed at 16:01:56.555616 after 0.48 seconds
[0m16:01:56.555616 [debug] [MainThread]: Sending event: {'category': 'dbt', 'action': 'invocation', 'label': 'end', 'context': [<snowplow_tracker.self_describing_json.SelfDescribingJson object at 0x000001A8C6EDF4F0>, <snowplow_tracker.self_describing_json.SelfDescribingJson object at 0x000001A8C9F33C10>, <snowplow_tracker.self_describing_json.SelfDescribingJson object at 0x000001A8C9F33700>]}
[0m16:01:56.555616 [debug] [MainThread]: Flushing usage events
[0m16:02:30.387562 [debug] [MainThread]: Sending event: {'category': 'dbt', 'action': 'invocation', 'label': 'start', 'context': [<snowplow_tracker.self_describing_json.SelfDescribingJson object at 0x0000018B2D4DF520>, <snowplow_tracker.self_describing_json.SelfDescribingJson object at 0x0000018B30309D50>, <snowplow_tracker.self_describing_json.SelfDescribingJson object at 0x0000018B30308820>]}


============================== 16:02:30.387562 | 5bcee7ba-ac95-4cc0-b967-068017ae0e78 ==============================
[0m16:02:30.387562 [info ] [MainThread]: Running with dbt=1.6.1
[0m16:02:30.387562 [debug] [MainThread]: running dbt with arguments {'target_path': 'None', 'cache_selected_only': 'False', 'use_colors': 'True', 'profiles_dir': 'D:\\DBT CORE\\nyc_parking_violations', 'log_format': 'default', 'warn_error': 'None', 'indirect_selection': 'eager', 'fail_fast': 'False', 'static_parser': 'True', 'send_anonymous_usage_stats': 'True', 'partial_parse': 'True', 'warn_error_options': 'WarnErrorOptions(include=[], exclude=[])', 'log_path': 'D:\\DBT CORE\\nyc_parking_violations\\logs', 'version_check': 'True', 'use_experimental_parser': 'False', 'introspect': 'True', 'quiet': 'False', 'log_cache_events': 'False', 'debug': 'False', 'no_print': 'None', 'invocation_command': 'dbt compile', 'printer_width': '80', 'write_json': 'True'}
[0m16:02:30.523073 [debug] [MainThread]: Sending event: {'category': 'dbt', 'action': 'project_id', 'label': '5bcee7ba-ac95-4cc0-b967-068017ae0e78', 'context': [<snowplow_tracker.self_describing_json.SelfDescribingJson object at 0x0000018B30309AB0>]}
[0m16:02:30.539128 [debug] [MainThread]: Sending event: {'category': 'dbt', 'action': 'adapter_info', 'label': '5bcee7ba-ac95-4cc0-b967-068017ae0e78', 'context': [<snowplow_tracker.self_describing_json.SelfDescribingJson object at 0x0000018B303EAE60>]}
[0m16:02:30.539128 [info ] [MainThread]: Registered adapter: duckdb=1.6.0
[0m16:02:30.551901 [debug] [MainThread]: checksum: efe19d9f5b93d1a98cc804fbfcdb6b3aced98b974af664946fee1cde8837deb7, vars: {}, profile: , target: , version: 1.6.1
[0m16:02:30.623806 [debug] [MainThread]: Partial parsing enabled: 0 files deleted, 0 files added, 1 files changed.
[0m16:02:30.625822 [debug] [MainThread]: Partial parsing: updated file: nyc_parking_violations://models\first_model.sql
[0m16:02:30.659173 [warn ] [MainThread]: [[33mWARNING[0m]: Configuration paths exist in your dbt_project.yml file which do not apply to any resources.
There are 1 unused configuration paths:
- models.nyc_parking_violations.example
[0m16:02:30.659173 [debug] [MainThread]: Sending event: {'category': 'dbt', 'action': 'load_project', 'label': '5bcee7ba-ac95-4cc0-b967-068017ae0e78', 'context': [<snowplow_tracker.self_describing_json.SelfDescribingJson object at 0x0000018B305BEC20>]}
[0m16:02:30.665433 [debug] [MainThread]: Sending event: {'category': 'dbt', 'action': 'resource_counts', 'label': '5bcee7ba-ac95-4cc0-b967-068017ae0e78', 'context': [<snowplow_tracker.self_describing_json.SelfDescribingJson object at 0x0000018B30562AD0>]}
[0m16:02:30.665433 [info ] [MainThread]: Found 1 model, 0 sources, 0 exposures, 0 metrics, 348 macros, 0 groups, 0 semantic models
[0m16:02:30.665433 [debug] [MainThread]: Sending event: {'category': 'dbt', 'action': 'runnable_timing', 'label': '5bcee7ba-ac95-4cc0-b967-068017ae0e78', 'context': [<snowplow_tracker.self_describing_json.SelfDescribingJson object at 0x0000018B30563250>]}
[0m16:02:30.678945 [info ] [MainThread]: 
[0m16:02:30.679984 [debug] [MainThread]: Acquiring new duckdb connection 'master'
[0m16:02:30.682764 [debug] [ThreadPool]: Acquiring new duckdb connection 'list_memory_main'
[0m16:02:30.688226 [debug] [ThreadPool]: Using duckdb connection "list_memory_main"
[0m16:02:30.688226 [debug] [ThreadPool]: On list_memory_main: BEGIN
[0m16:02:30.688226 [debug] [ThreadPool]: Opening a new connection, currently in state init
[0m16:02:30.706142 [debug] [ThreadPool]: SQL status: OK in 0.0 seconds
[0m16:02:30.706142 [debug] [ThreadPool]: Using duckdb connection "list_memory_main"
[0m16:02:30.706142 [debug] [ThreadPool]: On list_memory_main: /* {"app": "dbt", "dbt_version": "1.6.1", "profile_name": "nyc_parking_violations", "target_name": "dev", "connection_name": "list_memory_main"} */
select
      'memory' as database,
      table_name as name,
      table_schema as schema,
      CASE table_type
        WHEN 'BASE TABLE' THEN 'table'
        WHEN 'VIEW' THEN 'view'
        WHEN 'LOCAL TEMPORARY' THEN 'table'
        END as type
    from system.information_schema.tables
    where table_schema = 'main'
    and table_catalog = 'memory'
  
[0m16:02:30.723256 [debug] [ThreadPool]: SQL status: OK in 0.0 seconds
[0m16:02:30.723256 [debug] [ThreadPool]: On list_memory_main: ROLLBACK
[0m16:02:30.723256 [debug] [ThreadPool]: Failed to rollback 'list_memory_main'
[0m16:02:30.723256 [debug] [ThreadPool]: On list_memory_main: Close
[0m16:02:30.723256 [debug] [MainThread]: Sending event: {'category': 'dbt', 'action': 'runnable_timing', 'label': '5bcee7ba-ac95-4cc0-b967-068017ae0e78', 'context': [<snowplow_tracker.self_describing_json.SelfDescribingJson object at 0x0000018B30562D70>]}
[0m16:02:30.723256 [info ] [MainThread]: Concurrency: 1 threads (target='dev')
[0m16:02:30.723256 [info ] [MainThread]: 
[0m16:02:30.737011 [debug] [Thread-1 (]: Began running node model.nyc_parking_violations.first_model
[0m16:02:30.737011 [debug] [Thread-1 (]: Acquiring new duckdb connection 'model.nyc_parking_violations.first_model'
[0m16:02:30.737011 [debug] [Thread-1 (]: Began compiling node model.nyc_parking_violations.first_model
[0m16:02:30.737011 [debug] [Thread-1 (]: Writing injected SQL for node "model.nyc_parking_violations.first_model"
[0m16:02:30.737011 [debug] [Thread-1 (]: Timing info for model.nyc_parking_violations.first_model (compile): 16:02:30.737011 => 16:02:30.737011
[0m16:02:30.737011 [debug] [Thread-1 (]: Began executing node model.nyc_parking_violations.first_model
[0m16:02:30.737011 [debug] [Thread-1 (]: Timing info for model.nyc_parking_violations.first_model (execute): 16:02:30.737011 => 16:02:30.737011
[0m16:02:30.737011 [debug] [Thread-1 (]: Finished running node model.nyc_parking_violations.first_model
[0m16:02:30.751932 [debug] [MainThread]: Connection 'master' was properly closed.
[0m16:02:30.751932 [debug] [MainThread]: Connection 'list_memory_main' was properly closed.
[0m16:02:30.751932 [debug] [MainThread]: Connection 'model.nyc_parking_violations.first_model' was properly closed.
[0m16:02:30.753942 [debug] [MainThread]: Command end result
[0m16:02:30.762622 [debug] [MainThread]: Command `dbt compile` succeeded at 16:02:30.762622 after 0.40 seconds
[0m16:02:30.762622 [debug] [MainThread]: Sending event: {'category': 'dbt', 'action': 'invocation', 'label': 'end', 'context': [<snowplow_tracker.self_describing_json.SelfDescribingJson object at 0x0000018B2D4DF520>, <snowplow_tracker.self_describing_json.SelfDescribingJson object at 0x0000018B303EAE60>, <snowplow_tracker.self_describing_json.SelfDescribingJson object at 0x0000018B30563F10>]}
[0m16:02:30.765464 [debug] [MainThread]: Flushing usage events
[0m16:02:37.178263 [debug] [MainThread]: Sending event: {'category': 'dbt', 'action': 'invocation', 'label': 'start', 'context': [<snowplow_tracker.self_describing_json.SelfDescribingJson object at 0x000001ECDA0EF520>, <snowplow_tracker.self_describing_json.SelfDescribingJson object at 0x000001ECDCF09D50>, <snowplow_tracker.self_describing_json.SelfDescribingJson object at 0x000001ECDCF08820>]}


============================== 16:02:37.178263 | 3ab228ff-7853-465b-a6fc-05dcc2b427fd ==============================
[0m16:02:37.178263 [info ] [MainThread]: Running with dbt=1.6.1
[0m16:02:37.178263 [debug] [MainThread]: running dbt with arguments {'target_path': 'None', 'use_colors': 'True', 'profiles_dir': 'D:\\DBT CORE\\nyc_parking_violations', 'no_print': 'None', 'cache_selected_only': 'False', 'warn_error': 'None', 'static_parser': 'True', 'partial_parse': 'True', 'indirect_selection': 'eager', 'send_anonymous_usage_stats': 'True', 'log_path': 'D:\\DBT CORE\\nyc_parking_violations\\logs', 'warn_error_options': 'WarnErrorOptions(include=[], exclude=[])', 'fail_fast': 'False', 'version_check': 'True', 'use_experimental_parser': 'False', 'quiet': 'False', 'introspect': 'True', 'log_cache_events': 'False', 'debug': 'False', 'log_format': 'default', 'invocation_command': 'dbt run', 'printer_width': '80', 'write_json': 'True'}
[0m16:02:37.304008 [debug] [MainThread]: Sending event: {'category': 'dbt', 'action': 'project_id', 'label': '3ab228ff-7853-465b-a6fc-05dcc2b427fd', 'context': [<snowplow_tracker.self_describing_json.SelfDescribingJson object at 0x000001ECDCF09AB0>]}
[0m16:02:37.319723 [debug] [MainThread]: Sending event: {'category': 'dbt', 'action': 'adapter_info', 'label': '3ab228ff-7853-465b-a6fc-05dcc2b427fd', 'context': [<snowplow_tracker.self_describing_json.SelfDescribingJson object at 0x000001ECDCFEAE60>]}
[0m16:02:37.319723 [info ] [MainThread]: Registered adapter: duckdb=1.6.0
[0m16:02:37.329394 [debug] [MainThread]: checksum: efe19d9f5b93d1a98cc804fbfcdb6b3aced98b974af664946fee1cde8837deb7, vars: {}, profile: , target: , version: 1.6.1
[0m16:02:37.399964 [debug] [MainThread]: Partial parsing enabled: 0 files deleted, 0 files added, 0 files changed.
[0m16:02:37.401518 [debug] [MainThread]: Partial parsing enabled, no changes found, skipping parsing
[0m16:02:37.401518 [warn ] [MainThread]: [[33mWARNING[0m]: Configuration paths exist in your dbt_project.yml file which do not apply to any resources.
There are 1 unused configuration paths:
- models.nyc_parking_violations.example
[0m16:02:37.406352 [debug] [MainThread]: Sending event: {'category': 'dbt', 'action': 'load_project', 'label': '3ab228ff-7853-465b-a6fc-05dcc2b427fd', 'context': [<snowplow_tracker.self_describing_json.SelfDescribingJson object at 0x000001ECDD1A00D0>]}
[0m16:02:37.417631 [debug] [MainThread]: Sending event: {'category': 'dbt', 'action': 'resource_counts', 'label': '3ab228ff-7853-465b-a6fc-05dcc2b427fd', 'context': [<snowplow_tracker.self_describing_json.SelfDescribingJson object at 0x000001ECDD163400>]}
[0m16:02:37.418843 [info ] [MainThread]: Found 1 model, 0 sources, 0 exposures, 0 metrics, 348 macros, 0 groups, 0 semantic models
[0m16:02:37.419628 [debug] [MainThread]: Sending event: {'category': 'dbt', 'action': 'runnable_timing', 'label': '3ab228ff-7853-465b-a6fc-05dcc2b427fd', 'context': [<snowplow_tracker.self_describing_json.SelfDescribingJson object at 0x000001ECDD1741F0>]}
[0m16:02:37.420864 [info ] [MainThread]: 
[0m16:02:37.422549 [debug] [MainThread]: Acquiring new duckdb connection 'master'
[0m16:02:37.423966 [debug] [ThreadPool]: Acquiring new duckdb connection 'list_memory'
[0m16:02:37.433707 [debug] [ThreadPool]: Using duckdb connection "list_memory"
[0m16:02:37.435159 [debug] [ThreadPool]: On list_memory: /* {"app": "dbt", "dbt_version": "1.6.1", "profile_name": "nyc_parking_violations", "target_name": "dev", "connection_name": "list_memory"} */

    
    select schema_name
    from system.information_schema.schemata
    
    where catalog_name = '"memory"'
    
  
  
[0m16:02:37.435159 [debug] [ThreadPool]: Opening a new connection, currently in state init
[0m16:02:37.441450 [debug] [ThreadPool]: SQL status: OK in 0.0 seconds
[0m16:02:37.449793 [debug] [ThreadPool]: On list_memory: Close
[0m16:02:37.449793 [debug] [ThreadPool]: Re-using an available connection from the pool (formerly list_memory, now create_memory_main)
[0m16:02:37.449793 [debug] [ThreadPool]: Creating schema "database: "memory"
schema: "main"
"
[0m16:02:37.458119 [debug] [ThreadPool]: Using duckdb connection "create_memory_main"
[0m16:02:37.458119 [debug] [ThreadPool]: On create_memory_main: BEGIN
[0m16:02:37.458119 [debug] [ThreadPool]: Opening a new connection, currently in state closed
[0m16:02:37.458119 [debug] [ThreadPool]: SQL status: OK in 0.0 seconds
[0m16:02:37.458119 [debug] [ThreadPool]: Using duckdb connection "create_memory_main"
[0m16:02:37.458119 [debug] [ThreadPool]: On create_memory_main: /* {"app": "dbt", "dbt_version": "1.6.1", "profile_name": "nyc_parking_violations", "target_name": "dev", "connection_name": "create_memory_main"} */
create schema if not exists "memory"."main"
[0m16:02:37.458119 [debug] [ThreadPool]: SQL status: OK in 0.0 seconds
[0m16:02:37.458119 [debug] [ThreadPool]: On create_memory_main: COMMIT
[0m16:02:37.458119 [debug] [ThreadPool]: Using duckdb connection "create_memory_main"
[0m16:02:37.458119 [debug] [ThreadPool]: On create_memory_main: COMMIT
[0m16:02:37.458119 [debug] [ThreadPool]: SQL status: OK in 0.0 seconds
[0m16:02:37.458119 [debug] [ThreadPool]: On create_memory_main: Close
[0m16:02:37.458119 [debug] [ThreadPool]: Acquiring new duckdb connection 'list_memory_main'
[0m16:02:37.470591 [debug] [ThreadPool]: Using duckdb connection "list_memory_main"
[0m16:02:37.470591 [debug] [ThreadPool]: On list_memory_main: BEGIN
[0m16:02:37.470591 [debug] [ThreadPool]: Opening a new connection, currently in state init
[0m16:02:37.470591 [debug] [ThreadPool]: SQL status: OK in 0.0 seconds
[0m16:02:37.470591 [debug] [ThreadPool]: Using duckdb connection "list_memory_main"
[0m16:02:37.470591 [debug] [ThreadPool]: On list_memory_main: /* {"app": "dbt", "dbt_version": "1.6.1", "profile_name": "nyc_parking_violations", "target_name": "dev", "connection_name": "list_memory_main"} */
select
      'memory' as database,
      table_name as name,
      table_schema as schema,
      CASE table_type
        WHEN 'BASE TABLE' THEN 'table'
        WHEN 'VIEW' THEN 'view'
        WHEN 'LOCAL TEMPORARY' THEN 'table'
        END as type
    from system.information_schema.tables
    where table_schema = 'main'
    and table_catalog = 'memory'
  
[0m16:02:37.484857 [debug] [ThreadPool]: SQL status: OK in 0.0 seconds
[0m16:02:37.484857 [debug] [ThreadPool]: On list_memory_main: ROLLBACK
[0m16:02:37.484857 [debug] [ThreadPool]: Failed to rollback 'list_memory_main'
[0m16:02:37.484857 [debug] [ThreadPool]: On list_memory_main: Close
[0m16:02:37.490299 [debug] [MainThread]: Sending event: {'category': 'dbt', 'action': 'runnable_timing', 'label': '3ab228ff-7853-465b-a6fc-05dcc2b427fd', 'context': [<snowplow_tracker.self_describing_json.SelfDescribingJson object at 0x000001ECDD1DD360>]}
[0m16:02:37.490299 [debug] [MainThread]: Using duckdb connection "master"
[0m16:02:37.490299 [debug] [MainThread]: On master: BEGIN
[0m16:02:37.490299 [debug] [MainThread]: Opening a new connection, currently in state init
[0m16:02:37.492304 [debug] [MainThread]: SQL status: OK in 0.0 seconds
[0m16:02:37.492304 [debug] [MainThread]: On master: COMMIT
[0m16:02:37.492304 [debug] [MainThread]: Using duckdb connection "master"
[0m16:02:37.492304 [debug] [MainThread]: On master: COMMIT
[0m16:02:37.494308 [debug] [MainThread]: SQL status: OK in 0.0 seconds
[0m16:02:37.494308 [debug] [MainThread]: On master: Close
[0m16:02:37.494308 [info ] [MainThread]: Concurrency: 1 threads (target='dev')
[0m16:02:37.494308 [info ] [MainThread]: 
[0m16:02:37.499624 [debug] [Thread-1 (]: Began running node model.nyc_parking_violations.first_model
[0m16:02:37.499624 [info ] [Thread-1 (]: 1 of 1 START sql view model main.first_model ................................... [RUN]
[0m16:02:37.501775 [debug] [Thread-1 (]: Acquiring new duckdb connection 'model.nyc_parking_violations.first_model'
[0m16:02:37.501775 [debug] [Thread-1 (]: Began compiling node model.nyc_parking_violations.first_model
[0m16:02:37.506920 [debug] [Thread-1 (]: Writing injected SQL for node "model.nyc_parking_violations.first_model"
[0m16:02:37.506920 [debug] [Thread-1 (]: Timing info for model.nyc_parking_violations.first_model (compile): 16:02:37.501775 => 16:02:37.506920
[0m16:02:37.506920 [debug] [Thread-1 (]: Began executing node model.nyc_parking_violations.first_model
[0m16:02:37.534635 [debug] [Thread-1 (]: Writing runtime sql for node "model.nyc_parking_violations.first_model"
[0m16:02:37.534635 [debug] [Thread-1 (]: Using duckdb connection "model.nyc_parking_violations.first_model"
[0m16:02:37.534635 [debug] [Thread-1 (]: On model.nyc_parking_violations.first_model: BEGIN
[0m16:02:37.534635 [debug] [Thread-1 (]: Opening a new connection, currently in state init
[0m16:02:37.534635 [debug] [Thread-1 (]: SQL status: OK in 0.0 seconds
[0m16:02:37.534635 [debug] [Thread-1 (]: Using duckdb connection "model.nyc_parking_violations.first_model"
[0m16:02:37.534635 [debug] [Thread-1 (]: On model.nyc_parking_violations.first_model: /* {"app": "dbt", "dbt_version": "1.6.1", "profile_name": "nyc_parking_violations", "target_name": "dev", "node_id": "model.nyc_parking_violations.first_model"} */

  
  create view "memory"."main"."first_model__dbt_tmp" as (
    SELECT * FROM parking_violation_codes
  );

[0m16:02:37.534635 [debug] [Thread-1 (]: Timing info for model.nyc_parking_violations.first_model (execute): 16:02:37.506920 => 16:02:37.534635
[0m16:02:37.534635 [debug] [Thread-1 (]: On model.nyc_parking_violations.first_model: ROLLBACK
[0m16:02:37.534635 [debug] [Thread-1 (]: Failed to rollback 'model.nyc_parking_violations.first_model'
[0m16:02:37.534635 [debug] [Thread-1 (]: On model.nyc_parking_violations.first_model: Close
[0m16:02:37.534635 [debug] [Thread-1 (]: Runtime Error in model first_model (models\first_model.sql)
  Catalog Error: Table with name parking_violation_codes does not exist!
  Did you mean "pg_constraint"?
  
  LINE 5:     SELECT * FROM parking_violation_codes
                            ^
[0m16:02:37.549024 [debug] [Thread-1 (]: Sending event: {'category': 'dbt', 'action': 'run_model', 'label': '3ab228ff-7853-465b-a6fc-05dcc2b427fd', 'context': [<snowplow_tracker.self_describing_json.SelfDescribingJson object at 0x000001ECDD1932E0>]}
[0m16:02:37.550242 [error] [Thread-1 (]: 1 of 1 ERROR creating sql view model main.first_model .......................... [[31mERROR[0m in 0.05s]
[0m16:02:37.550964 [debug] [Thread-1 (]: Finished running node model.nyc_parking_violations.first_model
[0m16:02:37.552798 [debug] [MainThread]: Using duckdb connection "master"
[0m16:02:37.552798 [debug] [MainThread]: On master: BEGIN
[0m16:02:37.552798 [debug] [MainThread]: Opening a new connection, currently in state closed
[0m16:02:37.552798 [debug] [MainThread]: SQL status: OK in 0.0 seconds
[0m16:02:37.552798 [debug] [MainThread]: On master: COMMIT
[0m16:02:37.552798 [debug] [MainThread]: Using duckdb connection "master"
[0m16:02:37.552798 [debug] [MainThread]: On master: COMMIT
[0m16:02:37.552798 [debug] [MainThread]: SQL status: OK in 0.0 seconds
[0m16:02:37.557157 [debug] [MainThread]: On master: Close
[0m16:02:37.557157 [debug] [MainThread]: Connection 'master' was properly closed.
[0m16:02:37.557157 [debug] [MainThread]: Connection 'create_memory_main' was properly closed.
[0m16:02:37.557157 [debug] [MainThread]: Connection 'list_memory_main' was properly closed.
[0m16:02:37.557157 [debug] [MainThread]: Connection 'model.nyc_parking_violations.first_model' was properly closed.
[0m16:02:37.557157 [info ] [MainThread]: 
[0m16:02:37.560773 [info ] [MainThread]: Finished running 1 view model in 0 hours 0 minutes and 0.13 seconds (0.13s).
[0m16:02:37.562000 [debug] [MainThread]: Command end result
[0m16:02:37.571196 [info ] [MainThread]: 
[0m16:02:37.571196 [info ] [MainThread]: [31mCompleted with 1 error and 0 warnings:[0m
[0m16:02:37.574707 [info ] [MainThread]: 
[0m16:02:37.574707 [error] [MainThread]: [33mRuntime Error in model first_model (models\first_model.sql)[0m
[0m16:02:37.574707 [error] [MainThread]:   Catalog Error: Table with name parking_violation_codes does not exist!
[0m16:02:37.574707 [error] [MainThread]:   Did you mean "pg_constraint"?
[0m16:02:37.574707 [error] [MainThread]:   
[0m16:02:37.574707 [error] [MainThread]:   LINE 5:     SELECT * FROM parking_violation_codes
[0m16:02:37.574707 [error] [MainThread]:                             ^
[0m16:02:37.579560 [info ] [MainThread]: 
[0m16:02:37.581056 [info ] [MainThread]: Done. PASS=0 WARN=0 ERROR=1 SKIP=0 TOTAL=1
[0m16:02:37.581056 [debug] [MainThread]: Command `dbt run` failed at 16:02:37.581056 after 0.43 seconds
[0m16:02:37.581056 [debug] [MainThread]: Sending event: {'category': 'dbt', 'action': 'invocation', 'label': 'end', 'context': [<snowplow_tracker.self_describing_json.SelfDescribingJson object at 0x000001ECDA0EF520>, <snowplow_tracker.self_describing_json.SelfDescribingJson object at 0x000001ECDD163BE0>, <snowplow_tracker.self_describing_json.SelfDescribingJson object at 0x000001ECDD1636D0>]}
[0m16:02:37.582807 [debug] [MainThread]: Flushing usage events
[0m16:05:27.244850 [debug] [MainThread]: Sending event: {'category': 'dbt', 'action': 'invocation', 'label': 'start', 'context': [<snowplow_tracker.self_describing_json.SelfDescribingJson object at 0x000001B3CB26F490>, <snowplow_tracker.self_describing_json.SelfDescribingJson object at 0x000001B3CE079E10>, <snowplow_tracker.self_describing_json.SelfDescribingJson object at 0x000001B3CE0788E0>]}


============================== 16:05:27.251172 | f4423603-40c6-4d51-b976-897f63cbf23b ==============================
[0m16:05:27.251172 [info ] [MainThread]: Running with dbt=1.6.1
[0m16:05:27.251172 [debug] [MainThread]: running dbt with arguments {'cache_selected_only': 'False', 'log_format': 'default', 'no_print': 'None', 'write_json': 'True', 'use_colors': 'True', 'warn_error': 'None', 'indirect_selection': 'eager', 'partial_parse': 'True', 'static_parser': 'True', 'send_anonymous_usage_stats': 'True', 'log_path': 'D:\\DBT CORE\\nyc_parking_violations\\logs', 'warn_error_options': 'WarnErrorOptions(include=[], exclude=[])', 'fail_fast': 'False', 'use_experimental_parser': 'False', 'version_check': 'True', 'introspect': 'True', 'quiet': 'False', 'log_cache_events': 'False', 'debug': 'False', 'profiles_dir': 'D:\\DBT CORE\\nyc_parking_violations', 'invocation_command': 'dbt run', 'printer_width': '80', 'target_path': 'None'}
[0m16:05:27.381368 [debug] [MainThread]: Sending event: {'category': 'dbt', 'action': 'project_id', 'label': 'f4423603-40c6-4d51-b976-897f63cbf23b', 'context': [<snowplow_tracker.self_describing_json.SelfDescribingJson object at 0x000001B3CE079B70>]}
[0m16:05:27.391281 [debug] [MainThread]: Sending event: {'category': 'dbt', 'action': 'adapter_info', 'label': 'f4423603-40c6-4d51-b976-897f63cbf23b', 'context': [<snowplow_tracker.self_describing_json.SelfDescribingJson object at 0x000001B3CE15AD70>]}
[0m16:05:27.391281 [info ] [MainThread]: Registered adapter: duckdb=1.6.0
[0m16:05:27.404697 [debug] [MainThread]: checksum: efe19d9f5b93d1a98cc804fbfcdb6b3aced98b974af664946fee1cde8837deb7, vars: {}, profile: , target: , version: 1.6.1
[0m16:05:27.411127 [info ] [MainThread]: Unable to do partial parsing because profile has changed
[0m16:05:27.413067 [debug] [MainThread]: Sending event: {'category': 'dbt', 'action': 'partial_parser', 'label': 'f4423603-40c6-4d51-b976-897f63cbf23b', 'context': [<snowplow_tracker.self_describing_json.SelfDescribingJson object at 0x000001B3CE15BBE0>]}
[0m16:05:28.030970 [warn ] [MainThread]: [[33mWARNING[0m]: Configuration paths exist in your dbt_project.yml file which do not apply to any resources.
There are 1 unused configuration paths:
- models.nyc_parking_violations.example
[0m16:05:28.043447 [debug] [MainThread]: Sending event: {'category': 'dbt', 'action': 'load_project', 'label': 'f4423603-40c6-4d51-b976-897f63cbf23b', 'context': [<snowplow_tracker.self_describing_json.SelfDescribingJson object at 0x000001B3CE1362F0>]}
[0m16:05:28.052937 [debug] [MainThread]: Sending event: {'category': 'dbt', 'action': 'resource_counts', 'label': 'f4423603-40c6-4d51-b976-897f63cbf23b', 'context': [<snowplow_tracker.self_describing_json.SelfDescribingJson object at 0x000001B3CE3065F0>]}
[0m16:05:28.054542 [info ] [MainThread]: Found 1 model, 0 sources, 0 exposures, 0 metrics, 348 macros, 0 groups, 0 semantic models
[0m16:05:28.056045 [debug] [MainThread]: Sending event: {'category': 'dbt', 'action': 'runnable_timing', 'label': 'f4423603-40c6-4d51-b976-897f63cbf23b', 'context': [<snowplow_tracker.self_describing_json.SelfDescribingJson object at 0x000001B3CE135240>]}
[0m16:05:28.057232 [info ] [MainThread]: 
[0m16:05:28.059200 [debug] [MainThread]: Acquiring new duckdb connection 'master'
[0m16:05:28.061740 [debug] [ThreadPool]: Acquiring new duckdb connection 'list_nyc_parking_violations'
[0m16:05:28.071335 [debug] [ThreadPool]: Using duckdb connection "list_nyc_parking_violations"
[0m16:05:28.071335 [debug] [ThreadPool]: On list_nyc_parking_violations: /* {"app": "dbt", "dbt_version": "1.6.1", "profile_name": "nyc_parking_violations", "target_name": "dev", "connection_name": "list_nyc_parking_violations"} */

    
    select schema_name
    from system.information_schema.schemata
    
    where catalog_name = '"nyc_parking_violations"'
    
  
  
[0m16:05:28.071335 [debug] [ThreadPool]: Opening a new connection, currently in state init
[0m16:05:28.086750 [debug] [ThreadPool]: SQL status: OK in 0.0 seconds
[0m16:05:28.090793 [debug] [ThreadPool]: On list_nyc_parking_violations: Close
[0m16:05:28.094118 [debug] [ThreadPool]: Re-using an available connection from the pool (formerly list_nyc_parking_violations, now create_nyc_parking_violations_main)
[0m16:05:28.094118 [debug] [ThreadPool]: Creating schema "database: "nyc_parking_violations"
schema: "main"
"
[0m16:05:28.094118 [debug] [ThreadPool]: Using duckdb connection "create_nyc_parking_violations_main"
[0m16:05:28.101212 [debug] [ThreadPool]: On create_nyc_parking_violations_main: BEGIN
[0m16:05:28.101212 [debug] [ThreadPool]: Opening a new connection, currently in state closed
[0m16:05:28.111142 [debug] [ThreadPool]: SQL status: OK in 0.0 seconds
[0m16:05:28.111142 [debug] [ThreadPool]: Using duckdb connection "create_nyc_parking_violations_main"
[0m16:05:28.111142 [debug] [ThreadPool]: On create_nyc_parking_violations_main: /* {"app": "dbt", "dbt_version": "1.6.1", "profile_name": "nyc_parking_violations", "target_name": "dev", "connection_name": "create_nyc_parking_violations_main"} */
create schema if not exists "nyc_parking_violations"."main"
[0m16:05:28.111142 [debug] [ThreadPool]: SQL status: OK in 0.0 seconds
[0m16:05:28.111142 [debug] [ThreadPool]: On create_nyc_parking_violations_main: COMMIT
[0m16:05:28.111142 [debug] [ThreadPool]: Using duckdb connection "create_nyc_parking_violations_main"
[0m16:05:28.111142 [debug] [ThreadPool]: On create_nyc_parking_violations_main: COMMIT
[0m16:05:28.111142 [debug] [ThreadPool]: SQL status: OK in 0.0 seconds
[0m16:05:28.111142 [debug] [ThreadPool]: On create_nyc_parking_violations_main: Close
[0m16:05:28.121196 [debug] [ThreadPool]: Acquiring new duckdb connection 'list_nyc_parking_violations_main'
[0m16:05:28.128848 [debug] [ThreadPool]: Using duckdb connection "list_nyc_parking_violations_main"
[0m16:05:28.130854 [debug] [ThreadPool]: On list_nyc_parking_violations_main: BEGIN
[0m16:05:28.130854 [debug] [ThreadPool]: Opening a new connection, currently in state init
[0m16:05:28.145615 [debug] [ThreadPool]: SQL status: OK in 0.0 seconds
[0m16:05:28.145615 [debug] [ThreadPool]: Using duckdb connection "list_nyc_parking_violations_main"
[0m16:05:28.145615 [debug] [ThreadPool]: On list_nyc_parking_violations_main: /* {"app": "dbt", "dbt_version": "1.6.1", "profile_name": "nyc_parking_violations", "target_name": "dev", "connection_name": "list_nyc_parking_violations_main"} */
select
      'nyc_parking_violations' as database,
      table_name as name,
      table_schema as schema,
      CASE table_type
        WHEN 'BASE TABLE' THEN 'table'
        WHEN 'VIEW' THEN 'view'
        WHEN 'LOCAL TEMPORARY' THEN 'table'
        END as type
    from system.information_schema.tables
    where table_schema = 'main'
    and table_catalog = 'nyc_parking_violations'
  
[0m16:05:28.160993 [debug] [ThreadPool]: SQL status: OK in 0.0 seconds
[0m16:05:28.160993 [debug] [ThreadPool]: On list_nyc_parking_violations_main: ROLLBACK
[0m16:05:28.160993 [debug] [ThreadPool]: Failed to rollback 'list_nyc_parking_violations_main'
[0m16:05:28.160993 [debug] [ThreadPool]: On list_nyc_parking_violations_main: Close
[0m16:05:28.167544 [debug] [MainThread]: Sending event: {'category': 'dbt', 'action': 'runnable_timing', 'label': 'f4423603-40c6-4d51-b976-897f63cbf23b', 'context': [<snowplow_tracker.self_describing_json.SelfDescribingJson object at 0x000001B3CE3AC280>]}
[0m16:05:28.167544 [debug] [MainThread]: Using duckdb connection "master"
[0m16:05:28.167544 [debug] [MainThread]: On master: BEGIN
[0m16:05:28.167544 [debug] [MainThread]: Opening a new connection, currently in state init
[0m16:05:28.180953 [debug] [MainThread]: SQL status: OK in 0.0 seconds
[0m16:05:28.180953 [debug] [MainThread]: On master: COMMIT
[0m16:05:28.180953 [debug] [MainThread]: Using duckdb connection "master"
[0m16:05:28.180953 [debug] [MainThread]: On master: COMMIT
[0m16:05:28.180953 [debug] [MainThread]: SQL status: OK in 0.0 seconds
[0m16:05:28.180953 [debug] [MainThread]: On master: Close
[0m16:05:28.184884 [info ] [MainThread]: Concurrency: 1 threads (target='dev')
[0m16:05:28.184884 [info ] [MainThread]: 
[0m16:05:28.184884 [debug] [Thread-1 (]: Began running node model.nyc_parking_violations.first_model
[0m16:05:28.184884 [info ] [Thread-1 (]: 1 of 1 START sql view model main.first_model ................................... [RUN]
[0m16:05:28.192252 [debug] [Thread-1 (]: Acquiring new duckdb connection 'model.nyc_parking_violations.first_model'
[0m16:05:28.192902 [debug] [Thread-1 (]: Began compiling node model.nyc_parking_violations.first_model
[0m16:05:28.201152 [debug] [Thread-1 (]: Writing injected SQL for node "model.nyc_parking_violations.first_model"
[0m16:05:28.201152 [debug] [Thread-1 (]: Timing info for model.nyc_parking_violations.first_model (compile): 16:05:28.193368 => 16:05:28.201152
[0m16:05:28.201152 [debug] [Thread-1 (]: Began executing node model.nyc_parking_violations.first_model
[0m16:05:28.231084 [debug] [Thread-1 (]: Writing runtime sql for node "model.nyc_parking_violations.first_model"
[0m16:05:28.231084 [debug] [Thread-1 (]: Using duckdb connection "model.nyc_parking_violations.first_model"
[0m16:05:28.231084 [debug] [Thread-1 (]: On model.nyc_parking_violations.first_model: BEGIN
[0m16:05:28.235598 [debug] [Thread-1 (]: Opening a new connection, currently in state init
[0m16:05:28.245723 [debug] [Thread-1 (]: SQL status: OK in 0.0 seconds
[0m16:05:28.245723 [debug] [Thread-1 (]: Using duckdb connection "model.nyc_parking_violations.first_model"
[0m16:05:28.251365 [debug] [Thread-1 (]: On model.nyc_parking_violations.first_model: /* {"app": "dbt", "dbt_version": "1.6.1", "profile_name": "nyc_parking_violations", "target_name": "dev", "node_id": "model.nyc_parking_violations.first_model"} */

  
  create view "nyc_parking_violations"."main"."first_model__dbt_tmp" as (
    SELECT * FROM parking_violation_codes
  );

[0m16:05:28.251365 [debug] [Thread-1 (]: SQL status: OK in 0.0 seconds
[0m16:05:28.259036 [debug] [Thread-1 (]: Using duckdb connection "model.nyc_parking_violations.first_model"
[0m16:05:28.259036 [debug] [Thread-1 (]: On model.nyc_parking_violations.first_model: /* {"app": "dbt", "dbt_version": "1.6.1", "profile_name": "nyc_parking_violations", "target_name": "dev", "node_id": "model.nyc_parking_violations.first_model"} */
alter view "nyc_parking_violations"."main"."first_model__dbt_tmp" rename to "first_model"
[0m16:05:28.261097 [debug] [Thread-1 (]: SQL status: OK in 0.0 seconds
[0m16:05:28.270839 [debug] [Thread-1 (]: On model.nyc_parking_violations.first_model: COMMIT
[0m16:05:28.272585 [debug] [Thread-1 (]: Using duckdb connection "model.nyc_parking_violations.first_model"
[0m16:05:28.272585 [debug] [Thread-1 (]: On model.nyc_parking_violations.first_model: COMMIT
[0m16:05:28.312946 [debug] [Thread-1 (]: SQL status: OK in 0.0 seconds
[0m16:05:28.321017 [debug] [Thread-1 (]: Using duckdb connection "model.nyc_parking_violations.first_model"
[0m16:05:28.321017 [debug] [Thread-1 (]: On model.nyc_parking_violations.first_model: /* {"app": "dbt", "dbt_version": "1.6.1", "profile_name": "nyc_parking_violations", "target_name": "dev", "node_id": "model.nyc_parking_violations.first_model"} */
drop view if exists "nyc_parking_violations"."main"."first_model__dbt_backup" cascade
[0m16:05:28.321017 [debug] [Thread-1 (]: SQL status: OK in 0.0 seconds
[0m16:05:28.321017 [debug] [Thread-1 (]: Timing info for model.nyc_parking_violations.first_model (execute): 16:05:28.201152 => 16:05:28.321017
[0m16:05:28.321017 [debug] [Thread-1 (]: On model.nyc_parking_violations.first_model: Close
[0m16:05:28.345941 [debug] [Thread-1 (]: Sending event: {'category': 'dbt', 'action': 'run_model', 'label': 'f4423603-40c6-4d51-b976-897f63cbf23b', 'context': [<snowplow_tracker.self_describing_json.SelfDescribingJson object at 0x000001B3CE305D20>]}
[0m16:05:28.345941 [info ] [Thread-1 (]: 1 of 1 OK created sql view model main.first_model .............................. [[32mOK[0m in 0.15s]
[0m16:05:28.345941 [debug] [Thread-1 (]: Finished running node model.nyc_parking_violations.first_model
[0m16:05:28.350985 [debug] [MainThread]: Using duckdb connection "master"
[0m16:05:28.350985 [debug] [MainThread]: On master: BEGIN
[0m16:05:28.350985 [debug] [MainThread]: Opening a new connection, currently in state closed
[0m16:05:28.365956 [debug] [MainThread]: SQL status: OK in 0.0 seconds
[0m16:05:28.365956 [debug] [MainThread]: On master: COMMIT
[0m16:05:28.365956 [debug] [MainThread]: Using duckdb connection "master"
[0m16:05:28.368862 [debug] [MainThread]: On master: COMMIT
[0m16:05:28.368862 [debug] [MainThread]: SQL status: OK in 0.0 seconds
[0m16:05:28.368862 [debug] [MainThread]: On master: Close
[0m16:05:28.370991 [debug] [MainThread]: Connection 'master' was properly closed.
[0m16:05:28.370991 [debug] [MainThread]: Connection 'create_nyc_parking_violations_main' was properly closed.
[0m16:05:28.370991 [debug] [MainThread]: Connection 'list_nyc_parking_violations_main' was properly closed.
[0m16:05:28.370991 [debug] [MainThread]: Connection 'model.nyc_parking_violations.first_model' was properly closed.
[0m16:05:28.374651 [info ] [MainThread]: 
[0m16:05:28.375885 [info ] [MainThread]: Finished running 1 view model in 0 hours 0 minutes and 0.32 seconds (0.32s).
[0m16:05:28.375885 [debug] [MainThread]: Command end result
[0m16:05:28.384995 [info ] [MainThread]: 
[0m16:05:28.384995 [info ] [MainThread]: [32mCompleted successfully[0m
[0m16:05:28.384995 [info ] [MainThread]: 
[0m16:05:28.384995 [info ] [MainThread]: Done. PASS=1 WARN=0 ERROR=0 SKIP=0 TOTAL=1
[0m16:05:28.389351 [debug] [MainThread]: Command `dbt run` succeeded at 16:05:28.389351 after 1.17 seconds
[0m16:05:28.389351 [debug] [MainThread]: Sending event: {'category': 'dbt', 'action': 'invocation', 'label': 'end', 'context': [<snowplow_tracker.self_describing_json.SelfDescribingJson object at 0x000001B3CB26F490>, <snowplow_tracker.self_describing_json.SelfDescribingJson object at 0x000001B3CE3E8DF0>, <snowplow_tracker.self_describing_json.SelfDescribingJson object at 0x000001B3CE1E5EA0>]}
[0m16:05:28.390860 [debug] [MainThread]: Flushing usage events
[0m16:11:47.815157 [debug] [MainThread]: Sending event: {'category': 'dbt', 'action': 'invocation', 'label': 'start', 'context': [<snowplow_tracker.self_describing_json.SelfDescribingJson object at 0x000002F84AD5F520>, <snowplow_tracker.self_describing_json.SelfDescribingJson object at 0x000002F84DB29CF0>, <snowplow_tracker.self_describing_json.SelfDescribingJson object at 0x000002F84DB29270>]}


============================== 16:11:47.830941 | 6e261ec3-61f4-49a9-b046-7edd4fa7eb53 ==============================
[0m16:11:47.830941 [info ] [MainThread]: Running with dbt=1.6.1
[0m16:11:47.830941 [debug] [MainThread]: running dbt with arguments {'use_colors': 'True', 'target_path': 'None', 'log_format': 'default', 'no_print': 'None', 'cache_selected_only': 'False', 'warn_error': 'None', 'log_path': 'D:\\DBT CORE\\nyc_parking_violations\\logs', 'partial_parse': 'True', 'static_parser': 'True', 'send_anonymous_usage_stats': 'True', 'indirect_selection': 'eager', 'warn_error_options': 'WarnErrorOptions(include=[], exclude=[])', 'fail_fast': 'False', 'version_check': 'True', 'use_experimental_parser': 'False', 'quiet': 'False', 'introspect': 'True', 'log_cache_events': 'False', 'debug': 'False', 'profiles_dir': 'D:\\DBT CORE\\nyc_parking_violations', 'invocation_command': 'dbt debug', 'printer_width': '80', 'write_json': 'True'}
[0m16:11:47.830941 [info ] [MainThread]: dbt version: 1.6.1
[0m16:11:47.830941 [info ] [MainThread]: python version: 3.10.8
[0m16:11:47.830941 [info ] [MainThread]: python path: C:\Users\Manjiri\AppData\Local\Programs\Python\Python310\python.exe
[0m16:11:47.830941 [info ] [MainThread]: os info: Windows-10-10.0.26200-SP0
[0m16:11:47.913716 [info ] [MainThread]: Using profiles dir at D:\DBT CORE\nyc_parking_violations
[0m16:11:47.913716 [info ] [MainThread]: Using profiles.yml file at D:\DBT CORE\nyc_parking_violations\profiles.yml
[0m16:11:47.913716 [info ] [MainThread]: Using dbt_project.yml file at D:\DBT CORE\nyc_parking_violations\dbt_project.yml
[0m16:11:47.913716 [info ] [MainThread]: adapter type: duckdb
[0m16:11:47.913716 [info ] [MainThread]: adapter version: 1.6.0
[0m16:11:47.935034 [info ] [MainThread]: Configuration:
[0m16:11:47.935034 [info ] [MainThread]:   profiles.yml file [[32mOK found and valid[0m]
[0m16:11:47.935034 [info ] [MainThread]:   dbt_project.yml file [[32mOK found and valid[0m]
[0m16:11:47.941729 [info ] [MainThread]: Required dependencies:
[0m16:11:47.942541 [debug] [MainThread]: Executing "git --help"
[0m16:11:47.984638 [debug] [MainThread]: STDOUT: "b"usage: git [-v | --version] [-h | --help] [-C <path>] [-c <name>=<value>]\n           [--exec-path[=<path>]] [--html-path] [--man-path] [--info-path]\n           [-p | --paginate | -P | --no-pager] [--no-replace-objects] [--bare]\n           [--git-dir=<path>] [--work-tree=<path>] [--namespace=<name>]\n           [--config-env=<name>=<envvar>] <command> [<args>]\n\nThese are common Git commands used in various situations:\n\nstart a working area (see also: git help tutorial)\n   clone     Clone a repository into a new directory\n   init      Create an empty Git repository or reinitialize an existing one\n\nwork on the current change (see also: git help everyday)\n   add       Add file contents to the index\n   mv        Move or rename a file, a directory, or a symlink\n   restore   Restore working tree files\n   rm        Remove files from the working tree and from the index\n\nexamine the history and state (see also: git help revisions)\n   bisect    Use binary search to find the commit that introduced a bug\n   diff      Show changes between commits, commit and working tree, etc\n   grep      Print lines matching a pattern\n   log       Show commit logs\n   show      Show various types of objects\n   status    Show the working tree status\n\ngrow, mark and tweak your common history\n   branch    List, create, or delete branches\n   commit    Record changes to the repository\n   merge     Join two or more development histories together\n   rebase    Reapply commits on top of another base tip\n   reset     Reset current HEAD to the specified state\n   switch    Switch branches\n   tag       Create, list, delete or verify a tag object signed with GPG\n\ncollaborate (see also: git help workflows)\n   fetch     Download objects and refs from another repository\n   pull      Fetch from and integrate with another repository or a local branch\n   push      Update remote refs along with associated objects\n\n'git help -a' and 'git help -g' list available subcommands and some\nconcept guides. See 'git help <command>' or 'git help <concept>'\nto read about a specific subcommand or concept.\nSee 'git help git' for an overview of the system.\n""
[0m16:11:47.984638 [debug] [MainThread]: STDERR: "b''"
[0m16:11:47.984638 [info ] [MainThread]:  - git [[32mOK found[0m]

[0m16:11:47.984638 [info ] [MainThread]: Connection:
[0m16:11:47.984638 [info ] [MainThread]:   database: nyc_parking_violations
[0m16:11:47.990603 [info ] [MainThread]:   schema: main
[0m16:11:47.990603 [info ] [MainThread]:   path: ../data/nyc_parking_violations.db
[0m16:11:47.990603 [info ] [MainThread]:   config_options: None
[0m16:11:47.990603 [info ] [MainThread]:   extensions: None
[0m16:11:47.990603 [info ] [MainThread]:   settings: None
[0m16:11:47.995196 [info ] [MainThread]:   external_root: .
[0m16:11:47.995196 [info ] [MainThread]:   use_credential_provider: None
[0m16:11:47.995196 [info ] [MainThread]:   attach: None
[0m16:11:47.995196 [info ] [MainThread]:   filesystems: None
[0m16:11:47.998207 [info ] [MainThread]:   remote: None
[0m16:11:47.998207 [info ] [MainThread]:   plugins: None
[0m16:11:48.000214 [info ] [MainThread]:   disable_transactions: False
[0m16:11:48.001580 [info ] [MainThread]: Registered adapter: duckdb=1.6.0
[0m16:11:48.002353 [debug] [MainThread]: Acquiring new duckdb connection 'debug'
[0m16:11:48.002353 [debug] [MainThread]: Using duckdb connection "debug"
[0m16:11:48.002353 [debug] [MainThread]: On debug: select 1 as id
[0m16:11:48.004361 [debug] [MainThread]: Opening a new connection, currently in state init
[0m16:11:48.011773 [debug] [MainThread]: SQL status: OK in 0.0 seconds
[0m16:11:48.011773 [debug] [MainThread]: On debug: Close
[0m16:11:48.011773 [info ] [MainThread]:   Connection test: [[32mOK connection ok[0m]

[0m16:11:48.011773 [info ] [MainThread]: [32mAll checks passed![0m
[0m16:11:48.011773 [debug] [MainThread]: Command `dbt debug` succeeded at 16:11:48.011773 after 0.22 seconds
[0m16:11:48.025154 [debug] [MainThread]: Connection 'debug' was properly closed.
[0m16:11:48.025154 [debug] [MainThread]: Sending event: {'category': 'dbt', 'action': 'invocation', 'label': 'end', 'context': [<snowplow_tracker.self_describing_json.SelfDescribingJson object at 0x000002F84AD5F520>, <snowplow_tracker.self_describing_json.SelfDescribingJson object at 0x000002F84DC269B0>, <snowplow_tracker.self_describing_json.SelfDescribingJson object at 0x000002F84DC258A0>]}
[0m16:11:48.025154 [debug] [MainThread]: Flushing usage events
[0m16:11:55.945778 [debug] [MainThread]: Sending event: {'category': 'dbt', 'action': 'invocation', 'label': 'start', 'context': [<snowplow_tracker.self_describing_json.SelfDescribingJson object at 0x000002CBC02EF4F0>, <snowplow_tracker.self_describing_json.SelfDescribingJson object at 0x000002CBC3109D80>, <snowplow_tracker.self_describing_json.SelfDescribingJson object at 0x000002CBC3108850>]}


============================== 16:11:55.962415 | e44bbe19-c4bb-4f09-8e7c-ec6966e5e920 ==============================
[0m16:11:55.962415 [info ] [MainThread]: Running with dbt=1.6.1
[0m16:11:55.963921 [debug] [MainThread]: running dbt with arguments {'no_print': 'None', 'printer_width': '80', 'write_json': 'True', 'use_colors': 'True', 'log_format': 'default', 'warn_error': 'None', 'static_parser': 'True', 'partial_parse': 'True', 'log_path': 'D:\\DBT CORE\\nyc_parking_violations\\logs', 'send_anonymous_usage_stats': 'True', 'fail_fast': 'False', 'warn_error_options': 'WarnErrorOptions(include=[], exclude=[])', 'indirect_selection': 'eager', 'use_experimental_parser': 'False', 'version_check': 'True', 'introspect': 'True', 'quiet': 'False', 'log_cache_events': 'False', 'debug': 'False', 'profiles_dir': 'D:\\DBT CORE\\nyc_parking_violations', 'invocation_command': 'dbt compile', 'cache_selected_only': 'False', 'target_path': 'None'}
[0m16:11:56.081766 [debug] [MainThread]: Sending event: {'category': 'dbt', 'action': 'project_id', 'label': 'e44bbe19-c4bb-4f09-8e7c-ec6966e5e920', 'context': [<snowplow_tracker.self_describing_json.SelfDescribingJson object at 0x000002CBC3109AE0>]}
[0m16:11:56.097557 [debug] [MainThread]: Sending event: {'category': 'dbt', 'action': 'adapter_info', 'label': 'e44bbe19-c4bb-4f09-8e7c-ec6966e5e920', 'context': [<snowplow_tracker.self_describing_json.SelfDescribingJson object at 0x000002CBC31EADA0>]}
[0m16:11:56.097557 [info ] [MainThread]: Registered adapter: duckdb=1.6.0
[0m16:11:56.103370 [debug] [MainThread]: checksum: efe19d9f5b93d1a98cc804fbfcdb6b3aced98b974af664946fee1cde8837deb7, vars: {}, profile: , target: , version: 1.6.1
[0m16:11:56.166071 [debug] [MainThread]: Partial parsing enabled: 1 files deleted, 1 files added, 0 files changed.
[0m16:11:56.166071 [debug] [MainThread]: Partial parsing: added file: nyc_parking_violations://models\example\first_model.sql
[0m16:11:56.174176 [debug] [MainThread]: Partial parsing: deleted file: nyc_parking_violations://models\first_model.sql
[0m16:11:56.198308 [debug] [MainThread]: Sending event: {'category': 'dbt', 'action': 'load_project', 'label': 'e44bbe19-c4bb-4f09-8e7c-ec6966e5e920', 'context': [<snowplow_tracker.self_describing_json.SelfDescribingJson object at 0x000002CBC33BE5F0>]}
[0m16:11:56.214426 [debug] [MainThread]: Sending event: {'category': 'dbt', 'action': 'resource_counts', 'label': 'e44bbe19-c4bb-4f09-8e7c-ec6966e5e920', 'context': [<snowplow_tracker.self_describing_json.SelfDescribingJson object at 0x000002CBC3363250>]}
[0m16:11:56.214426 [info ] [MainThread]: Found 1 model, 0 sources, 0 exposures, 0 metrics, 348 macros, 0 groups, 0 semantic models
[0m16:11:56.214426 [debug] [MainThread]: Sending event: {'category': 'dbt', 'action': 'runnable_timing', 'label': 'e44bbe19-c4bb-4f09-8e7c-ec6966e5e920', 'context': [<snowplow_tracker.self_describing_json.SelfDescribingJson object at 0x000002CBC3362A10>]}
[0m16:11:56.214426 [info ] [MainThread]: 
[0m16:11:56.214426 [debug] [MainThread]: Acquiring new duckdb connection 'master'
[0m16:11:56.214426 [debug] [ThreadPool]: Acquiring new duckdb connection 'list_nyc_parking_violations_main'
[0m16:11:56.235647 [debug] [ThreadPool]: Using duckdb connection "list_nyc_parking_violations_main"
[0m16:11:56.235647 [debug] [ThreadPool]: On list_nyc_parking_violations_main: BEGIN
[0m16:11:56.235647 [debug] [ThreadPool]: Opening a new connection, currently in state init
[0m16:11:56.243246 [debug] [ThreadPool]: SQL status: OK in 0.0 seconds
[0m16:11:56.243246 [debug] [ThreadPool]: Using duckdb connection "list_nyc_parking_violations_main"
[0m16:11:56.243246 [debug] [ThreadPool]: On list_nyc_parking_violations_main: /* {"app": "dbt", "dbt_version": "1.6.1", "profile_name": "nyc_parking_violations", "target_name": "dev", "connection_name": "list_nyc_parking_violations_main"} */
select
      'nyc_parking_violations' as database,
      table_name as name,
      table_schema as schema,
      CASE table_type
        WHEN 'BASE TABLE' THEN 'table'
        WHEN 'VIEW' THEN 'view'
        WHEN 'LOCAL TEMPORARY' THEN 'table'
        END as type
    from system.information_schema.tables
    where table_schema = 'main'
    and table_catalog = 'nyc_parking_violations'
  
[0m16:11:56.268026 [debug] [ThreadPool]: SQL status: OK in 0.0 seconds
[0m16:11:56.292380 [debug] [ThreadPool]: On list_nyc_parking_violations_main: ROLLBACK
[0m16:11:56.292380 [debug] [ThreadPool]: Failed to rollback 'list_nyc_parking_violations_main'
[0m16:11:56.292380 [debug] [ThreadPool]: On list_nyc_parking_violations_main: Close
[0m16:11:56.300469 [debug] [MainThread]: Sending event: {'category': 'dbt', 'action': 'runnable_timing', 'label': 'e44bbe19-c4bb-4f09-8e7c-ec6966e5e920', 'context': [<snowplow_tracker.self_describing_json.SelfDescribingJson object at 0x000002CBC33BC100>]}
[0m16:11:56.300469 [info ] [MainThread]: Concurrency: 1 threads (target='dev')
[0m16:11:56.300469 [info ] [MainThread]: 
[0m16:11:56.300469 [debug] [Thread-1 (]: Began running node model.nyc_parking_violations.first_model
[0m16:11:56.300469 [debug] [Thread-1 (]: Acquiring new duckdb connection 'model.nyc_parking_violations.first_model'
[0m16:11:56.300469 [debug] [Thread-1 (]: Began compiling node model.nyc_parking_violations.first_model
[0m16:11:56.309618 [debug] [Thread-1 (]: Writing injected SQL for node "model.nyc_parking_violations.first_model"
[0m16:11:56.317137 [debug] [Thread-1 (]: Timing info for model.nyc_parking_violations.first_model (compile): 16:11:56.300469 => 16:11:56.317137
[0m16:11:56.317137 [debug] [Thread-1 (]: Began executing node model.nyc_parking_violations.first_model
[0m16:11:56.317137 [debug] [Thread-1 (]: Timing info for model.nyc_parking_violations.first_model (execute): 16:11:56.317137 => 16:11:56.317137
[0m16:11:56.317137 [debug] [Thread-1 (]: Finished running node model.nyc_parking_violations.first_model
[0m16:11:56.317137 [debug] [MainThread]: Connection 'master' was properly closed.
[0m16:11:56.317137 [debug] [MainThread]: Connection 'list_nyc_parking_violations_main' was properly closed.
[0m16:11:56.317137 [debug] [MainThread]: Connection 'model.nyc_parking_violations.first_model' was properly closed.
[0m16:11:56.317137 [debug] [MainThread]: Command end result
[0m16:11:56.328622 [debug] [MainThread]: Command `dbt compile` succeeded at 16:11:56.328622 after 0.40 seconds
[0m16:11:56.328622 [debug] [MainThread]: Sending event: {'category': 'dbt', 'action': 'invocation', 'label': 'end', 'context': [<snowplow_tracker.self_describing_json.SelfDescribingJson object at 0x000002CBC02EF4F0>, <snowplow_tracker.self_describing_json.SelfDescribingJson object at 0x000002CBC31EADA0>, <snowplow_tracker.self_describing_json.SelfDescribingJson object at 0x000002CBC3363FD0>]}
[0m16:11:56.328622 [debug] [MainThread]: Flushing usage events
[0m16:12:04.727416 [debug] [MainThread]: Sending event: {'category': 'dbt', 'action': 'invocation', 'label': 'start', 'context': [<snowplow_tracker.self_describing_json.SelfDescribingJson object at 0x000001EADC9CF4C0>, <snowplow_tracker.self_describing_json.SelfDescribingJson object at 0x000001EADF7F9DE0>, <snowplow_tracker.self_describing_json.SelfDescribingJson object at 0x000001EADF7F88B0>]}


============================== 16:12:04.727416 | ffaf7a06-25f7-4be1-b98e-c2f9a573b1a6 ==============================
[0m16:12:04.727416 [info ] [MainThread]: Running with dbt=1.6.1
[0m16:12:04.727416 [debug] [MainThread]: running dbt with arguments {'no_print': 'None', 'log_format': 'default', 'write_json': 'True', 'cache_selected_only': 'False', 'invocation_command': 'dbt run', 'warn_error': 'None', 'log_path': 'D:\\DBT CORE\\nyc_parking_violations\\logs', 'partial_parse': 'True', 'static_parser': 'True', 'send_anonymous_usage_stats': 'True', 'indirect_selection': 'eager', 'warn_error_options': 'WarnErrorOptions(include=[], exclude=[])', 'fail_fast': 'False', 'version_check': 'True', 'use_experimental_parser': 'False', 'quiet': 'False', 'introspect': 'True', 'log_cache_events': 'False', 'debug': 'False', 'profiles_dir': 'D:\\DBT CORE\\nyc_parking_violations', 'use_colors': 'True', 'printer_width': '80', 'target_path': 'None'}
[0m16:12:04.871297 [debug] [MainThread]: Sending event: {'category': 'dbt', 'action': 'project_id', 'label': 'ffaf7a06-25f7-4be1-b98e-c2f9a573b1a6', 'context': [<snowplow_tracker.self_describing_json.SelfDescribingJson object at 0x000001EADF7F9B40>]}
[0m16:12:04.885456 [debug] [MainThread]: Sending event: {'category': 'dbt', 'action': 'adapter_info', 'label': 'ffaf7a06-25f7-4be1-b98e-c2f9a573b1a6', 'context': [<snowplow_tracker.self_describing_json.SelfDescribingJson object at 0x000001EADF8DAE60>]}
[0m16:12:04.885456 [info ] [MainThread]: Registered adapter: duckdb=1.6.0
[0m16:12:04.888673 [debug] [MainThread]: checksum: efe19d9f5b93d1a98cc804fbfcdb6b3aced98b974af664946fee1cde8837deb7, vars: {}, profile: , target: , version: 1.6.1
[0m16:12:04.957816 [debug] [MainThread]: Partial parsing enabled: 0 files deleted, 0 files added, 0 files changed.
[0m16:12:04.957816 [debug] [MainThread]: Partial parsing enabled, no changes found, skipping parsing
[0m16:12:04.957816 [debug] [MainThread]: Sending event: {'category': 'dbt', 'action': 'load_project', 'label': 'ffaf7a06-25f7-4be1-b98e-c2f9a573b1a6', 'context': [<snowplow_tracker.self_describing_json.SelfDescribingJson object at 0x000001EADFA900D0>]}
[0m16:12:04.974058 [debug] [MainThread]: Sending event: {'category': 'dbt', 'action': 'resource_counts', 'label': 'ffaf7a06-25f7-4be1-b98e-c2f9a573b1a6', 'context': [<snowplow_tracker.self_describing_json.SelfDescribingJson object at 0x000001EADFA53490>]}
[0m16:12:04.974058 [info ] [MainThread]: Found 1 model, 0 sources, 0 exposures, 0 metrics, 348 macros, 0 groups, 0 semantic models
[0m16:12:04.974058 [debug] [MainThread]: Sending event: {'category': 'dbt', 'action': 'runnable_timing', 'label': 'ffaf7a06-25f7-4be1-b98e-c2f9a573b1a6', 'context': [<snowplow_tracker.self_describing_json.SelfDescribingJson object at 0x000001EADFA64100>]}
[0m16:12:04.974058 [info ] [MainThread]: 
[0m16:12:04.974058 [debug] [MainThread]: Acquiring new duckdb connection 'master'
[0m16:12:04.974058 [debug] [ThreadPool]: Acquiring new duckdb connection 'list_nyc_parking_violations'
[0m16:12:04.990082 [debug] [ThreadPool]: Using duckdb connection "list_nyc_parking_violations"
[0m16:12:04.991659 [debug] [ThreadPool]: On list_nyc_parking_violations: /* {"app": "dbt", "dbt_version": "1.6.1", "profile_name": "nyc_parking_violations", "target_name": "dev", "connection_name": "list_nyc_parking_violations"} */

    
    select schema_name
    from system.information_schema.schemata
    
    where catalog_name = '"nyc_parking_violations"'
    
  
  
[0m16:12:04.991659 [debug] [ThreadPool]: Opening a new connection, currently in state init
[0m16:12:05.008758 [debug] [ThreadPool]: SQL status: OK in 0.0 seconds
[0m16:12:05.009438 [debug] [ThreadPool]: On list_nyc_parking_violations: Close
[0m16:12:05.009438 [debug] [ThreadPool]: Re-using an available connection from the pool (formerly list_nyc_parking_violations, now create_nyc_parking_violations_main)
[0m16:12:05.009438 [debug] [ThreadPool]: Creating schema "database: "nyc_parking_violations"
schema: "main"
"
[0m16:12:05.009438 [debug] [ThreadPool]: Using duckdb connection "create_nyc_parking_violations_main"
[0m16:12:05.009438 [debug] [ThreadPool]: On create_nyc_parking_violations_main: BEGIN
[0m16:12:05.009438 [debug] [ThreadPool]: Opening a new connection, currently in state closed
[0m16:12:05.023465 [debug] [ThreadPool]: SQL status: OK in 0.0 seconds
[0m16:12:05.023465 [debug] [ThreadPool]: Using duckdb connection "create_nyc_parking_violations_main"
[0m16:12:05.023465 [debug] [ThreadPool]: On create_nyc_parking_violations_main: /* {"app": "dbt", "dbt_version": "1.6.1", "profile_name": "nyc_parking_violations", "target_name": "dev", "connection_name": "create_nyc_parking_violations_main"} */
create schema if not exists "nyc_parking_violations"."main"
[0m16:12:05.023465 [debug] [ThreadPool]: SQL status: OK in 0.0 seconds
[0m16:12:05.023465 [debug] [ThreadPool]: On create_nyc_parking_violations_main: COMMIT
[0m16:12:05.023465 [debug] [ThreadPool]: Using duckdb connection "create_nyc_parking_violations_main"
[0m16:12:05.023465 [debug] [ThreadPool]: On create_nyc_parking_violations_main: COMMIT
[0m16:12:05.023465 [debug] [ThreadPool]: SQL status: OK in 0.0 seconds
[0m16:12:05.023465 [debug] [ThreadPool]: On create_nyc_parking_violations_main: Close
[0m16:12:05.039142 [debug] [ThreadPool]: Acquiring new duckdb connection 'list_nyc_parking_violations_main'
[0m16:12:05.046299 [debug] [ThreadPool]: Using duckdb connection "list_nyc_parking_violations_main"
[0m16:12:05.046299 [debug] [ThreadPool]: On list_nyc_parking_violations_main: BEGIN
[0m16:12:05.046299 [debug] [ThreadPool]: Opening a new connection, currently in state init
[0m16:12:05.056145 [debug] [ThreadPool]: SQL status: OK in 0.0 seconds
[0m16:12:05.056145 [debug] [ThreadPool]: Using duckdb connection "list_nyc_parking_violations_main"
[0m16:12:05.056145 [debug] [ThreadPool]: On list_nyc_parking_violations_main: /* {"app": "dbt", "dbt_version": "1.6.1", "profile_name": "nyc_parking_violations", "target_name": "dev", "connection_name": "list_nyc_parking_violations_main"} */
select
      'nyc_parking_violations' as database,
      table_name as name,
      table_schema as schema,
      CASE table_type
        WHEN 'BASE TABLE' THEN 'table'
        WHEN 'VIEW' THEN 'view'
        WHEN 'LOCAL TEMPORARY' THEN 'table'
        END as type
    from system.information_schema.tables
    where table_schema = 'main'
    and table_catalog = 'nyc_parking_violations'
  
[0m16:12:05.071039 [debug] [ThreadPool]: SQL status: OK in 0.0 seconds
[0m16:12:05.071039 [debug] [ThreadPool]: On list_nyc_parking_violations_main: ROLLBACK
[0m16:12:05.071039 [debug] [ThreadPool]: Failed to rollback 'list_nyc_parking_violations_main'
[0m16:12:05.071039 [debug] [ThreadPool]: On list_nyc_parking_violations_main: Close
[0m16:12:05.071039 [debug] [MainThread]: Sending event: {'category': 'dbt', 'action': 'runnable_timing', 'label': 'ffaf7a06-25f7-4be1-b98e-c2f9a573b1a6', 'context': [<snowplow_tracker.self_describing_json.SelfDescribingJson object at 0x000001EADFACD3F0>]}
[0m16:12:05.071039 [debug] [MainThread]: Using duckdb connection "master"
[0m16:12:05.079519 [debug] [MainThread]: On master: BEGIN
[0m16:12:05.080199 [debug] [MainThread]: Opening a new connection, currently in state init
[0m16:12:05.091385 [debug] [MainThread]: SQL status: OK in 0.0 seconds
[0m16:12:05.093390 [debug] [MainThread]: On master: COMMIT
[0m16:12:05.093390 [debug] [MainThread]: Using duckdb connection "master"
[0m16:12:05.093390 [debug] [MainThread]: On master: COMMIT
[0m16:12:05.093390 [debug] [MainThread]: SQL status: OK in 0.0 seconds
[0m16:12:05.095394 [debug] [MainThread]: On master: Close
[0m16:12:05.095394 [info ] [MainThread]: Concurrency: 1 threads (target='dev')
[0m16:12:05.095394 [info ] [MainThread]: 
[0m16:12:05.102579 [debug] [Thread-1 (]: Began running node model.nyc_parking_violations.first_model
[0m16:12:05.102579 [info ] [Thread-1 (]: 1 of 1 START sql view model main.first_model ................................... [RUN]
[0m16:12:05.104584 [debug] [Thread-1 (]: Acquiring new duckdb connection 'model.nyc_parking_violations.first_model'
[0m16:12:05.104960 [debug] [Thread-1 (]: Began compiling node model.nyc_parking_violations.first_model
[0m16:12:05.111982 [debug] [Thread-1 (]: Writing injected SQL for node "model.nyc_parking_violations.first_model"
[0m16:12:05.112990 [debug] [Thread-1 (]: Timing info for model.nyc_parking_violations.first_model (compile): 16:12:05.104960 => 16:12:05.112990
[0m16:12:05.112990 [debug] [Thread-1 (]: Began executing node model.nyc_parking_violations.first_model
[0m16:12:05.142385 [debug] [Thread-1 (]: Writing runtime sql for node "model.nyc_parking_violations.first_model"
[0m16:12:05.147156 [debug] [Thread-1 (]: Using duckdb connection "model.nyc_parking_violations.first_model"
[0m16:12:05.147156 [debug] [Thread-1 (]: On model.nyc_parking_violations.first_model: BEGIN
[0m16:12:05.147156 [debug] [Thread-1 (]: Opening a new connection, currently in state init
[0m16:12:05.157890 [debug] [Thread-1 (]: SQL status: OK in 0.0 seconds
[0m16:12:05.157890 [debug] [Thread-1 (]: Using duckdb connection "model.nyc_parking_violations.first_model"
[0m16:12:05.157890 [debug] [Thread-1 (]: On model.nyc_parking_violations.first_model: /* {"app": "dbt", "dbt_version": "1.6.1", "profile_name": "nyc_parking_violations", "target_name": "dev", "node_id": "model.nyc_parking_violations.first_model"} */

  
  create view "nyc_parking_violations"."main"."first_model__dbt_tmp" as (
    SELECT * FROM parking_violation_codes
  );

[0m16:12:05.157890 [debug] [Thread-1 (]: SQL status: OK in 0.0 seconds
[0m16:12:05.157890 [debug] [Thread-1 (]: Using duckdb connection "model.nyc_parking_violations.first_model"
[0m16:12:05.157890 [debug] [Thread-1 (]: On model.nyc_parking_violations.first_model: /* {"app": "dbt", "dbt_version": "1.6.1", "profile_name": "nyc_parking_violations", "target_name": "dev", "node_id": "model.nyc_parking_violations.first_model"} */
alter view "nyc_parking_violations"."main"."first_model" rename to "first_model__dbt_backup"
[0m16:12:05.171760 [debug] [Thread-1 (]: SQL status: OK in 0.0 seconds
[0m16:12:05.172531 [debug] [Thread-1 (]: Using duckdb connection "model.nyc_parking_violations.first_model"
[0m16:12:05.172531 [debug] [Thread-1 (]: On model.nyc_parking_violations.first_model: /* {"app": "dbt", "dbt_version": "1.6.1", "profile_name": "nyc_parking_violations", "target_name": "dev", "node_id": "model.nyc_parking_violations.first_model"} */
alter view "nyc_parking_violations"."main"."first_model__dbt_tmp" rename to "first_model"
[0m16:12:05.172531 [debug] [Thread-1 (]: SQL status: OK in 0.0 seconds
[0m16:12:05.189681 [debug] [Thread-1 (]: On model.nyc_parking_violations.first_model: COMMIT
[0m16:12:05.189681 [debug] [Thread-1 (]: Using duckdb connection "model.nyc_parking_violations.first_model"
[0m16:12:05.189681 [debug] [Thread-1 (]: On model.nyc_parking_violations.first_model: COMMIT
[0m16:12:05.230730 [debug] [Thread-1 (]: SQL status: OK in 0.0 seconds
[0m16:12:05.230730 [debug] [Thread-1 (]: Using duckdb connection "model.nyc_parking_violations.first_model"
[0m16:12:05.230730 [debug] [Thread-1 (]: On model.nyc_parking_violations.first_model: /* {"app": "dbt", "dbt_version": "1.6.1", "profile_name": "nyc_parking_violations", "target_name": "dev", "node_id": "model.nyc_parking_violations.first_model"} */
drop view if exists "nyc_parking_violations"."main"."first_model__dbt_backup" cascade
[0m16:12:05.248198 [debug] [Thread-1 (]: SQL status: OK in 0.0 seconds
[0m16:12:05.250477 [debug] [Thread-1 (]: Timing info for model.nyc_parking_violations.first_model (execute): 16:12:05.115561 => 16:12:05.250477
[0m16:12:05.250477 [debug] [Thread-1 (]: On model.nyc_parking_violations.first_model: Close
[0m16:12:05.273392 [debug] [Thread-1 (]: Sending event: {'category': 'dbt', 'action': 'run_model', 'label': 'ffaf7a06-25f7-4be1-b98e-c2f9a573b1a6', 'context': [<snowplow_tracker.self_describing_json.SelfDescribingJson object at 0x000001EADFA80DC0>]}
[0m16:12:05.275156 [info ] [Thread-1 (]: 1 of 1 OK created sql view model main.first_model .............................. [[32mOK[0m in 0.17s]
[0m16:12:05.275156 [debug] [Thread-1 (]: Finished running node model.nyc_parking_violations.first_model
[0m16:12:05.275156 [debug] [MainThread]: Using duckdb connection "master"
[0m16:12:05.275156 [debug] [MainThread]: On master: BEGIN
[0m16:12:05.279642 [debug] [MainThread]: Opening a new connection, currently in state closed
[0m16:12:05.292897 [debug] [MainThread]: SQL status: OK in 0.0 seconds
[0m16:12:05.292897 [debug] [MainThread]: On master: COMMIT
[0m16:12:05.292897 [debug] [MainThread]: Using duckdb connection "master"
[0m16:12:05.292897 [debug] [MainThread]: On master: COMMIT
[0m16:12:05.292897 [debug] [MainThread]: SQL status: OK in 0.0 seconds
[0m16:12:05.296351 [debug] [MainThread]: On master: Close
[0m16:12:05.296351 [debug] [MainThread]: Connection 'master' was properly closed.
[0m16:12:05.296351 [debug] [MainThread]: Connection 'create_nyc_parking_violations_main' was properly closed.
[0m16:12:05.296351 [debug] [MainThread]: Connection 'list_nyc_parking_violations_main' was properly closed.
[0m16:12:05.296351 [debug] [MainThread]: Connection 'model.nyc_parking_violations.first_model' was properly closed.
[0m16:12:05.296351 [info ] [MainThread]: 
[0m16:12:05.296351 [info ] [MainThread]: Finished running 1 view model in 0 hours 0 minutes and 0.32 seconds (0.32s).
[0m16:12:05.296351 [debug] [MainThread]: Command end result
[0m16:12:05.305986 [info ] [MainThread]: 
[0m16:12:05.305986 [info ] [MainThread]: [32mCompleted successfully[0m
[0m16:12:05.305986 [info ] [MainThread]: 
[0m16:12:05.315144 [info ] [MainThread]: Done. PASS=1 WARN=0 ERROR=0 SKIP=0 TOTAL=1
[0m16:12:05.315144 [debug] [MainThread]: Command `dbt run` succeeded at 16:12:05.315144 after 0.61 seconds
[0m16:12:05.315144 [debug] [MainThread]: Sending event: {'category': 'dbt', 'action': 'invocation', 'label': 'end', 'context': [<snowplow_tracker.self_describing_json.SelfDescribingJson object at 0x000001EADC9CF4C0>, <snowplow_tracker.self_describing_json.SelfDescribingJson object at 0x000001EADFB758A0>, <snowplow_tracker.self_describing_json.SelfDescribingJson object at 0x000001EADFB74100>]}
[0m16:12:05.315144 [debug] [MainThread]: Flushing usage events
[0m16:16:50.591922 [debug] [MainThread]: Sending event: {'category': 'dbt', 'action': 'invocation', 'label': 'start', 'context': [<snowplow_tracker.self_describing_json.SelfDescribingJson object at 0x00000196AF44F520>, <snowplow_tracker.self_describing_json.SelfDescribingJson object at 0x00000196B2299CF0>, <snowplow_tracker.self_describing_json.SelfDescribingJson object at 0x00000196B2299270>]}


============================== 16:16:50.591922 | daeea2da-513f-406e-ade4-be1334226cf4 ==============================
[0m16:16:50.591922 [info ] [MainThread]: Running with dbt=1.6.1
[0m16:16:50.591922 [debug] [MainThread]: running dbt with arguments {'write_json': 'True', 'cache_selected_only': 'False', 'profiles_dir': 'D:\\DBT CORE\\nyc_parking_violations', 'no_print': 'None', 'use_colors': 'True', 'warn_error': 'None', 'log_path': 'D:\\DBT CORE\\nyc_parking_violations\\logs', 'partial_parse': 'True', 'indirect_selection': 'eager', 'send_anonymous_usage_stats': 'True', 'fail_fast': 'False', 'warn_error_options': 'WarnErrorOptions(include=[], exclude=[])', 'static_parser': 'True', 'version_check': 'True', 'use_experimental_parser': 'False', 'introspect': 'True', 'quiet': 'False', 'log_cache_events': 'False', 'debug': 'False', 'log_format': 'default', 'invocation_command': 'dbt debug', 'printer_width': '80', 'target_path': 'None'}
[0m16:16:50.591922 [info ] [MainThread]: dbt version: 1.6.1
[0m16:16:50.605976 [info ] [MainThread]: python version: 3.10.8
[0m16:16:50.605976 [info ] [MainThread]: python path: C:\Users\Manjiri\AppData\Local\Programs\Python\Python310\python.exe
[0m16:16:50.605976 [info ] [MainThread]: os info: Windows-10-10.0.26200-SP0
[0m16:16:50.688471 [info ] [MainThread]: Using profiles dir at D:\DBT CORE\nyc_parking_violations
[0m16:16:50.690038 [info ] [MainThread]: Using profiles.yml file at D:\DBT CORE\nyc_parking_violations\profiles.yml
[0m16:16:50.691253 [info ] [MainThread]: Using dbt_project.yml file at D:\DBT CORE\nyc_parking_violations\dbt_project.yml
[0m16:16:50.692845 [info ] [MainThread]: adapter type: duckdb
[0m16:16:50.692845 [info ] [MainThread]: adapter version: 1.6.0
[0m16:16:50.710163 [info ] [MainThread]: Configuration:
[0m16:16:50.710163 [info ] [MainThread]:   profiles.yml file [[32mOK found and valid[0m]
[0m16:16:50.710163 [info ] [MainThread]:   dbt_project.yml file [[32mOK found and valid[0m]
[0m16:16:50.710163 [info ] [MainThread]: Required dependencies:
[0m16:16:50.710163 [debug] [MainThread]: Executing "git --help"
[0m16:16:50.759649 [debug] [MainThread]: STDOUT: "b"usage: git [-v | --version] [-h | --help] [-C <path>] [-c <name>=<value>]\n           [--exec-path[=<path>]] [--html-path] [--man-path] [--info-path]\n           [-p | --paginate | -P | --no-pager] [--no-replace-objects] [--bare]\n           [--git-dir=<path>] [--work-tree=<path>] [--namespace=<name>]\n           [--config-env=<name>=<envvar>] <command> [<args>]\n\nThese are common Git commands used in various situations:\n\nstart a working area (see also: git help tutorial)\n   clone     Clone a repository into a new directory\n   init      Create an empty Git repository or reinitialize an existing one\n\nwork on the current change (see also: git help everyday)\n   add       Add file contents to the index\n   mv        Move or rename a file, a directory, or a symlink\n   restore   Restore working tree files\n   rm        Remove files from the working tree and from the index\n\nexamine the history and state (see also: git help revisions)\n   bisect    Use binary search to find the commit that introduced a bug\n   diff      Show changes between commits, commit and working tree, etc\n   grep      Print lines matching a pattern\n   log       Show commit logs\n   show      Show various types of objects\n   status    Show the working tree status\n\ngrow, mark and tweak your common history\n   branch    List, create, or delete branches\n   commit    Record changes to the repository\n   merge     Join two or more development histories together\n   rebase    Reapply commits on top of another base tip\n   reset     Reset current HEAD to the specified state\n   switch    Switch branches\n   tag       Create, list, delete or verify a tag object signed with GPG\n\ncollaborate (see also: git help workflows)\n   fetch     Download objects and refs from another repository\n   pull      Fetch from and integrate with another repository or a local branch\n   push      Update remote refs along with associated objects\n\n'git help -a' and 'git help -g' list available subcommands and some\nconcept guides. See 'git help <command>' or 'git help <concept>'\nto read about a specific subcommand or concept.\nSee 'git help git' for an overview of the system.\n""
[0m16:16:50.759649 [debug] [MainThread]: STDERR: "b''"
[0m16:16:50.759649 [info ] [MainThread]:  - git [[32mOK found[0m]

[0m16:16:50.761896 [info ] [MainThread]: Connection:
[0m16:16:50.761896 [info ] [MainThread]:   database: nyc_parking_violations
[0m16:16:50.761896 [info ] [MainThread]:   schema: main
[0m16:16:50.761896 [info ] [MainThread]:   path: ../data/nyc_parking_violations.db
[0m16:16:50.761896 [info ] [MainThread]:   config_options: None
[0m16:16:50.761896 [info ] [MainThread]:   extensions: None
[0m16:16:50.761896 [info ] [MainThread]:   settings: None
[0m16:16:50.761896 [info ] [MainThread]:   external_root: .
[0m16:16:50.768430 [info ] [MainThread]:   use_credential_provider: None
[0m16:16:50.769541 [info ] [MainThread]:   attach: None
[0m16:16:50.770397 [info ] [MainThread]:   filesystems: None
[0m16:16:50.771032 [info ] [MainThread]:   remote: None
[0m16:16:50.771032 [info ] [MainThread]:   plugins: None
[0m16:16:50.771032 [info ] [MainThread]:   disable_transactions: False
[0m16:16:50.773191 [info ] [MainThread]: Registered adapter: duckdb=1.6.0
[0m16:16:50.774221 [debug] [MainThread]: Acquiring new duckdb connection 'debug'
[0m16:16:50.774221 [debug] [MainThread]: Using duckdb connection "debug"
[0m16:16:50.774221 [debug] [MainThread]: On debug: select 1 as id
[0m16:16:50.776623 [debug] [MainThread]: Opening a new connection, currently in state init
[0m16:16:50.794722 [debug] [MainThread]: SQL status: OK in 0.0 seconds
[0m16:16:50.794722 [debug] [MainThread]: On debug: Close
[0m16:16:50.800972 [info ] [MainThread]:   Connection test: [[32mOK connection ok[0m]

[0m16:16:50.800972 [info ] [MainThread]: [32mAll checks passed![0m
[0m16:16:50.800972 [debug] [MainThread]: Command `dbt debug` succeeded at 16:16:50.800972 after 0.23 seconds
[0m16:16:50.800972 [debug] [MainThread]: Connection 'debug' was properly closed.
[0m16:16:50.800972 [debug] [MainThread]: Sending event: {'category': 'dbt', 'action': 'invocation', 'label': 'end', 'context': [<snowplow_tracker.self_describing_json.SelfDescribingJson object at 0x00000196AF44F520>, <snowplow_tracker.self_describing_json.SelfDescribingJson object at 0x00000196B23969B0>, <snowplow_tracker.self_describing_json.SelfDescribingJson object at 0x00000196B23958A0>]}
[0m16:16:50.800972 [debug] [MainThread]: Flushing usage events
[0m16:16:58.708765 [debug] [MainThread]: Sending event: {'category': 'dbt', 'action': 'invocation', 'label': 'start', 'context': [<snowplow_tracker.self_describing_json.SelfDescribingJson object at 0x0000012D4C6AF520>, <snowplow_tracker.self_describing_json.SelfDescribingJson object at 0x0000012D4F499DB0>, <snowplow_tracker.self_describing_json.SelfDescribingJson object at 0x0000012D4F498880>]}


============================== 16:16:58.708765 | 6f7f170c-61b4-4a12-804a-5ef45b23b0f2 ==============================
[0m16:16:58.708765 [info ] [MainThread]: Running with dbt=1.6.1
[0m16:16:58.708765 [debug] [MainThread]: running dbt with arguments {'invocation_command': 'dbt compile', 'log_format': 'default', 'no_print': 'None', 'write_json': 'True', 'cache_selected_only': 'False', 'warn_error': 'None', 'indirect_selection': 'eager', 'fail_fast': 'False', 'log_path': 'D:\\DBT CORE\\nyc_parking_violations\\logs', 'send_anonymous_usage_stats': 'True', 'partial_parse': 'True', 'warn_error_options': 'WarnErrorOptions(include=[], exclude=[])', 'static_parser': 'True', 'version_check': 'True', 'use_experimental_parser': 'False', 'quiet': 'False', 'introspect': 'True', 'log_cache_events': 'False', 'debug': 'False', 'profiles_dir': 'D:\\DBT CORE\\nyc_parking_violations', 'use_colors': 'True', 'printer_width': '80', 'target_path': 'None'}
[0m16:16:58.844186 [debug] [MainThread]: Sending event: {'category': 'dbt', 'action': 'project_id', 'label': '6f7f170c-61b4-4a12-804a-5ef45b23b0f2', 'context': [<snowplow_tracker.self_describing_json.SelfDescribingJson object at 0x0000012D4F499B10>]}
[0m16:16:58.858786 [debug] [MainThread]: Sending event: {'category': 'dbt', 'action': 'adapter_info', 'label': '6f7f170c-61b4-4a12-804a-5ef45b23b0f2', 'context': [<snowplow_tracker.self_describing_json.SelfDescribingJson object at 0x0000012D4F57AD40>]}
[0m16:16:58.858786 [info ] [MainThread]: Registered adapter: duckdb=1.6.0
[0m16:16:58.864742 [debug] [MainThread]: checksum: efe19d9f5b93d1a98cc804fbfcdb6b3aced98b974af664946fee1cde8837deb7, vars: {}, profile: , target: , version: 1.6.1
[0m16:16:58.933661 [debug] [MainThread]: Partial parsing enabled: 0 files deleted, 1 files added, 0 files changed.
[0m16:16:58.933661 [debug] [MainThread]: Partial parsing: added file: nyc_parking_violations://models\example\ref_model.sql
[0m16:16:58.974521 [debug] [MainThread]: Sending event: {'category': 'dbt', 'action': 'load_project', 'label': '6f7f170c-61b4-4a12-804a-5ef45b23b0f2', 'context': [<snowplow_tracker.self_describing_json.SelfDescribingJson object at 0x0000012D4F74EA70>]}
[0m16:16:58.978315 [debug] [MainThread]: Sending event: {'category': 'dbt', 'action': 'resource_counts', 'label': '6f7f170c-61b4-4a12-804a-5ef45b23b0f2', 'context': [<snowplow_tracker.self_describing_json.SelfDescribingJson object at 0x0000012D4F6F3340>]}
[0m16:16:58.978315 [info ] [MainThread]: Found 2 models, 0 sources, 0 exposures, 0 metrics, 348 macros, 0 groups, 0 semantic models
[0m16:16:58.978315 [debug] [MainThread]: Sending event: {'category': 'dbt', 'action': 'runnable_timing', 'label': '6f7f170c-61b4-4a12-804a-5ef45b23b0f2', 'context': [<snowplow_tracker.self_describing_json.SelfDescribingJson object at 0x0000012D4F6F2B60>]}
[0m16:16:58.978315 [info ] [MainThread]: 
[0m16:16:58.978315 [debug] [MainThread]: Acquiring new duckdb connection 'master'
[0m16:16:58.978315 [debug] [ThreadPool]: Acquiring new duckdb connection 'list_nyc_parking_violations_main'
[0m16:16:58.998661 [debug] [ThreadPool]: Using duckdb connection "list_nyc_parking_violations_main"
[0m16:16:58.998661 [debug] [ThreadPool]: On list_nyc_parking_violations_main: BEGIN
[0m16:16:59.002299 [debug] [ThreadPool]: Opening a new connection, currently in state init
[0m16:16:59.006593 [debug] [ThreadPool]: SQL status: OK in 0.0 seconds
[0m16:16:59.006593 [debug] [ThreadPool]: Using duckdb connection "list_nyc_parking_violations_main"
[0m16:16:59.006593 [debug] [ThreadPool]: On list_nyc_parking_violations_main: /* {"app": "dbt", "dbt_version": "1.6.1", "profile_name": "nyc_parking_violations", "target_name": "dev", "connection_name": "list_nyc_parking_violations_main"} */
select
      'nyc_parking_violations' as database,
      table_name as name,
      table_schema as schema,
      CASE table_type
        WHEN 'BASE TABLE' THEN 'table'
        WHEN 'VIEW' THEN 'view'
        WHEN 'LOCAL TEMPORARY' THEN 'table'
        END as type
    from system.information_schema.tables
    where table_schema = 'main'
    and table_catalog = 'nyc_parking_violations'
  
[0m16:16:59.026605 [debug] [ThreadPool]: SQL status: OK in 0.0 seconds
[0m16:16:59.026605 [debug] [ThreadPool]: On list_nyc_parking_violations_main: ROLLBACK
[0m16:16:59.026605 [debug] [ThreadPool]: Failed to rollback 'list_nyc_parking_violations_main'
[0m16:16:59.026605 [debug] [ThreadPool]: On list_nyc_parking_violations_main: Close
[0m16:16:59.035007 [debug] [MainThread]: Sending event: {'category': 'dbt', 'action': 'runnable_timing', 'label': '6f7f170c-61b4-4a12-804a-5ef45b23b0f2', 'context': [<snowplow_tracker.self_describing_json.SelfDescribingJson object at 0x0000012D4F57BC10>]}
[0m16:16:59.035007 [info ] [MainThread]: Concurrency: 1 threads (target='dev')
[0m16:16:59.039984 [info ] [MainThread]: 
[0m16:16:59.043233 [debug] [Thread-1 (]: Began running node model.nyc_parking_violations.first_model
[0m16:16:59.043233 [debug] [Thread-1 (]: Acquiring new duckdb connection 'model.nyc_parking_violations.first_model'
[0m16:16:59.043233 [debug] [Thread-1 (]: Began compiling node model.nyc_parking_violations.first_model
[0m16:16:59.043233 [debug] [Thread-1 (]: Writing injected SQL for node "model.nyc_parking_violations.first_model"
[0m16:16:59.043233 [debug] [Thread-1 (]: Timing info for model.nyc_parking_violations.first_model (compile): 16:16:59.043233 => 16:16:59.043233
[0m16:16:59.043233 [debug] [Thread-1 (]: Began executing node model.nyc_parking_violations.first_model
[0m16:16:59.043233 [debug] [Thread-1 (]: Timing info for model.nyc_parking_violations.first_model (execute): 16:16:59.043233 => 16:16:59.043233
[0m16:16:59.043233 [debug] [Thread-1 (]: Finished running node model.nyc_parking_violations.first_model
[0m16:16:59.055425 [debug] [Thread-1 (]: Began running node model.nyc_parking_violations.ref_model
[0m16:16:59.056387 [debug] [Thread-1 (]: Re-using an available connection from the pool (formerly model.nyc_parking_violations.first_model, now model.nyc_parking_violations.ref_model)
[0m16:16:59.056387 [debug] [Thread-1 (]: Began compiling node model.nyc_parking_violations.ref_model
[0m16:16:59.056387 [debug] [Thread-1 (]: Writing injected SQL for node "model.nyc_parking_violations.ref_model"
[0m16:16:59.095439 [debug] [Thread-1 (]: Timing info for model.nyc_parking_violations.ref_model (compile): 16:16:59.056387 => 16:16:59.095439
[0m16:16:59.095439 [debug] [Thread-1 (]: Began executing node model.nyc_parking_violations.ref_model
[0m16:16:59.095439 [debug] [Thread-1 (]: Timing info for model.nyc_parking_violations.ref_model (execute): 16:16:59.095439 => 16:16:59.095439
[0m16:16:59.095439 [debug] [Thread-1 (]: Finished running node model.nyc_parking_violations.ref_model
[0m16:16:59.095439 [debug] [MainThread]: Connection 'master' was properly closed.
[0m16:16:59.095439 [debug] [MainThread]: Connection 'list_nyc_parking_violations_main' was properly closed.
[0m16:16:59.104583 [debug] [MainThread]: Connection 'model.nyc_parking_violations.ref_model' was properly closed.
[0m16:16:59.105677 [debug] [MainThread]: Command end result
[0m16:16:59.114648 [debug] [MainThread]: Command `dbt compile` succeeded at 16:16:59.114648 after 0.43 seconds
[0m16:16:59.114648 [debug] [MainThread]: Sending event: {'category': 'dbt', 'action': 'invocation', 'label': 'end', 'context': [<snowplow_tracker.self_describing_json.SelfDescribingJson object at 0x0000012D4C6AF520>, <snowplow_tracker.self_describing_json.SelfDescribingJson object at 0x0000012D4F7186D0>, <snowplow_tracker.self_describing_json.SelfDescribingJson object at 0x0000012D4F718D30>]}
[0m16:16:59.116655 [debug] [MainThread]: Flushing usage events
[0m16:17:11.135255 [debug] [MainThread]: Sending event: {'category': 'dbt', 'action': 'invocation', 'label': 'start', 'context': [<snowplow_tracker.self_describing_json.SelfDescribingJson object at 0x0000019B4223F520>, <snowplow_tracker.self_describing_json.SelfDescribingJson object at 0x0000019B45079D50>, <snowplow_tracker.self_describing_json.SelfDescribingJson object at 0x0000019B45078820>]}


============================== 16:17:11.149459 | 8d1d42bf-1c58-4645-aefd-4c7dba888f60 ==============================
[0m16:17:11.149459 [info ] [MainThread]: Running with dbt=1.6.1
[0m16:17:11.149459 [debug] [MainThread]: running dbt with arguments {'invocation_command': 'dbt run', 'profiles_dir': 'D:\\DBT CORE\\nyc_parking_violations', 'write_json': 'True', 'cache_selected_only': 'False', 'log_format': 'default', 'warn_error': 'None', 'indirect_selection': 'eager', 'fail_fast': 'False', 'static_parser': 'True', 'send_anonymous_usage_stats': 'True', 'log_path': 'D:\\DBT CORE\\nyc_parking_violations\\logs', 'warn_error_options': 'WarnErrorOptions(include=[], exclude=[])', 'partial_parse': 'True', 'version_check': 'True', 'use_experimental_parser': 'False', 'introspect': 'True', 'quiet': 'False', 'log_cache_events': 'False', 'debug': 'False', 'no_print': 'None', 'use_colors': 'True', 'printer_width': '80', 'target_path': 'None'}
[0m16:17:11.268246 [debug] [MainThread]: Sending event: {'category': 'dbt', 'action': 'project_id', 'label': '8d1d42bf-1c58-4645-aefd-4c7dba888f60', 'context': [<snowplow_tracker.self_describing_json.SelfDescribingJson object at 0x0000019B45079AB0>]}
[0m16:17:11.268246 [debug] [MainThread]: Sending event: {'category': 'dbt', 'action': 'adapter_info', 'label': '8d1d42bf-1c58-4645-aefd-4c7dba888f60', 'context': [<snowplow_tracker.self_describing_json.SelfDescribingJson object at 0x0000019B4515AE60>]}
[0m16:17:11.284405 [info ] [MainThread]: Registered adapter: duckdb=1.6.0
[0m16:17:11.296385 [debug] [MainThread]: checksum: efe19d9f5b93d1a98cc804fbfcdb6b3aced98b974af664946fee1cde8837deb7, vars: {}, profile: , target: , version: 1.6.1
[0m16:17:11.364713 [debug] [MainThread]: Partial parsing enabled: 0 files deleted, 0 files added, 0 files changed.
[0m16:17:11.364713 [debug] [MainThread]: Partial parsing enabled, no changes found, skipping parsing
[0m16:17:11.373205 [debug] [MainThread]: Sending event: {'category': 'dbt', 'action': 'load_project', 'label': '8d1d42bf-1c58-4645-aefd-4c7dba888f60', 'context': [<snowplow_tracker.self_describing_json.SelfDescribingJson object at 0x0000019B45318460>]}
[0m16:17:11.373205 [debug] [MainThread]: Sending event: {'category': 'dbt', 'action': 'resource_counts', 'label': '8d1d42bf-1c58-4645-aefd-4c7dba888f60', 'context': [<snowplow_tracker.self_describing_json.SelfDescribingJson object at 0x0000019B452EC250>]}
[0m16:17:11.373205 [info ] [MainThread]: Found 2 models, 0 sources, 0 exposures, 0 metrics, 348 macros, 0 groups, 0 semantic models
[0m16:17:11.373205 [debug] [MainThread]: Sending event: {'category': 'dbt', 'action': 'runnable_timing', 'label': '8d1d42bf-1c58-4645-aefd-4c7dba888f60', 'context': [<snowplow_tracker.self_describing_json.SelfDescribingJson object at 0x0000019B452EC0D0>]}
[0m16:17:11.373205 [info ] [MainThread]: 
[0m16:17:11.373205 [debug] [MainThread]: Acquiring new duckdb connection 'master'
[0m16:17:11.388930 [debug] [ThreadPool]: Acquiring new duckdb connection 'list_nyc_parking_violations'
[0m16:17:11.396445 [debug] [ThreadPool]: Using duckdb connection "list_nyc_parking_violations"
[0m16:17:11.396445 [debug] [ThreadPool]: On list_nyc_parking_violations: /* {"app": "dbt", "dbt_version": "1.6.1", "profile_name": "nyc_parking_violations", "target_name": "dev", "connection_name": "list_nyc_parking_violations"} */

    
    select schema_name
    from system.information_schema.schemata
    
    where catalog_name = '"nyc_parking_violations"'
    
  
  
[0m16:17:11.396445 [debug] [ThreadPool]: Opening a new connection, currently in state init
[0m16:17:11.405219 [debug] [ThreadPool]: SQL status: OK in 0.0 seconds
[0m16:17:11.405219 [debug] [ThreadPool]: On list_nyc_parking_violations: Close
[0m16:17:11.419325 [debug] [ThreadPool]: Re-using an available connection from the pool (formerly list_nyc_parking_violations, now create_nyc_parking_violations_main)
[0m16:17:11.419325 [debug] [ThreadPool]: Creating schema "database: "nyc_parking_violations"
schema: "main"
"
[0m16:17:11.419325 [debug] [ThreadPool]: Using duckdb connection "create_nyc_parking_violations_main"
[0m16:17:11.419325 [debug] [ThreadPool]: On create_nyc_parking_violations_main: BEGIN
[0m16:17:11.419325 [debug] [ThreadPool]: Opening a new connection, currently in state closed
[0m16:17:11.439275 [debug] [ThreadPool]: SQL status: OK in 0.0 seconds
[0m16:17:11.439275 [debug] [ThreadPool]: Using duckdb connection "create_nyc_parking_violations_main"
[0m16:17:11.439275 [debug] [ThreadPool]: On create_nyc_parking_violations_main: /* {"app": "dbt", "dbt_version": "1.6.1", "profile_name": "nyc_parking_violations", "target_name": "dev", "connection_name": "create_nyc_parking_violations_main"} */
create schema if not exists "nyc_parking_violations"."main"
[0m16:17:11.439275 [debug] [ThreadPool]: SQL status: OK in 0.0 seconds
[0m16:17:11.439275 [debug] [ThreadPool]: On create_nyc_parking_violations_main: COMMIT
[0m16:17:11.439275 [debug] [ThreadPool]: Using duckdb connection "create_nyc_parking_violations_main"
[0m16:17:11.439275 [debug] [ThreadPool]: On create_nyc_parking_violations_main: COMMIT
[0m16:17:11.439275 [debug] [ThreadPool]: SQL status: OK in 0.0 seconds
[0m16:17:11.439275 [debug] [ThreadPool]: On create_nyc_parking_violations_main: Close
[0m16:17:11.439275 [debug] [ThreadPool]: Acquiring new duckdb connection 'list_nyc_parking_violations_main'
[0m16:17:11.452526 [debug] [ThreadPool]: Using duckdb connection "list_nyc_parking_violations_main"
[0m16:17:11.452526 [debug] [ThreadPool]: On list_nyc_parking_violations_main: BEGIN
[0m16:17:11.452526 [debug] [ThreadPool]: Opening a new connection, currently in state init
[0m16:17:11.467538 [debug] [ThreadPool]: SQL status: OK in 0.0 seconds
[0m16:17:11.467538 [debug] [ThreadPool]: Using duckdb connection "list_nyc_parking_violations_main"
[0m16:17:11.467538 [debug] [ThreadPool]: On list_nyc_parking_violations_main: /* {"app": "dbt", "dbt_version": "1.6.1", "profile_name": "nyc_parking_violations", "target_name": "dev", "connection_name": "list_nyc_parking_violations_main"} */
select
      'nyc_parking_violations' as database,
      table_name as name,
      table_schema as schema,
      CASE table_type
        WHEN 'BASE TABLE' THEN 'table'
        WHEN 'VIEW' THEN 'view'
        WHEN 'LOCAL TEMPORARY' THEN 'table'
        END as type
    from system.information_schema.tables
    where table_schema = 'main'
    and table_catalog = 'nyc_parking_violations'
  
[0m16:17:11.474546 [debug] [ThreadPool]: SQL status: OK in 0.0 seconds
[0m16:17:11.482560 [debug] [ThreadPool]: On list_nyc_parking_violations_main: ROLLBACK
[0m16:17:11.484419 [debug] [ThreadPool]: Failed to rollback 'list_nyc_parking_violations_main'
[0m16:17:11.484419 [debug] [ThreadPool]: On list_nyc_parking_violations_main: Close
[0m16:17:11.484419 [debug] [MainThread]: Sending event: {'category': 'dbt', 'action': 'runnable_timing', 'label': '8d1d42bf-1c58-4645-aefd-4c7dba888f60', 'context': [<snowplow_tracker.self_describing_json.SelfDescribingJson object at 0x0000019B453557B0>]}
[0m16:17:11.484419 [debug] [MainThread]: Using duckdb connection "master"
[0m16:17:11.484419 [debug] [MainThread]: On master: BEGIN
[0m16:17:11.490646 [debug] [MainThread]: Opening a new connection, currently in state init
[0m16:17:11.502326 [debug] [MainThread]: SQL status: OK in 0.0 seconds
[0m16:17:11.502326 [debug] [MainThread]: On master: COMMIT
[0m16:17:11.502326 [debug] [MainThread]: Using duckdb connection "master"
[0m16:17:11.504333 [debug] [MainThread]: On master: COMMIT
[0m16:17:11.504333 [debug] [MainThread]: SQL status: OK in 0.0 seconds
[0m16:17:11.504333 [debug] [MainThread]: On master: Close
[0m16:17:11.506338 [info ] [MainThread]: Concurrency: 1 threads (target='dev')
[0m16:17:11.506338 [info ] [MainThread]: 
[0m16:17:11.506338 [debug] [Thread-1 (]: Began running node model.nyc_parking_violations.first_model
[0m16:17:11.506338 [info ] [Thread-1 (]: 1 of 2 START sql view model main.first_model ................................... [RUN]
[0m16:17:11.514733 [debug] [Thread-1 (]: Acquiring new duckdb connection 'model.nyc_parking_violations.first_model'
[0m16:17:11.516238 [debug] [Thread-1 (]: Began compiling node model.nyc_parking_violations.first_model
[0m16:17:11.521369 [debug] [Thread-1 (]: Writing injected SQL for node "model.nyc_parking_violations.first_model"
[0m16:17:11.523376 [debug] [Thread-1 (]: Timing info for model.nyc_parking_violations.first_model (compile): 16:17:11.516238 => 16:17:11.523376
[0m16:17:11.523376 [debug] [Thread-1 (]: Began executing node model.nyc_parking_violations.first_model
[0m16:17:11.547710 [debug] [Thread-1 (]: Writing runtime sql for node "model.nyc_parking_violations.first_model"
[0m16:17:11.552296 [debug] [Thread-1 (]: Using duckdb connection "model.nyc_parking_violations.first_model"
[0m16:17:11.552296 [debug] [Thread-1 (]: On model.nyc_parking_violations.first_model: BEGIN
[0m16:17:11.554302 [debug] [Thread-1 (]: Opening a new connection, currently in state init
[0m16:17:11.562673 [debug] [Thread-1 (]: SQL status: OK in 0.0 seconds
[0m16:17:11.568580 [debug] [Thread-1 (]: Using duckdb connection "model.nyc_parking_violations.first_model"
[0m16:17:11.568580 [debug] [Thread-1 (]: On model.nyc_parking_violations.first_model: /* {"app": "dbt", "dbt_version": "1.6.1", "profile_name": "nyc_parking_violations", "target_name": "dev", "node_id": "model.nyc_parking_violations.first_model"} */

  
  create view "nyc_parking_violations"."main"."first_model__dbt_tmp" as (
    SELECT * FROM parking_violation_codes
  );

[0m16:17:11.568580 [debug] [Thread-1 (]: SQL status: OK in 0.0 seconds
[0m16:17:11.568580 [debug] [Thread-1 (]: Using duckdb connection "model.nyc_parking_violations.first_model"
[0m16:17:11.568580 [debug] [Thread-1 (]: On model.nyc_parking_violations.first_model: /* {"app": "dbt", "dbt_version": "1.6.1", "profile_name": "nyc_parking_violations", "target_name": "dev", "node_id": "model.nyc_parking_violations.first_model"} */
alter view "nyc_parking_violations"."main"."first_model" rename to "first_model__dbt_backup"
[0m16:17:11.568580 [debug] [Thread-1 (]: SQL status: OK in 0.0 seconds
[0m16:17:11.568580 [debug] [Thread-1 (]: Using duckdb connection "model.nyc_parking_violations.first_model"
[0m16:17:11.568580 [debug] [Thread-1 (]: On model.nyc_parking_violations.first_model: /* {"app": "dbt", "dbt_version": "1.6.1", "profile_name": "nyc_parking_violations", "target_name": "dev", "node_id": "model.nyc_parking_violations.first_model"} */
alter view "nyc_parking_violations"."main"."first_model__dbt_tmp" rename to "first_model"
[0m16:17:11.568580 [debug] [Thread-1 (]: SQL status: OK in 0.0 seconds
[0m16:17:11.591401 [debug] [Thread-1 (]: On model.nyc_parking_violations.first_model: COMMIT
[0m16:17:11.591401 [debug] [Thread-1 (]: Using duckdb connection "model.nyc_parking_violations.first_model"
[0m16:17:11.591401 [debug] [Thread-1 (]: On model.nyc_parking_violations.first_model: COMMIT
[0m16:17:11.631804 [debug] [Thread-1 (]: SQL status: OK in 0.0 seconds
[0m16:17:11.631804 [debug] [Thread-1 (]: Using duckdb connection "model.nyc_parking_violations.first_model"
[0m16:17:11.631804 [debug] [Thread-1 (]: On model.nyc_parking_violations.first_model: /* {"app": "dbt", "dbt_version": "1.6.1", "profile_name": "nyc_parking_violations", "target_name": "dev", "node_id": "model.nyc_parking_violations.first_model"} */
drop view if exists "nyc_parking_violations"."main"."first_model__dbt_backup" cascade
[0m16:17:11.647602 [debug] [Thread-1 (]: SQL status: OK in 0.0 seconds
[0m16:17:11.647602 [debug] [Thread-1 (]: Timing info for model.nyc_parking_violations.first_model (execute): 16:17:11.525383 => 16:17:11.647602
[0m16:17:11.647602 [debug] [Thread-1 (]: On model.nyc_parking_violations.first_model: Close
[0m16:17:11.667224 [debug] [Thread-1 (]: Sending event: {'category': 'dbt', 'action': 'run_model', 'label': '8d1d42bf-1c58-4645-aefd-4c7dba888f60', 'context': [<snowplow_tracker.self_describing_json.SelfDescribingJson object at 0x0000019B45307C70>]}
[0m16:17:11.667224 [info ] [Thread-1 (]: 1 of 2 OK created sql view model main.first_model .............................. [[32mOK[0m in 0.16s]
[0m16:17:11.667224 [debug] [Thread-1 (]: Finished running node model.nyc_parking_violations.first_model
[0m16:17:11.667224 [debug] [Thread-1 (]: Began running node model.nyc_parking_violations.ref_model
[0m16:17:11.667224 [info ] [Thread-1 (]: 2 of 2 START sql view model main.ref_model ..................................... [RUN]
[0m16:17:11.667224 [debug] [Thread-1 (]: Re-using an available connection from the pool (formerly model.nyc_parking_violations.first_model, now model.nyc_parking_violations.ref_model)
[0m16:17:11.667224 [debug] [Thread-1 (]: Began compiling node model.nyc_parking_violations.ref_model
[0m16:17:11.667224 [debug] [Thread-1 (]: Writing injected SQL for node "model.nyc_parking_violations.ref_model"
[0m16:17:11.667224 [debug] [Thread-1 (]: Timing info for model.nyc_parking_violations.ref_model (compile): 16:17:11.667224 => 16:17:11.667224
[0m16:17:11.667224 [debug] [Thread-1 (]: Began executing node model.nyc_parking_violations.ref_model
[0m16:17:11.680307 [debug] [Thread-1 (]: Writing runtime sql for node "model.nyc_parking_violations.ref_model"
[0m16:17:11.684426 [debug] [Thread-1 (]: Using duckdb connection "model.nyc_parking_violations.ref_model"
[0m16:17:11.684426 [debug] [Thread-1 (]: On model.nyc_parking_violations.ref_model: BEGIN
[0m16:17:11.684426 [debug] [Thread-1 (]: Opening a new connection, currently in state closed
[0m16:17:11.697970 [debug] [Thread-1 (]: SQL status: OK in 0.0 seconds
[0m16:17:11.697970 [debug] [Thread-1 (]: Using duckdb connection "model.nyc_parking_violations.ref_model"
[0m16:17:11.697970 [debug] [Thread-1 (]: On model.nyc_parking_violations.ref_model: /* {"app": "dbt", "dbt_version": "1.6.1", "profile_name": "nyc_parking_violations", "target_name": "dev", "node_id": "model.nyc_parking_violations.ref_model"} */

  
  create view "nyc_parking_violations"."main"."ref_model__dbt_tmp" as (
    SELECT Count(*) from "nyc_parking_violations"."main"."first_model"
  );

[0m16:17:11.701368 [debug] [Thread-1 (]: SQL status: OK in 0.0 seconds
[0m16:17:11.701368 [debug] [Thread-1 (]: Using duckdb connection "model.nyc_parking_violations.ref_model"
[0m16:17:11.701368 [debug] [Thread-1 (]: On model.nyc_parking_violations.ref_model: /* {"app": "dbt", "dbt_version": "1.6.1", "profile_name": "nyc_parking_violations", "target_name": "dev", "node_id": "model.nyc_parking_violations.ref_model"} */
alter view "nyc_parking_violations"."main"."ref_model__dbt_tmp" rename to "ref_model"
[0m16:17:11.701368 [debug] [Thread-1 (]: SQL status: OK in 0.0 seconds
[0m16:17:11.701368 [debug] [Thread-1 (]: On model.nyc_parking_violations.ref_model: COMMIT
[0m16:17:11.701368 [debug] [Thread-1 (]: Using duckdb connection "model.nyc_parking_violations.ref_model"
[0m16:17:11.701368 [debug] [Thread-1 (]: On model.nyc_parking_violations.ref_model: COMMIT
[0m16:17:11.717375 [debug] [Thread-1 (]: SQL status: OK in 0.0 seconds
[0m16:17:11.718007 [debug] [Thread-1 (]: Using duckdb connection "model.nyc_parking_violations.ref_model"
[0m16:17:11.718007 [debug] [Thread-1 (]: On model.nyc_parking_violations.ref_model: /* {"app": "dbt", "dbt_version": "1.6.1", "profile_name": "nyc_parking_violations", "target_name": "dev", "node_id": "model.nyc_parking_violations.ref_model"} */
drop view if exists "nyc_parking_violations"."main"."ref_model__dbt_backup" cascade
[0m16:17:11.718007 [debug] [Thread-1 (]: SQL status: OK in 0.0 seconds
[0m16:17:11.718007 [debug] [Thread-1 (]: Timing info for model.nyc_parking_violations.ref_model (execute): 16:17:11.667224 => 16:17:11.718007
[0m16:17:11.718007 [debug] [Thread-1 (]: On model.nyc_parking_violations.ref_model: Close
[0m16:17:11.734865 [debug] [Thread-1 (]: Sending event: {'category': 'dbt', 'action': 'run_model', 'label': '8d1d42bf-1c58-4645-aefd-4c7dba888f60', 'context': [<snowplow_tracker.self_describing_json.SelfDescribingJson object at 0x0000019B45395FC0>]}
[0m16:17:11.743021 [info ] [Thread-1 (]: 2 of 2 OK created sql view model main.ref_model ................................ [[32mOK[0m in 0.07s]
[0m16:17:11.743021 [debug] [Thread-1 (]: Finished running node model.nyc_parking_violations.ref_model
[0m16:17:11.743021 [debug] [MainThread]: Using duckdb connection "master"
[0m16:17:11.743021 [debug] [MainThread]: On master: BEGIN
[0m16:17:11.743021 [debug] [MainThread]: Opening a new connection, currently in state closed
[0m16:17:11.759145 [debug] [MainThread]: SQL status: OK in 0.0 seconds
[0m16:17:11.759145 [debug] [MainThread]: On master: COMMIT
[0m16:17:11.761528 [debug] [MainThread]: Using duckdb connection "master"
[0m16:17:11.761528 [debug] [MainThread]: On master: COMMIT
[0m16:17:11.761528 [debug] [MainThread]: SQL status: OK in 0.0 seconds
[0m16:17:11.763535 [debug] [MainThread]: On master: Close
[0m16:17:11.764718 [debug] [MainThread]: Connection 'master' was properly closed.
[0m16:17:11.767233 [debug] [MainThread]: Connection 'create_nyc_parking_violations_main' was properly closed.
[0m16:17:11.768742 [debug] [MainThread]: Connection 'list_nyc_parking_violations_main' was properly closed.
[0m16:17:11.768742 [debug] [MainThread]: Connection 'model.nyc_parking_violations.ref_model' was properly closed.
[0m16:17:11.768742 [info ] [MainThread]: 
[0m16:17:11.768742 [info ] [MainThread]: Finished running 2 view models in 0 hours 0 minutes and 0.40 seconds (0.40s).
[0m16:17:11.768742 [debug] [MainThread]: Command end result
[0m16:17:11.768742 [info ] [MainThread]: 
[0m16:17:11.768742 [info ] [MainThread]: [32mCompleted successfully[0m
[0m16:17:11.781644 [info ] [MainThread]: 
[0m16:17:11.781644 [info ] [MainThread]: Done. PASS=2 WARN=0 ERROR=0 SKIP=0 TOTAL=2
[0m16:17:11.781644 [debug] [MainThread]: Command `dbt run` succeeded at 16:17:11.781644 after 0.66 seconds
[0m16:17:11.784311 [debug] [MainThread]: Sending event: {'category': 'dbt', 'action': 'invocation', 'label': 'end', 'context': [<snowplow_tracker.self_describing_json.SelfDescribingJson object at 0x0000019B4223F520>, <snowplow_tracker.self_describing_json.SelfDescribingJson object at 0x0000019B45159660>, <snowplow_tracker.self_describing_json.SelfDescribingJson object at 0x0000019B4515A830>]}
[0m16:17:11.784311 [debug] [MainThread]: Flushing usage events
[0m16:22:17.465283 [debug] [MainThread]: Sending event: {'category': 'dbt', 'action': 'invocation', 'label': 'start', 'context': [<snowplow_tracker.self_describing_json.SelfDescribingJson object at 0x000001E7CE88F4C0>, <snowplow_tracker.self_describing_json.SelfDescribingJson object at 0x000001E7D16D9F30>, <snowplow_tracker.self_describing_json.SelfDescribingJson object at 0x000001E7D16D9C90>]}


============================== 16:22:17.465283 | d9790775-6e86-4d2e-a51c-a4af6e916d89 ==============================
[0m16:22:17.465283 [info ] [MainThread]: Running with dbt=1.6.1
[0m16:22:17.465283 [debug] [MainThread]: running dbt with arguments {'cache_selected_only': 'False', 'write_json': 'True', 'log_format': 'default', 'invocation_command': 'dbt docs generate', 'no_print': 'None', 'warn_error': 'None', 'static_parser': 'True', 'fail_fast': 'False', 'partial_parse': 'True', 'send_anonymous_usage_stats': 'True', 'indirect_selection': 'eager', 'warn_error_options': 'WarnErrorOptions(include=[], exclude=[])', 'log_path': 'D:\\DBT CORE\\nyc_parking_violations\\logs', 'version_check': 'True', 'use_experimental_parser': 'False', 'introspect': 'True', 'quiet': 'False', 'log_cache_events': 'False', 'debug': 'False', 'profiles_dir': 'D:\\DBT CORE\\nyc_parking_violations', 'use_colors': 'True', 'printer_width': '80', 'target_path': 'None'}
[0m16:22:17.585508 [debug] [MainThread]: Sending event: {'category': 'dbt', 'action': 'project_id', 'label': 'd9790775-6e86-4d2e-a51c-a4af6e916d89', 'context': [<snowplow_tracker.self_describing_json.SelfDescribingJson object at 0x000001E7D16DA020>]}
[0m16:22:17.614438 [debug] [MainThread]: Sending event: {'category': 'dbt', 'action': 'adapter_info', 'label': 'd9790775-6e86-4d2e-a51c-a4af6e916d89', 'context': [<snowplow_tracker.self_describing_json.SelfDescribingJson object at 0x000001E7D17BB100>]}
[0m16:22:17.616444 [info ] [MainThread]: Registered adapter: duckdb=1.6.0
[0m16:22:17.620051 [debug] [MainThread]: checksum: efe19d9f5b93d1a98cc804fbfcdb6b3aced98b974af664946fee1cde8837deb7, vars: {}, profile: , target: , version: 1.6.1
[0m16:22:17.682517 [debug] [MainThread]: Partial parsing enabled: 0 files deleted, 0 files added, 0 files changed.
[0m16:22:17.682517 [debug] [MainThread]: Partial parsing enabled, no changes found, skipping parsing
[0m16:22:17.690627 [debug] [MainThread]: Sending event: {'category': 'dbt', 'action': 'load_project', 'label': 'd9790775-6e86-4d2e-a51c-a4af6e916d89', 'context': [<snowplow_tracker.self_describing_json.SelfDescribingJson object at 0x000001E7D1978640>]}
[0m16:22:17.690627 [debug] [MainThread]: Sending event: {'category': 'dbt', 'action': 'resource_counts', 'label': 'd9790775-6e86-4d2e-a51c-a4af6e916d89', 'context': [<snowplow_tracker.self_describing_json.SelfDescribingJson object at 0x000001E7D1948340>]}
[0m16:22:17.690627 [info ] [MainThread]: Found 2 models, 0 sources, 0 exposures, 0 metrics, 348 macros, 0 groups, 0 semantic models
[0m16:22:17.698819 [debug] [MainThread]: Sending event: {'category': 'dbt', 'action': 'runnable_timing', 'label': 'd9790775-6e86-4d2e-a51c-a4af6e916d89', 'context': [<snowplow_tracker.self_describing_json.SelfDescribingJson object at 0x000001E7D1948040>]}
[0m16:22:17.698819 [info ] [MainThread]: 
[0m16:22:17.698819 [debug] [MainThread]: Acquiring new duckdb connection 'master'
[0m16:22:17.698819 [debug] [ThreadPool]: Acquiring new duckdb connection 'list_nyc_parking_violations_main'
[0m16:22:17.698819 [debug] [ThreadPool]: Using duckdb connection "list_nyc_parking_violations_main"
[0m16:22:17.698819 [debug] [ThreadPool]: On list_nyc_parking_violations_main: BEGIN
[0m16:22:17.698819 [debug] [ThreadPool]: Opening a new connection, currently in state init
[0m16:22:17.727151 [debug] [ThreadPool]: SQL status: OK in 0.0 seconds
[0m16:22:17.729155 [debug] [ThreadPool]: Using duckdb connection "list_nyc_parking_violations_main"
[0m16:22:17.730712 [debug] [ThreadPool]: On list_nyc_parking_violations_main: /* {"app": "dbt", "dbt_version": "1.6.1", "profile_name": "nyc_parking_violations", "target_name": "dev", "connection_name": "list_nyc_parking_violations_main"} */
select
      'nyc_parking_violations' as database,
      table_name as name,
      table_schema as schema,
      CASE table_type
        WHEN 'BASE TABLE' THEN 'table'
        WHEN 'VIEW' THEN 'view'
        WHEN 'LOCAL TEMPORARY' THEN 'table'
        END as type
    from system.information_schema.tables
    where table_schema = 'main'
    and table_catalog = 'nyc_parking_violations'
  
[0m16:22:17.737476 [debug] [ThreadPool]: SQL status: OK in 0.0 seconds
[0m16:22:17.737476 [debug] [ThreadPool]: On list_nyc_parking_violations_main: ROLLBACK
[0m16:22:17.737476 [debug] [ThreadPool]: Failed to rollback 'list_nyc_parking_violations_main'
[0m16:22:17.746011 [debug] [ThreadPool]: On list_nyc_parking_violations_main: Close
[0m16:22:17.751091 [debug] [MainThread]: Sending event: {'category': 'dbt', 'action': 'runnable_timing', 'label': 'd9790775-6e86-4d2e-a51c-a4af6e916d89', 'context': [<snowplow_tracker.self_describing_json.SelfDescribingJson object at 0x000001E7D192F310>]}
[0m16:22:17.751091 [info ] [MainThread]: Concurrency: 1 threads (target='dev')
[0m16:22:17.751091 [info ] [MainThread]: 
[0m16:22:17.751091 [debug] [Thread-1 (]: Began running node model.nyc_parking_violations.first_model
[0m16:22:17.751091 [debug] [Thread-1 (]: Acquiring new duckdb connection 'model.nyc_parking_violations.first_model'
[0m16:22:17.751091 [debug] [Thread-1 (]: Began compiling node model.nyc_parking_violations.first_model
[0m16:22:17.764718 [debug] [Thread-1 (]: Writing injected SQL for node "model.nyc_parking_violations.first_model"
[0m16:22:17.766679 [debug] [Thread-1 (]: Timing info for model.nyc_parking_violations.first_model (compile): 16:22:17.751091 => 16:22:17.766679
[0m16:22:17.766679 [debug] [Thread-1 (]: Began executing node model.nyc_parking_violations.first_model
[0m16:22:17.766679 [debug] [Thread-1 (]: Timing info for model.nyc_parking_violations.first_model (execute): 16:22:17.766679 => 16:22:17.766679
[0m16:22:17.766679 [debug] [Thread-1 (]: Finished running node model.nyc_parking_violations.first_model
[0m16:22:17.770176 [debug] [Thread-1 (]: Began running node model.nyc_parking_violations.ref_model
[0m16:22:17.770176 [debug] [Thread-1 (]: Re-using an available connection from the pool (formerly model.nyc_parking_violations.first_model, now model.nyc_parking_violations.ref_model)
[0m16:22:17.770176 [debug] [Thread-1 (]: Began compiling node model.nyc_parking_violations.ref_model
[0m16:22:17.770176 [debug] [Thread-1 (]: Writing injected SQL for node "model.nyc_parking_violations.ref_model"
[0m16:22:17.770176 [debug] [Thread-1 (]: Timing info for model.nyc_parking_violations.ref_model (compile): 16:22:17.770176 => 16:22:17.770176
[0m16:22:17.770176 [debug] [Thread-1 (]: Began executing node model.nyc_parking_violations.ref_model
[0m16:22:17.770176 [debug] [Thread-1 (]: Timing info for model.nyc_parking_violations.ref_model (execute): 16:22:17.770176 => 16:22:17.770176
[0m16:22:17.770176 [debug] [Thread-1 (]: Finished running node model.nyc_parking_violations.ref_model
[0m16:22:17.770176 [debug] [MainThread]: Connection 'master' was properly closed.
[0m16:22:17.779330 [debug] [MainThread]: Connection 'list_nyc_parking_violations_main' was properly closed.
[0m16:22:17.779330 [debug] [MainThread]: Connection 'model.nyc_parking_violations.ref_model' was properly closed.
[0m16:22:17.780980 [debug] [MainThread]: Command end result
[0m16:22:17.829381 [debug] [MainThread]: Acquiring new duckdb connection 'generate_catalog'
[0m16:22:17.829381 [info ] [MainThread]: Building catalog
[0m16:22:17.829381 [debug] [ThreadPool]: Acquiring new duckdb connection 'nyc_parking_violations.information_schema'
[0m16:22:17.836522 [debug] [ThreadPool]: Using duckdb connection "nyc_parking_violations.information_schema"
[0m16:22:17.836522 [debug] [ThreadPool]: On nyc_parking_violations.information_schema: BEGIN
[0m16:22:17.836522 [debug] [ThreadPool]: Opening a new connection, currently in state init
[0m16:22:17.853037 [debug] [ThreadPool]: SQL status: OK in 0.0 seconds
[0m16:22:17.853037 [debug] [ThreadPool]: Using duckdb connection "nyc_parking_violations.information_schema"
[0m16:22:17.853037 [debug] [ThreadPool]: On nyc_parking_violations.information_schema: /* {"app": "dbt", "dbt_version": "1.6.1", "profile_name": "nyc_parking_violations", "target_name": "dev", "connection_name": "nyc_parking_violations.information_schema"} */
select
        'nyc_parking_violations' as table_database,
        t.table_schema,
        t.table_name,
        t.table_type,
        '' as table_comment,
        c.column_name,
        c.ordinal_position as column_index,
        c.data_type column_type,
        '' as column_comment,
        '' as table_owner
    FROM information_schema.tables t JOIN information_schema.columns c ON t.table_schema = c.table_schema AND t.table_name = c.table_name
    WHERE (upper(t.table_schema) = upper('main'))
    AND t.table_type IN ('BASE TABLE', 'VIEW')
    ORDER BY
        t.table_schema,
        t.table_name,
        c.ordinal_position
[0m16:22:17.866140 [debug] [ThreadPool]: SQL status: OK in 0.0 seconds
[0m16:22:17.866140 [debug] [ThreadPool]: On nyc_parking_violations.information_schema: ROLLBACK
[0m16:22:17.866140 [debug] [ThreadPool]: Failed to rollback 'nyc_parking_violations.information_schema'
[0m16:22:17.866140 [debug] [ThreadPool]: On nyc_parking_violations.information_schema: Close
[0m16:22:17.896592 [info ] [MainThread]: Catalog written to D:\DBT CORE\nyc_parking_violations\target\catalog.json
[0m16:22:17.896592 [debug] [MainThread]: Command `dbt docs generate` succeeded at 16:22:17.896592 after 0.45 seconds
[0m16:22:17.896592 [debug] [MainThread]: Connection 'generate_catalog' was properly closed.
[0m16:22:17.896592 [debug] [MainThread]: Connection 'nyc_parking_violations.information_schema' was properly closed.
[0m16:22:17.896592 [debug] [MainThread]: Sending event: {'category': 'dbt', 'action': 'invocation', 'label': 'end', 'context': [<snowplow_tracker.self_describing_json.SelfDescribingJson object at 0x000001E7CE88F4C0>, <snowplow_tracker.self_describing_json.SelfDescribingJson object at 0x000001E7D1948340>, <snowplow_tracker.self_describing_json.SelfDescribingJson object at 0x000001E7D1948370>]}
[0m16:22:17.896592 [debug] [MainThread]: Flushing usage events
[0m16:22:53.710667 [debug] [MainThread]: Sending event: {'category': 'dbt', 'action': 'invocation', 'label': 'start', 'context': [<snowplow_tracker.self_describing_json.SelfDescribingJson object at 0x0000023A83ACF4F0>, <snowplow_tracker.self_describing_json.SelfDescribingJson object at 0x0000023A86919E10>, <snowplow_tracker.self_describing_json.SelfDescribingJson object at 0x0000023A86919B10>]}


============================== 16:22:53.716399 | f4e85174-d308-4c6d-927d-08c0846e90e9 ==============================
[0m16:22:53.716399 [info ] [MainThread]: Running with dbt=1.6.1
[0m16:22:53.716399 [debug] [MainThread]: running dbt with arguments {'log_format': 'default', 'write_json': 'True', 'cache_selected_only': 'False', 'profiles_dir': 'D:\\DBT CORE\\nyc_parking_violations', 'invocation_command': 'dbt docs serve', 'warn_error': 'None', 'indirect_selection': 'eager', 'fail_fast': 'False', 'log_path': 'D:\\DBT CORE\\nyc_parking_violations\\logs', 'send_anonymous_usage_stats': 'True', 'static_parser': 'True', 'warn_error_options': 'WarnErrorOptions(include=[], exclude=[])', 'partial_parse': 'True', 'version_check': 'True', 'use_experimental_parser': 'False', 'quiet': 'False', 'introspect': 'True', 'log_cache_events': 'False', 'debug': 'False', 'no_print': 'None', 'use_colors': 'True', 'printer_width': '80', 'target_path': 'None'}
[0m16:22:53.894466 [debug] [MainThread]: Sending event: {'category': 'dbt', 'action': 'project_id', 'label': 'f4e85174-d308-4c6d-927d-08c0846e90e9', 'context': [<snowplow_tracker.self_describing_json.SelfDescribingJson object at 0x0000023A86919ED0>]}
[0m16:22:53.910223 [debug] [MainThread]: Sending event: {'category': 'dbt', 'action': 'adapter_info', 'label': 'f4e85174-d308-4c6d-927d-08c0846e90e9', 'context': [<snowplow_tracker.self_describing_json.SelfDescribingJson object at 0x0000023A869FAE00>]}
[0m16:27:51.075486 [error] [MainThread]: Encountered an error:

[0m16:27:51.075486 [error] [MainThread]: Traceback (most recent call last):
  File "C:\Users\Manjiri\AppData\Local\Programs\Python\Python310\lib\site-packages\dbt\cli\requires.py", line 87, in wrapper
    result, success = func(*args, **kwargs)
  File "C:\Users\Manjiri\AppData\Local\Programs\Python\Python310\lib\site-packages\dbt\cli\requires.py", line 72, in wrapper
    return func(*args, **kwargs)
  File "C:\Users\Manjiri\AppData\Local\Programs\Python\Python310\lib\site-packages\dbt\cli\requires.py", line 143, in wrapper
    return func(*args, **kwargs)
  File "C:\Users\Manjiri\AppData\Local\Programs\Python\Python310\lib\site-packages\dbt\cli\requires.py", line 172, in wrapper
    return func(*args, **kwargs)
  File "C:\Users\Manjiri\AppData\Local\Programs\Python\Python310\lib\site-packages\dbt\cli\requires.py", line 219, in wrapper
    return func(*args, **kwargs)
  File "C:\Users\Manjiri\AppData\Local\Programs\Python\Python310\lib\site-packages\dbt\cli\main.py", line 307, in docs_serve
    results = task.run()
  File "C:\Users\Manjiri\AppData\Local\Programs\Python\Python310\lib\site-packages\dbt\task\serve.py", line 28, in run
    httpd.serve_forever()
  File "C:\Users\Manjiri\AppData\Local\Programs\Python\Python310\lib\socketserver.py", line 232, in serve_forever
    ready = selector.select(poll_interval)
  File "C:\Users\Manjiri\AppData\Local\Programs\Python\Python310\lib\selectors.py", line 324, in select
    r, w, _ = self._select(self._readers, self._writers, [], timeout)
  File "C:\Users\Manjiri\AppData\Local\Programs\Python\Python310\lib\selectors.py", line 315, in _select
    r, w, x = select.select(r, w, w, timeout)
KeyboardInterrupt

[0m16:27:51.075486 [debug] [MainThread]: Command `dbt docs serve` failed at 16:27:51.075486 after 297.41 seconds
[0m16:27:51.088694 [debug] [MainThread]: Sending event: {'category': 'dbt', 'action': 'invocation', 'label': 'end', 'context': [<snowplow_tracker.self_describing_json.SelfDescribingJson object at 0x0000023A83ACF4F0>, <snowplow_tracker.self_describing_json.SelfDescribingJson object at 0x0000023A869FA6B0>, <snowplow_tracker.self_describing_json.SelfDescribingJson object at 0x0000023A869F8F70>]}
[0m16:27:51.089682 [debug] [MainThread]: Flushing usage events
[0m22:07:53.530517 [debug] [MainThread]: Sending event: {'category': 'dbt', 'action': 'invocation', 'label': 'start', 'context': [<snowplow_tracker.self_describing_json.SelfDescribingJson object at 0x0000017DF42BF4F0>, <snowplow_tracker.self_describing_json.SelfDescribingJson object at 0x0000017DF7109CC0>, <snowplow_tracker.self_describing_json.SelfDescribingJson object at 0x0000017DF7109240>]}


============================== 22:07:53.530517 | 4e0ae2b5-ea32-4aa4-a5a3-463f92bd8277 ==============================
[0m22:07:53.530517 [info ] [MainThread]: Running with dbt=1.6.1
[0m22:07:53.530517 [debug] [MainThread]: running dbt with arguments {'invocation_command': 'dbt debug', 'no_print': 'None', 'target_path': 'None', 'profiles_dir': 'D:\\DBT CORE\\nyc_parking_violations', 'printer_width': '80', 'warn_error': 'None', 'static_parser': 'True', 'partial_parse': 'True', 'log_path': 'D:\\DBT CORE\\nyc_parking_violations\\logs', 'send_anonymous_usage_stats': 'True', 'fail_fast': 'False', 'warn_error_options': 'WarnErrorOptions(include=[], exclude=[])', 'indirect_selection': 'eager', 'version_check': 'True', 'use_experimental_parser': 'False', 'quiet': 'False', 'introspect': 'True', 'log_cache_events': 'False', 'debug': 'False', 'log_format': 'default', 'use_colors': 'True', 'cache_selected_only': 'False', 'write_json': 'True'}
[0m22:07:53.530517 [info ] [MainThread]: dbt version: 1.6.1
[0m22:07:53.530517 [info ] [MainThread]: python version: 3.10.8
[0m22:07:53.530517 [info ] [MainThread]: python path: C:\Users\Manjiri\AppData\Local\Programs\Python\Python310\python.exe
[0m22:07:53.530517 [info ] [MainThread]: os info: Windows-10-10.0.26200-SP0
[0m22:07:53.751693 [info ] [MainThread]: Using profiles dir at D:\DBT CORE\nyc_parking_violations
[0m22:07:53.751693 [info ] [MainThread]: Using profiles.yml file at D:\DBT CORE\nyc_parking_violations\profiles.yml
[0m22:07:53.751693 [info ] [MainThread]: Using dbt_project.yml file at D:\DBT CORE\nyc_parking_violations\dbt_project.yml
[0m22:07:53.759264 [info ] [MainThread]: adapter type: duckdb
[0m22:07:53.759264 [info ] [MainThread]: adapter version: 1.6.0
[0m22:07:53.784472 [info ] [MainThread]: Configuration:
[0m22:07:53.784472 [info ] [MainThread]:   profiles.yml file [[32mOK found and valid[0m]
[0m22:07:53.784472 [info ] [MainThread]:   dbt_project.yml file [[32mOK found and valid[0m]
[0m22:07:53.784472 [info ] [MainThread]: Required dependencies:
[0m22:07:53.784472 [debug] [MainThread]: Executing "git --help"
[0m22:07:53.827933 [debug] [MainThread]: STDOUT: "b"usage: git [-v | --version] [-h | --help] [-C <path>] [-c <name>=<value>]\n           [--exec-path[=<path>]] [--html-path] [--man-path] [--info-path]\n           [-p | --paginate | -P | --no-pager] [--no-replace-objects] [--bare]\n           [--git-dir=<path>] [--work-tree=<path>] [--namespace=<name>]\n           [--config-env=<name>=<envvar>] <command> [<args>]\n\nThese are common Git commands used in various situations:\n\nstart a working area (see also: git help tutorial)\n   clone     Clone a repository into a new directory\n   init      Create an empty Git repository or reinitialize an existing one\n\nwork on the current change (see also: git help everyday)\n   add       Add file contents to the index\n   mv        Move or rename a file, a directory, or a symlink\n   restore   Restore working tree files\n   rm        Remove files from the working tree and from the index\n\nexamine the history and state (see also: git help revisions)\n   bisect    Use binary search to find the commit that introduced a bug\n   diff      Show changes between commits, commit and working tree, etc\n   grep      Print lines matching a pattern\n   log       Show commit logs\n   show      Show various types of objects\n   status    Show the working tree status\n\ngrow, mark and tweak your common history\n   branch    List, create, or delete branches\n   commit    Record changes to the repository\n   merge     Join two or more development histories together\n   rebase    Reapply commits on top of another base tip\n   reset     Reset current HEAD to the specified state\n   switch    Switch branches\n   tag       Create, list, delete or verify a tag object signed with GPG\n\ncollaborate (see also: git help workflows)\n   fetch     Download objects and refs from another repository\n   pull      Fetch from and integrate with another repository or a local branch\n   push      Update remote refs along with associated objects\n\n'git help -a' and 'git help -g' list available subcommands and some\nconcept guides. See 'git help <command>' or 'git help <concept>'\nto read about a specific subcommand or concept.\nSee 'git help git' for an overview of the system.\n""
[0m22:07:53.827933 [debug] [MainThread]: STDERR: "b''"
[0m22:07:53.827933 [info ] [MainThread]:  - git [[32mOK found[0m]

[0m22:07:53.827933 [info ] [MainThread]: Connection:
[0m22:07:53.827933 [info ] [MainThread]:   database: nyc_parking_violations
[0m22:07:53.842775 [info ] [MainThread]:   schema: main
[0m22:07:53.843232 [info ] [MainThread]:   path: ../data/nyc_parking_violations.db
[0m22:07:53.843232 [info ] [MainThread]:   config_options: None
[0m22:07:53.843232 [info ] [MainThread]:   extensions: None
[0m22:07:53.843232 [info ] [MainThread]:   settings: None
[0m22:07:53.847169 [info ] [MainThread]:   external_root: .
[0m22:07:53.847169 [info ] [MainThread]:   use_credential_provider: None
[0m22:07:53.847169 [info ] [MainThread]:   attach: None
[0m22:07:53.847169 [info ] [MainThread]:   filesystems: None
[0m22:07:53.850282 [info ] [MainThread]:   remote: None
[0m22:07:53.850711 [info ] [MainThread]:   plugins: None
[0m22:07:53.851716 [info ] [MainThread]:   disable_transactions: False
[0m22:07:53.851716 [info ] [MainThread]: Registered adapter: duckdb=1.6.0
[0m22:07:53.851716 [debug] [MainThread]: Acquiring new duckdb connection 'debug'
[0m22:07:53.851716 [debug] [MainThread]: Using duckdb connection "debug"
[0m22:07:53.851716 [debug] [MainThread]: On debug: select 1 as id
[0m22:07:53.851716 [debug] [MainThread]: Opening a new connection, currently in state init
[0m22:07:53.897378 [debug] [MainThread]: SQL status: OK in 0.0 seconds
[0m22:07:53.897378 [debug] [MainThread]: On debug: Close
[0m22:07:53.897378 [info ] [MainThread]:   Connection test: [[32mOK connection ok[0m]

[0m22:07:53.908341 [info ] [MainThread]: [32mAll checks passed![0m
[0m22:07:53.910576 [debug] [MainThread]: Command `dbt debug` succeeded at 22:07:53.909914 after 0.41 seconds
[0m22:07:53.910576 [debug] [MainThread]: Connection 'debug' was properly closed.
[0m22:07:53.911380 [debug] [MainThread]: Sending event: {'category': 'dbt', 'action': 'invocation', 'label': 'end', 'context': [<snowplow_tracker.self_describing_json.SelfDescribingJson object at 0x0000017DF42BF4F0>, <snowplow_tracker.self_describing_json.SelfDescribingJson object at 0x0000017DF7202A10>, <snowplow_tracker.self_describing_json.SelfDescribingJson object at 0x0000017DF7201900>]}
[0m22:07:53.911380 [debug] [MainThread]: Flushing usage events
[0m22:08:06.537901 [debug] [MainThread]: Sending event: {'category': 'dbt', 'action': 'invocation', 'label': 'start', 'context': [<snowplow_tracker.self_describing_json.SelfDescribingJson object at 0x000001621EE4F490>, <snowplow_tracker.self_describing_json.SelfDescribingJson object at 0x0000016221C99E10>, <snowplow_tracker.self_describing_json.SelfDescribingJson object at 0x0000016221C988E0>]}


============================== 22:08:06.541106 | 7f14defe-ab5d-433d-9340-8beee0f9d80a ==============================
[0m22:08:06.541106 [info ] [MainThread]: Running with dbt=1.6.1
[0m22:08:06.542795 [debug] [MainThread]: running dbt with arguments {'invocation_command': 'dbt compile', 'target_path': 'None', 'log_format': 'default', 'no_print': 'None', 'printer_width': '80', 'warn_error': 'None', 'indirect_selection': 'eager', 'fail_fast': 'False', 'partial_parse': 'True', 'send_anonymous_usage_stats': 'True', 'static_parser': 'True', 'warn_error_options': 'WarnErrorOptions(include=[], exclude=[])', 'log_path': 'D:\\DBT CORE\\nyc_parking_violations\\logs', 'version_check': 'True', 'use_experimental_parser': 'False', 'quiet': 'False', 'introspect': 'True', 'log_cache_events': 'False', 'debug': 'False', 'profiles_dir': 'D:\\DBT CORE\\nyc_parking_violations', 'use_colors': 'True', 'cache_selected_only': 'False', 'write_json': 'True'}
[0m22:08:06.716728 [debug] [MainThread]: Sending event: {'category': 'dbt', 'action': 'project_id', 'label': '7f14defe-ab5d-433d-9340-8beee0f9d80a', 'context': [<snowplow_tracker.self_describing_json.SelfDescribingJson object at 0x0000016221C99B70>]}
[0m22:08:06.720838 [debug] [MainThread]: Sending event: {'category': 'dbt', 'action': 'adapter_info', 'label': '7f14defe-ab5d-433d-9340-8beee0f9d80a', 'context': [<snowplow_tracker.self_describing_json.SelfDescribingJson object at 0x0000016221D7ED70>]}
[0m22:08:06.720838 [info ] [MainThread]: Registered adapter: duckdb=1.6.0
[0m22:08:06.738261 [debug] [MainThread]: checksum: efe19d9f5b93d1a98cc804fbfcdb6b3aced98b974af664946fee1cde8837deb7, vars: {}, profile: , target: , version: 1.6.1
[0m22:08:06.856926 [debug] [MainThread]: Partial parsing enabled: 0 files deleted, 2 files added, 0 files changed.
[0m22:08:06.856926 [debug] [MainThread]: Partial parsing: added file: nyc_parking_violations://models\bronze\bronze_parking_violations.sql
[0m22:08:06.856926 [debug] [MainThread]: Partial parsing: added file: nyc_parking_violations://models\bronze\bronze_parking_violation_codes.sql
[0m22:08:06.904240 [debug] [MainThread]: Sending event: {'category': 'dbt', 'action': 'load_project', 'label': '7f14defe-ab5d-433d-9340-8beee0f9d80a', 'context': [<snowplow_tracker.self_describing_json.SelfDescribingJson object at 0x0000016221F5A050>]}
[0m22:08:06.926382 [debug] [MainThread]: Sending event: {'category': 'dbt', 'action': 'resource_counts', 'label': '7f14defe-ab5d-433d-9340-8beee0f9d80a', 'context': [<snowplow_tracker.self_describing_json.SelfDescribingJson object at 0x0000016221EF3040>]}
[0m22:08:06.926382 [info ] [MainThread]: Found 4 models, 0 sources, 0 exposures, 0 metrics, 348 macros, 0 groups, 0 semantic models
[0m22:08:06.926382 [debug] [MainThread]: Sending event: {'category': 'dbt', 'action': 'runnable_timing', 'label': '7f14defe-ab5d-433d-9340-8beee0f9d80a', 'context': [<snowplow_tracker.self_describing_json.SelfDescribingJson object at 0x0000016221F33280>]}
[0m22:08:06.926382 [info ] [MainThread]: 
[0m22:08:06.926382 [debug] [MainThread]: Acquiring new duckdb connection 'master'
[0m22:08:06.926382 [debug] [ThreadPool]: Acquiring new duckdb connection 'list_nyc_parking_violations_main'
[0m22:08:06.941420 [debug] [ThreadPool]: Using duckdb connection "list_nyc_parking_violations_main"
[0m22:08:06.941420 [debug] [ThreadPool]: On list_nyc_parking_violations_main: BEGIN
[0m22:08:06.941420 [debug] [ThreadPool]: Opening a new connection, currently in state init
[0m22:08:06.961198 [debug] [ThreadPool]: SQL status: OK in 0.0 seconds
[0m22:08:06.961198 [debug] [ThreadPool]: Using duckdb connection "list_nyc_parking_violations_main"
[0m22:08:06.963203 [debug] [ThreadPool]: On list_nyc_parking_violations_main: /* {"app": "dbt", "dbt_version": "1.6.1", "profile_name": "nyc_parking_violations", "target_name": "dev", "connection_name": "list_nyc_parking_violations_main"} */
select
      'nyc_parking_violations' as database,
      table_name as name,
      table_schema as schema,
      CASE table_type
        WHEN 'BASE TABLE' THEN 'table'
        WHEN 'VIEW' THEN 'view'
        WHEN 'LOCAL TEMPORARY' THEN 'table'
        END as type
    from system.information_schema.tables
    where table_schema = 'main'
    and table_catalog = 'nyc_parking_violations'
  
[0m22:08:06.989534 [debug] [ThreadPool]: SQL status: OK in 0.0 seconds
[0m22:08:06.989534 [debug] [ThreadPool]: On list_nyc_parking_violations_main: ROLLBACK
[0m22:08:06.989534 [debug] [ThreadPool]: Failed to rollback 'list_nyc_parking_violations_main'
[0m22:08:06.989534 [debug] [ThreadPool]: On list_nyc_parking_violations_main: Close
[0m22:08:06.997991 [debug] [MainThread]: Sending event: {'category': 'dbt', 'action': 'runnable_timing', 'label': '7f14defe-ab5d-433d-9340-8beee0f9d80a', 'context': [<snowplow_tracker.self_describing_json.SelfDescribingJson object at 0x0000016221F0C5E0>]}
[0m22:08:06.997991 [info ] [MainThread]: Concurrency: 1 threads (target='dev')
[0m22:08:06.997991 [info ] [MainThread]: 
[0m22:08:07.004873 [debug] [Thread-1 (]: Began running node model.nyc_parking_violations.bronze_parking_violation_codes
[0m22:08:07.004873 [debug] [Thread-1 (]: Acquiring new duckdb connection 'model.nyc_parking_violations.bronze_parking_violation_codes'
[0m22:08:07.004873 [debug] [Thread-1 (]: Began compiling node model.nyc_parking_violations.bronze_parking_violation_codes
[0m22:08:07.013117 [debug] [Thread-1 (]: Writing injected SQL for node "model.nyc_parking_violations.bronze_parking_violation_codes"
[0m22:08:07.016433 [debug] [Thread-1 (]: Timing info for model.nyc_parking_violations.bronze_parking_violation_codes (compile): 22:08:07.004873 => 22:08:07.016433
[0m22:08:07.016433 [debug] [Thread-1 (]: Began executing node model.nyc_parking_violations.bronze_parking_violation_codes
[0m22:08:07.019653 [debug] [Thread-1 (]: Timing info for model.nyc_parking_violations.bronze_parking_violation_codes (execute): 22:08:07.016433 => 22:08:07.016433
[0m22:08:07.019653 [debug] [Thread-1 (]: Finished running node model.nyc_parking_violations.bronze_parking_violation_codes
[0m22:08:07.022765 [debug] [Thread-1 (]: Began running node model.nyc_parking_violations.bronze_parking_violations
[0m22:08:07.022765 [debug] [Thread-1 (]: Re-using an available connection from the pool (formerly model.nyc_parking_violations.bronze_parking_violation_codes, now model.nyc_parking_violations.bronze_parking_violations)
[0m22:08:07.024775 [debug] [Thread-1 (]: Began compiling node model.nyc_parking_violations.bronze_parking_violations
[0m22:08:07.028789 [debug] [Thread-1 (]: Writing injected SQL for node "model.nyc_parking_violations.bronze_parking_violations"
[0m22:08:07.028789 [debug] [Thread-1 (]: Timing info for model.nyc_parking_violations.bronze_parking_violations (compile): 22:08:07.024775 => 22:08:07.028789
[0m22:08:07.028789 [debug] [Thread-1 (]: Began executing node model.nyc_parking_violations.bronze_parking_violations
[0m22:08:07.028789 [debug] [Thread-1 (]: Timing info for model.nyc_parking_violations.bronze_parking_violations (execute): 22:08:07.028789 => 22:08:07.028789
[0m22:08:07.028789 [debug] [Thread-1 (]: Finished running node model.nyc_parking_violations.bronze_parking_violations
[0m22:08:07.028789 [debug] [Thread-1 (]: Began running node model.nyc_parking_violations.first_model
[0m22:08:07.028789 [debug] [Thread-1 (]: Re-using an available connection from the pool (formerly model.nyc_parking_violations.bronze_parking_violations, now model.nyc_parking_violations.first_model)
[0m22:08:07.028789 [debug] [Thread-1 (]: Began compiling node model.nyc_parking_violations.first_model
[0m22:08:07.028789 [debug] [Thread-1 (]: Writing injected SQL for node "model.nyc_parking_violations.first_model"
[0m22:08:07.037429 [debug] [Thread-1 (]: Timing info for model.nyc_parking_violations.first_model (compile): 22:08:07.028789 => 22:08:07.037429
[0m22:08:07.038956 [debug] [Thread-1 (]: Began executing node model.nyc_parking_violations.first_model
[0m22:08:07.039739 [debug] [Thread-1 (]: Timing info for model.nyc_parking_violations.first_model (execute): 22:08:07.039739 => 22:08:07.039739
[0m22:08:07.039739 [debug] [Thread-1 (]: Finished running node model.nyc_parking_violations.first_model
[0m22:08:07.039739 [debug] [Thread-1 (]: Began running node model.nyc_parking_violations.ref_model
[0m22:08:07.039739 [debug] [Thread-1 (]: Re-using an available connection from the pool (formerly model.nyc_parking_violations.first_model, now model.nyc_parking_violations.ref_model)
[0m22:08:07.039739 [debug] [Thread-1 (]: Began compiling node model.nyc_parking_violations.ref_model
[0m22:08:07.044297 [debug] [Thread-1 (]: Writing injected SQL for node "model.nyc_parking_violations.ref_model"
[0m22:08:07.045802 [debug] [Thread-1 (]: Timing info for model.nyc_parking_violations.ref_model (compile): 22:08:07.039739 => 22:08:07.045802
[0m22:08:07.045802 [debug] [Thread-1 (]: Began executing node model.nyc_parking_violations.ref_model
[0m22:08:07.045802 [debug] [Thread-1 (]: Timing info for model.nyc_parking_violations.ref_model (execute): 22:08:07.045802 => 22:08:07.045802
[0m22:08:07.048655 [debug] [Thread-1 (]: Finished running node model.nyc_parking_violations.ref_model
[0m22:08:07.048655 [debug] [MainThread]: Connection 'master' was properly closed.
[0m22:08:07.048655 [debug] [MainThread]: Connection 'list_nyc_parking_violations_main' was properly closed.
[0m22:08:07.048655 [debug] [MainThread]: Connection 'model.nyc_parking_violations.ref_model' was properly closed.
[0m22:08:07.048655 [debug] [MainThread]: Command end result
[0m22:08:07.058830 [debug] [MainThread]: Command `dbt compile` succeeded at 22:08:07.058830 after 0.56 seconds
[0m22:08:07.058830 [debug] [MainThread]: Sending event: {'category': 'dbt', 'action': 'invocation', 'label': 'end', 'context': [<snowplow_tracker.self_describing_json.SelfDescribingJson object at 0x000001621EE4F490>, <snowplow_tracker.self_describing_json.SelfDescribingJson object at 0x0000016221D7ED70>, <snowplow_tracker.self_describing_json.SelfDescribingJson object at 0x0000016221EF3F40>]}
[0m22:08:07.058830 [debug] [MainThread]: Flushing usage events
[0m22:08:22.189329 [debug] [MainThread]: Sending event: {'category': 'dbt', 'action': 'invocation', 'label': 'start', 'context': [<snowplow_tracker.self_describing_json.SelfDescribingJson object at 0x00000289AC74F520>, <snowplow_tracker.self_describing_json.SelfDescribingJson object at 0x00000289AF599D50>, <snowplow_tracker.self_describing_json.SelfDescribingJson object at 0x00000289AF598820>]}


============================== 22:08:22.193161 | 0c5deff1-28f0-44e5-bbc2-7375c0d09422 ==============================
[0m22:08:22.193161 [info ] [MainThread]: Running with dbt=1.6.1
[0m22:08:22.195166 [debug] [MainThread]: running dbt with arguments {'profiles_dir': 'D:\\DBT CORE\\nyc_parking_violations', 'cache_selected_only': 'False', 'no_print': 'None', 'use_colors': 'True', 'target_path': 'None', 'warn_error': 'None', 'log_path': 'D:\\DBT CORE\\nyc_parking_violations\\logs', 'fail_fast': 'False', 'indirect_selection': 'eager', 'send_anonymous_usage_stats': 'True', 'static_parser': 'True', 'warn_error_options': 'WarnErrorOptions(include=[], exclude=[])', 'partial_parse': 'True', 'version_check': 'True', 'use_experimental_parser': 'False', 'introspect': 'True', 'quiet': 'False', 'log_cache_events': 'False', 'debug': 'False', 'log_format': 'default', 'invocation_command': 'dbt run', 'printer_width': '80', 'write_json': 'True'}
[0m22:08:22.316876 [debug] [MainThread]: Sending event: {'category': 'dbt', 'action': 'project_id', 'label': '0c5deff1-28f0-44e5-bbc2-7375c0d09422', 'context': [<snowplow_tracker.self_describing_json.SelfDescribingJson object at 0x00000289AF599AB0>]}
[0m22:08:22.332092 [debug] [MainThread]: Sending event: {'category': 'dbt', 'action': 'adapter_info', 'label': '0c5deff1-28f0-44e5-bbc2-7375c0d09422', 'context': [<snowplow_tracker.self_describing_json.SelfDescribingJson object at 0x00000289AF67AE60>]}
[0m22:08:22.332092 [info ] [MainThread]: Registered adapter: duckdb=1.6.0
[0m22:08:22.332092 [debug] [MainThread]: checksum: efe19d9f5b93d1a98cc804fbfcdb6b3aced98b974af664946fee1cde8837deb7, vars: {}, profile: , target: , version: 1.6.1
[0m22:08:22.409383 [debug] [MainThread]: Partial parsing enabled: 0 files deleted, 0 files added, 0 files changed.
[0m22:08:22.409383 [debug] [MainThread]: Partial parsing enabled, no changes found, skipping parsing
[0m22:08:22.416960 [debug] [MainThread]: Sending event: {'category': 'dbt', 'action': 'load_project', 'label': '0c5deff1-28f0-44e5-bbc2-7375c0d09422', 'context': [<snowplow_tracker.self_describing_json.SelfDescribingJson object at 0x00000289AF840D60>]}
[0m22:08:22.423777 [debug] [MainThread]: Sending event: {'category': 'dbt', 'action': 'resource_counts', 'label': '0c5deff1-28f0-44e5-bbc2-7375c0d09422', 'context': [<snowplow_tracker.self_describing_json.SelfDescribingJson object at 0x00000289AF8101F0>]}
[0m22:08:22.423777 [info ] [MainThread]: Found 4 models, 0 sources, 0 exposures, 0 metrics, 348 macros, 0 groups, 0 semantic models
[0m22:08:22.423777 [debug] [MainThread]: Sending event: {'category': 'dbt', 'action': 'runnable_timing', 'label': '0c5deff1-28f0-44e5-bbc2-7375c0d09422', 'context': [<snowplow_tracker.self_describing_json.SelfDescribingJson object at 0x00000289AF8100D0>]}
[0m22:08:22.432408 [info ] [MainThread]: 
[0m22:08:22.435738 [debug] [MainThread]: Acquiring new duckdb connection 'master'
[0m22:08:22.436743 [debug] [ThreadPool]: Acquiring new duckdb connection 'list_nyc_parking_violations'
[0m22:08:22.445767 [debug] [ThreadPool]: Using duckdb connection "list_nyc_parking_violations"
[0m22:08:22.445767 [debug] [ThreadPool]: On list_nyc_parking_violations: /* {"app": "dbt", "dbt_version": "1.6.1", "profile_name": "nyc_parking_violations", "target_name": "dev", "connection_name": "list_nyc_parking_violations"} */

    
    select schema_name
    from system.information_schema.schemata
    
    where catalog_name = '"nyc_parking_violations"'
    
  
  
[0m22:08:22.447398 [debug] [ThreadPool]: Opening a new connection, currently in state init
[0m22:08:22.463655 [debug] [ThreadPool]: SQL status: OK in 0.0 seconds
[0m22:08:22.463655 [debug] [ThreadPool]: On list_nyc_parking_violations: Close
[0m22:08:22.468405 [debug] [ThreadPool]: Re-using an available connection from the pool (formerly list_nyc_parking_violations, now create_nyc_parking_violations_main)
[0m22:08:22.469973 [debug] [ThreadPool]: Creating schema "database: "nyc_parking_violations"
schema: "main"
"
[0m22:08:22.470763 [debug] [ThreadPool]: Using duckdb connection "create_nyc_parking_violations_main"
[0m22:08:22.470763 [debug] [ThreadPool]: On create_nyc_parking_violations_main: BEGIN
[0m22:08:22.470763 [debug] [ThreadPool]: Opening a new connection, currently in state closed
[0m22:08:22.488368 [debug] [ThreadPool]: SQL status: OK in 0.0 seconds
[0m22:08:22.490372 [debug] [ThreadPool]: Using duckdb connection "create_nyc_parking_violations_main"
[0m22:08:22.490372 [debug] [ThreadPool]: On create_nyc_parking_violations_main: /* {"app": "dbt", "dbt_version": "1.6.1", "profile_name": "nyc_parking_violations", "target_name": "dev", "connection_name": "create_nyc_parking_violations_main"} */
create schema if not exists "nyc_parking_violations"."main"
[0m22:08:22.499664 [debug] [ThreadPool]: SQL status: OK in 0.0 seconds
[0m22:08:22.499664 [debug] [ThreadPool]: On create_nyc_parking_violations_main: COMMIT
[0m22:08:22.499664 [debug] [ThreadPool]: Using duckdb connection "create_nyc_parking_violations_main"
[0m22:08:22.499664 [debug] [ThreadPool]: On create_nyc_parking_violations_main: COMMIT
[0m22:08:22.499664 [debug] [ThreadPool]: SQL status: OK in 0.0 seconds
[0m22:08:22.499664 [debug] [ThreadPool]: On create_nyc_parking_violations_main: Close
[0m22:08:22.507239 [debug] [ThreadPool]: Acquiring new duckdb connection 'list_nyc_parking_violations_main'
[0m22:08:22.512826 [debug] [ThreadPool]: Using duckdb connection "list_nyc_parking_violations_main"
[0m22:08:22.512826 [debug] [ThreadPool]: On list_nyc_parking_violations_main: BEGIN
[0m22:08:22.512826 [debug] [ThreadPool]: Opening a new connection, currently in state init
[0m22:08:22.523051 [debug] [ThreadPool]: SQL status: OK in 0.0 seconds
[0m22:08:22.523051 [debug] [ThreadPool]: Using duckdb connection "list_nyc_parking_violations_main"
[0m22:08:22.523051 [debug] [ThreadPool]: On list_nyc_parking_violations_main: /* {"app": "dbt", "dbt_version": "1.6.1", "profile_name": "nyc_parking_violations", "target_name": "dev", "connection_name": "list_nyc_parking_violations_main"} */
select
      'nyc_parking_violations' as database,
      table_name as name,
      table_schema as schema,
      CASE table_type
        WHEN 'BASE TABLE' THEN 'table'
        WHEN 'VIEW' THEN 'view'
        WHEN 'LOCAL TEMPORARY' THEN 'table'
        END as type
    from system.information_schema.tables
    where table_schema = 'main'
    and table_catalog = 'nyc_parking_violations'
  
[0m22:08:22.532666 [debug] [ThreadPool]: SQL status: OK in 0.0 seconds
[0m22:08:22.540147 [debug] [ThreadPool]: On list_nyc_parking_violations_main: ROLLBACK
[0m22:08:22.540147 [debug] [ThreadPool]: Failed to rollback 'list_nyc_parking_violations_main'
[0m22:08:22.540147 [debug] [ThreadPool]: On list_nyc_parking_violations_main: Close
[0m22:08:22.540147 [debug] [MainThread]: Sending event: {'category': 'dbt', 'action': 'runnable_timing', 'label': '0c5deff1-28f0-44e5-bbc2-7375c0d09422', 'context': [<snowplow_tracker.self_describing_json.SelfDescribingJson object at 0x00000289AF879ED0>]}
[0m22:08:22.540147 [debug] [MainThread]: Using duckdb connection "master"
[0m22:08:22.540147 [debug] [MainThread]: On master: BEGIN
[0m22:08:22.547463 [debug] [MainThread]: Opening a new connection, currently in state init
[0m22:08:22.559494 [debug] [MainThread]: SQL status: OK in 0.0 seconds
[0m22:08:22.559494 [debug] [MainThread]: On master: COMMIT
[0m22:08:22.559494 [debug] [MainThread]: Using duckdb connection "master"
[0m22:08:22.561498 [debug] [MainThread]: On master: COMMIT
[0m22:08:22.561498 [debug] [MainThread]: SQL status: OK in 0.0 seconds
[0m22:08:22.561498 [debug] [MainThread]: On master: Close
[0m22:08:22.563504 [info ] [MainThread]: Concurrency: 1 threads (target='dev')
[0m22:08:22.563504 [info ] [MainThread]: 
[0m22:08:22.563504 [debug] [Thread-1 (]: Began running node model.nyc_parking_violations.bronze_parking_violation_codes
[0m22:08:22.563504 [info ] [Thread-1 (]: 1 of 4 START sql view model main.bronze_parking_violation_codes ................ [RUN]
[0m22:08:22.571816 [debug] [Thread-1 (]: Acquiring new duckdb connection 'model.nyc_parking_violations.bronze_parking_violation_codes'
[0m22:08:22.573493 [debug] [Thread-1 (]: Began compiling node model.nyc_parking_violations.bronze_parking_violation_codes
[0m22:08:22.577494 [debug] [Thread-1 (]: Writing injected SQL for node "model.nyc_parking_violations.bronze_parking_violation_codes"
[0m22:08:22.577494 [debug] [Thread-1 (]: Timing info for model.nyc_parking_violations.bronze_parking_violation_codes (compile): 22:08:22.573493 => 22:08:22.577494
[0m22:08:22.577494 [debug] [Thread-1 (]: Began executing node model.nyc_parking_violations.bronze_parking_violation_codes
[0m22:08:22.608591 [debug] [Thread-1 (]: Writing runtime sql for node "model.nyc_parking_violations.bronze_parking_violation_codes"
[0m22:08:22.608591 [debug] [Thread-1 (]: Using duckdb connection "model.nyc_parking_violations.bronze_parking_violation_codes"
[0m22:08:22.608591 [debug] [Thread-1 (]: On model.nyc_parking_violations.bronze_parking_violation_codes: BEGIN
[0m22:08:22.608591 [debug] [Thread-1 (]: Opening a new connection, currently in state init
[0m22:08:22.626930 [debug] [Thread-1 (]: SQL status: OK in 0.0 seconds
[0m22:08:22.626930 [debug] [Thread-1 (]: Using duckdb connection "model.nyc_parking_violations.bronze_parking_violation_codes"
[0m22:08:22.626930 [debug] [Thread-1 (]: On model.nyc_parking_violations.bronze_parking_violation_codes: /* {"app": "dbt", "dbt_version": "1.6.1", "profile_name": "nyc_parking_violations", "target_name": "dev", "node_id": "model.nyc_parking_violations.bronze_parking_violation_codes"} */

  
  create view "nyc_parking_violations"."main"."bronze_parking_violation_codes__dbt_tmp" as (
    SELECT
    code AS violation_code,
    definition,
    manhattan_96th_st_below,
    all_other_areas
FROM
    parking_violation_codes
  );

[0m22:08:22.681897 [debug] [Thread-1 (]: SQL status: OK in 0.0 seconds
[0m22:08:22.686493 [debug] [Thread-1 (]: Using duckdb connection "model.nyc_parking_violations.bronze_parking_violation_codes"
[0m22:08:22.688498 [debug] [Thread-1 (]: On model.nyc_parking_violations.bronze_parking_violation_codes: /* {"app": "dbt", "dbt_version": "1.6.1", "profile_name": "nyc_parking_violations", "target_name": "dev", "node_id": "model.nyc_parking_violations.bronze_parking_violation_codes"} */
alter view "nyc_parking_violations"."main"."bronze_parking_violation_codes__dbt_tmp" rename to "bronze_parking_violation_codes"
[0m22:08:22.688498 [debug] [Thread-1 (]: SQL status: OK in 0.0 seconds
[0m22:08:22.690244 [debug] [Thread-1 (]: On model.nyc_parking_violations.bronze_parking_violation_codes: COMMIT
[0m22:08:22.701257 [debug] [Thread-1 (]: Using duckdb connection "model.nyc_parking_violations.bronze_parking_violation_codes"
[0m22:08:22.701257 [debug] [Thread-1 (]: On model.nyc_parking_violations.bronze_parking_violation_codes: COMMIT
[0m22:08:22.706796 [debug] [Thread-1 (]: SQL status: OK in 0.0 seconds
[0m22:08:22.710016 [debug] [Thread-1 (]: Using duckdb connection "model.nyc_parking_violations.bronze_parking_violation_codes"
[0m22:08:22.710016 [debug] [Thread-1 (]: On model.nyc_parking_violations.bronze_parking_violation_codes: /* {"app": "dbt", "dbt_version": "1.6.1", "profile_name": "nyc_parking_violations", "target_name": "dev", "node_id": "model.nyc_parking_violations.bronze_parking_violation_codes"} */
drop view if exists "nyc_parking_violations"."main"."bronze_parking_violation_codes__dbt_backup" cascade
[0m22:08:22.717214 [debug] [Thread-1 (]: SQL status: OK in 0.0 seconds
[0m22:08:22.717978 [debug] [Thread-1 (]: Timing info for model.nyc_parking_violations.bronze_parking_violation_codes (execute): 22:08:22.583009 => 22:08:22.717978
[0m22:08:22.717978 [debug] [Thread-1 (]: On model.nyc_parking_violations.bronze_parking_violation_codes: Close
[0m22:08:22.743600 [debug] [Thread-1 (]: Sending event: {'category': 'dbt', 'action': 'run_model', 'label': '0c5deff1-28f0-44e5-bbc2-7375c0d09422', 'context': [<snowplow_tracker.self_describing_json.SelfDescribingJson object at 0x00000289AF8C8C10>]}
[0m22:08:22.749786 [info ] [Thread-1 (]: 1 of 4 OK created sql view model main.bronze_parking_violation_codes ........... [[32mOK[0m in 0.17s]
[0m22:08:22.749786 [debug] [Thread-1 (]: Finished running node model.nyc_parking_violations.bronze_parking_violation_codes
[0m22:08:22.749786 [debug] [Thread-1 (]: Began running node model.nyc_parking_violations.bronze_parking_violations
[0m22:08:22.749786 [info ] [Thread-1 (]: 2 of 4 START sql view model main.bronze_parking_violations ..................... [RUN]
[0m22:08:22.749786 [debug] [Thread-1 (]: Re-using an available connection from the pool (formerly model.nyc_parking_violations.bronze_parking_violation_codes, now model.nyc_parking_violations.bronze_parking_violations)
[0m22:08:22.749786 [debug] [Thread-1 (]: Began compiling node model.nyc_parking_violations.bronze_parking_violations
[0m22:08:22.749786 [debug] [Thread-1 (]: Writing injected SQL for node "model.nyc_parking_violations.bronze_parking_violations"
[0m22:08:22.749786 [debug] [Thread-1 (]: Timing info for model.nyc_parking_violations.bronze_parking_violations (compile): 22:08:22.749786 => 22:08:22.749786
[0m22:08:22.758251 [debug] [Thread-1 (]: Began executing node model.nyc_parking_violations.bronze_parking_violations
[0m22:08:22.760257 [debug] [Thread-1 (]: Writing runtime sql for node "model.nyc_parking_violations.bronze_parking_violations"
[0m22:08:22.764189 [debug] [Thread-1 (]: Using duckdb connection "model.nyc_parking_violations.bronze_parking_violations"
[0m22:08:22.764189 [debug] [Thread-1 (]: On model.nyc_parking_violations.bronze_parking_violations: BEGIN
[0m22:08:22.764189 [debug] [Thread-1 (]: Opening a new connection, currently in state closed
[0m22:08:22.774355 [debug] [Thread-1 (]: SQL status: OK in 0.0 seconds
[0m22:08:22.774355 [debug] [Thread-1 (]: Using duckdb connection "model.nyc_parking_violations.bronze_parking_violations"
[0m22:08:22.774355 [debug] [Thread-1 (]: On model.nyc_parking_violations.bronze_parking_violations: /* {"app": "dbt", "dbt_version": "1.6.1", "profile_name": "nyc_parking_violations", "target_name": "dev", "node_id": "model.nyc_parking_violations.bronze_parking_violations"} */

  
  create view "nyc_parking_violations"."main"."bronze_parking_violations__dbt_tmp" as (
    SELECT
    summons_number,
    registration_state,
    plate_type,
    issue_date,
    violation_code,
    vehicle_body_type,
    vehicle_make,
    issuing_agency,
    vehicle_expiration_date,
    violation_location,
    violation_precinct,
    issuer_precinct,
    issuer_code,
    issuer_command,
    issuer_squad,
    violation_time,
    violation_county,
    violation_legal_code,
    vehicle_color,
    vehicle_year,
FROM
    parking_violations_2023
  );

[0m22:08:22.774355 [debug] [Thread-1 (]: SQL status: OK in 0.0 seconds
[0m22:08:22.785186 [debug] [Thread-1 (]: Using duckdb connection "model.nyc_parking_violations.bronze_parking_violations"
[0m22:08:22.785186 [debug] [Thread-1 (]: On model.nyc_parking_violations.bronze_parking_violations: /* {"app": "dbt", "dbt_version": "1.6.1", "profile_name": "nyc_parking_violations", "target_name": "dev", "node_id": "model.nyc_parking_violations.bronze_parking_violations"} */
alter view "nyc_parking_violations"."main"."bronze_parking_violations__dbt_tmp" rename to "bronze_parking_violations"
[0m22:08:22.785186 [debug] [Thread-1 (]: SQL status: OK in 0.0 seconds
[0m22:08:22.785186 [debug] [Thread-1 (]: On model.nyc_parking_violations.bronze_parking_violations: COMMIT
[0m22:08:22.791192 [debug] [Thread-1 (]: Using duckdb connection "model.nyc_parking_violations.bronze_parking_violations"
[0m22:08:22.791192 [debug] [Thread-1 (]: On model.nyc_parking_violations.bronze_parking_violations: COMMIT
[0m22:08:22.791192 [debug] [Thread-1 (]: SQL status: OK in 0.0 seconds
[0m22:08:22.791192 [debug] [Thread-1 (]: Using duckdb connection "model.nyc_parking_violations.bronze_parking_violations"
[0m22:08:22.799609 [debug] [Thread-1 (]: On model.nyc_parking_violations.bronze_parking_violations: /* {"app": "dbt", "dbt_version": "1.6.1", "profile_name": "nyc_parking_violations", "target_name": "dev", "node_id": "model.nyc_parking_violations.bronze_parking_violations"} */
drop view if exists "nyc_parking_violations"."main"."bronze_parking_violations__dbt_backup" cascade
[0m22:08:22.799609 [debug] [Thread-1 (]: SQL status: OK in 0.0 seconds
[0m22:08:22.799609 [debug] [Thread-1 (]: Timing info for model.nyc_parking_violations.bronze_parking_violations (execute): 22:08:22.758251 => 22:08:22.799609
[0m22:08:22.799609 [debug] [Thread-1 (]: On model.nyc_parking_violations.bronze_parking_violations: Close
[0m22:08:22.817668 [debug] [Thread-1 (]: Sending event: {'category': 'dbt', 'action': 'run_model', 'label': '0c5deff1-28f0-44e5-bbc2-7375c0d09422', 'context': [<snowplow_tracker.self_describing_json.SelfDescribingJson object at 0x00000289AF8CBEB0>]}
[0m22:08:22.817668 [info ] [Thread-1 (]: 2 of 4 OK created sql view model main.bronze_parking_violations ................ [[32mOK[0m in 0.07s]
[0m22:08:22.817668 [debug] [Thread-1 (]: Finished running node model.nyc_parking_violations.bronze_parking_violations
[0m22:08:22.817668 [debug] [Thread-1 (]: Began running node model.nyc_parking_violations.first_model
[0m22:08:22.817668 [info ] [Thread-1 (]: 3 of 4 START sql view model main.first_model ................................... [RUN]
[0m22:08:22.817668 [debug] [Thread-1 (]: Re-using an available connection from the pool (formerly model.nyc_parking_violations.bronze_parking_violations, now model.nyc_parking_violations.first_model)
[0m22:08:22.817668 [debug] [Thread-1 (]: Began compiling node model.nyc_parking_violations.first_model
[0m22:08:22.817668 [debug] [Thread-1 (]: Writing injected SQL for node "model.nyc_parking_violations.first_model"
[0m22:08:22.817668 [debug] [Thread-1 (]: Timing info for model.nyc_parking_violations.first_model (compile): 22:08:22.817668 => 22:08:22.817668
[0m22:08:22.817668 [debug] [Thread-1 (]: Began executing node model.nyc_parking_violations.first_model
[0m22:08:22.833097 [debug] [Thread-1 (]: Writing runtime sql for node "model.nyc_parking_violations.first_model"
[0m22:08:22.833417 [debug] [Thread-1 (]: Using duckdb connection "model.nyc_parking_violations.first_model"
[0m22:08:22.833417 [debug] [Thread-1 (]: On model.nyc_parking_violations.first_model: BEGIN
[0m22:08:22.833417 [debug] [Thread-1 (]: Opening a new connection, currently in state closed
[0m22:08:22.839950 [debug] [Thread-1 (]: SQL status: OK in 0.0 seconds
[0m22:08:22.849499 [debug] [Thread-1 (]: Using duckdb connection "model.nyc_parking_violations.first_model"
[0m22:08:22.850965 [debug] [Thread-1 (]: On model.nyc_parking_violations.first_model: /* {"app": "dbt", "dbt_version": "1.6.1", "profile_name": "nyc_parking_violations", "target_name": "dev", "node_id": "model.nyc_parking_violations.first_model"} */

  
  create view "nyc_parking_violations"."main"."first_model__dbt_tmp" as (
    SELECT * FROM parking_violation_codes
  );

[0m22:08:22.851653 [debug] [Thread-1 (]: SQL status: OK in 0.0 seconds
[0m22:08:22.851653 [debug] [Thread-1 (]: Using duckdb connection "model.nyc_parking_violations.first_model"
[0m22:08:22.851653 [debug] [Thread-1 (]: On model.nyc_parking_violations.first_model: /* {"app": "dbt", "dbt_version": "1.6.1", "profile_name": "nyc_parking_violations", "target_name": "dev", "node_id": "model.nyc_parking_violations.first_model"} */
alter view "nyc_parking_violations"."main"."first_model" rename to "first_model__dbt_backup"
[0m22:08:22.851653 [debug] [Thread-1 (]: SQL status: OK in 0.0 seconds
[0m22:08:22.857787 [debug] [Thread-1 (]: Using duckdb connection "model.nyc_parking_violations.first_model"
[0m22:08:22.857787 [debug] [Thread-1 (]: On model.nyc_parking_violations.first_model: /* {"app": "dbt", "dbt_version": "1.6.1", "profile_name": "nyc_parking_violations", "target_name": "dev", "node_id": "model.nyc_parking_violations.first_model"} */
alter view "nyc_parking_violations"."main"."first_model__dbt_tmp" rename to "first_model"
[0m22:08:22.857787 [debug] [Thread-1 (]: SQL status: OK in 0.0 seconds
[0m22:08:22.857787 [debug] [Thread-1 (]: On model.nyc_parking_violations.first_model: COMMIT
[0m22:08:22.857787 [debug] [Thread-1 (]: Using duckdb connection "model.nyc_parking_violations.first_model"
[0m22:08:22.857787 [debug] [Thread-1 (]: On model.nyc_parking_violations.first_model: COMMIT
[0m22:08:22.866217 [debug] [Thread-1 (]: SQL status: OK in 0.0 seconds
[0m22:08:22.872322 [debug] [Thread-1 (]: Using duckdb connection "model.nyc_parking_violations.first_model"
[0m22:08:22.872322 [debug] [Thread-1 (]: On model.nyc_parking_violations.first_model: /* {"app": "dbt", "dbt_version": "1.6.1", "profile_name": "nyc_parking_violations", "target_name": "dev", "node_id": "model.nyc_parking_violations.first_model"} */
drop view if exists "nyc_parking_violations"."main"."first_model__dbt_backup" cascade
[0m22:08:22.872322 [debug] [Thread-1 (]: SQL status: OK in 0.0 seconds
[0m22:08:22.872322 [debug] [Thread-1 (]: Timing info for model.nyc_parking_violations.first_model (execute): 22:08:22.817668 => 22:08:22.872322
[0m22:08:22.872322 [debug] [Thread-1 (]: On model.nyc_parking_violations.first_model: Close
[0m22:08:22.884245 [debug] [Thread-1 (]: Sending event: {'category': 'dbt', 'action': 'run_model', 'label': '0c5deff1-28f0-44e5-bbc2-7375c0d09422', 'context': [<snowplow_tracker.self_describing_json.SelfDescribingJson object at 0x00000289AF9736D0>]}
[0m22:08:22.884245 [info ] [Thread-1 (]: 3 of 4 OK created sql view model main.first_model .............................. [[32mOK[0m in 0.07s]
[0m22:08:22.884245 [debug] [Thread-1 (]: Finished running node model.nyc_parking_violations.first_model
[0m22:08:22.898212 [debug] [Thread-1 (]: Began running node model.nyc_parking_violations.ref_model
[0m22:08:22.898212 [info ] [Thread-1 (]: 4 of 4 START sql view model main.ref_model ..................................... [RUN]
[0m22:08:22.901123 [debug] [Thread-1 (]: Re-using an available connection from the pool (formerly model.nyc_parking_violations.first_model, now model.nyc_parking_violations.ref_model)
[0m22:08:22.902656 [debug] [Thread-1 (]: Began compiling node model.nyc_parking_violations.ref_model
[0m22:08:22.902656 [debug] [Thread-1 (]: Writing injected SQL for node "model.nyc_parking_violations.ref_model"
[0m22:08:22.906530 [debug] [Thread-1 (]: Timing info for model.nyc_parking_violations.ref_model (compile): 22:08:22.902656 => 22:08:22.906530
[0m22:08:22.906530 [debug] [Thread-1 (]: Began executing node model.nyc_parking_violations.ref_model
[0m22:08:22.906530 [debug] [Thread-1 (]: Writing runtime sql for node "model.nyc_parking_violations.ref_model"
[0m22:08:22.911381 [debug] [Thread-1 (]: Using duckdb connection "model.nyc_parking_violations.ref_model"
[0m22:08:22.911381 [debug] [Thread-1 (]: On model.nyc_parking_violations.ref_model: BEGIN
[0m22:08:22.911381 [debug] [Thread-1 (]: Opening a new connection, currently in state closed
[0m22:08:22.919014 [debug] [Thread-1 (]: SQL status: OK in 0.0 seconds
[0m22:08:22.919014 [debug] [Thread-1 (]: Using duckdb connection "model.nyc_parking_violations.ref_model"
[0m22:08:22.919014 [debug] [Thread-1 (]: On model.nyc_parking_violations.ref_model: /* {"app": "dbt", "dbt_version": "1.6.1", "profile_name": "nyc_parking_violations", "target_name": "dev", "node_id": "model.nyc_parking_violations.ref_model"} */

  
  create view "nyc_parking_violations"."main"."ref_model__dbt_tmp" as (
    SELECT Count(*) from "nyc_parking_violations"."main"."first_model"
  );

[0m22:08:22.930670 [debug] [Thread-1 (]: SQL status: OK in 0.0 seconds
[0m22:08:22.933256 [debug] [Thread-1 (]: Using duckdb connection "model.nyc_parking_violations.ref_model"
[0m22:08:22.933256 [debug] [Thread-1 (]: On model.nyc_parking_violations.ref_model: /* {"app": "dbt", "dbt_version": "1.6.1", "profile_name": "nyc_parking_violations", "target_name": "dev", "node_id": "model.nyc_parking_violations.ref_model"} */
alter view "nyc_parking_violations"."main"."ref_model" rename to "ref_model__dbt_backup"
[0m22:08:22.933256 [debug] [Thread-1 (]: SQL status: OK in 0.0 seconds
[0m22:08:22.933256 [debug] [Thread-1 (]: Using duckdb connection "model.nyc_parking_violations.ref_model"
[0m22:08:22.933256 [debug] [Thread-1 (]: On model.nyc_parking_violations.ref_model: /* {"app": "dbt", "dbt_version": "1.6.1", "profile_name": "nyc_parking_violations", "target_name": "dev", "node_id": "model.nyc_parking_violations.ref_model"} */
alter view "nyc_parking_violations"."main"."ref_model__dbt_tmp" rename to "ref_model"
[0m22:08:22.933256 [debug] [Thread-1 (]: SQL status: OK in 0.0 seconds
[0m22:08:22.933256 [debug] [Thread-1 (]: On model.nyc_parking_violations.ref_model: COMMIT
[0m22:08:22.933256 [debug] [Thread-1 (]: Using duckdb connection "model.nyc_parking_violations.ref_model"
[0m22:08:22.933256 [debug] [Thread-1 (]: On model.nyc_parking_violations.ref_model: COMMIT
[0m22:08:22.946500 [debug] [Thread-1 (]: SQL status: OK in 0.0 seconds
[0m22:08:22.950129 [debug] [Thread-1 (]: Using duckdb connection "model.nyc_parking_violations.ref_model"
[0m22:08:22.950129 [debug] [Thread-1 (]: On model.nyc_parking_violations.ref_model: /* {"app": "dbt", "dbt_version": "1.6.1", "profile_name": "nyc_parking_violations", "target_name": "dev", "node_id": "model.nyc_parking_violations.ref_model"} */
drop view if exists "nyc_parking_violations"."main"."ref_model__dbt_backup" cascade
[0m22:08:22.950129 [debug] [Thread-1 (]: SQL status: OK in 0.0 seconds
[0m22:08:22.950129 [debug] [Thread-1 (]: Timing info for model.nyc_parking_violations.ref_model (execute): 22:08:22.906530 => 22:08:22.950129
[0m22:08:22.950129 [debug] [Thread-1 (]: On model.nyc_parking_violations.ref_model: Close
[0m22:08:22.967027 [debug] [Thread-1 (]: Sending event: {'category': 'dbt', 'action': 'run_model', 'label': '0c5deff1-28f0-44e5-bbc2-7375c0d09422', 'context': [<snowplow_tracker.self_describing_json.SelfDescribingJson object at 0x00000289AF95C730>]}
[0m22:08:22.967027 [info ] [Thread-1 (]: 4 of 4 OK created sql view model main.ref_model ................................ [[32mOK[0m in 0.07s]
[0m22:08:22.967027 [debug] [Thread-1 (]: Finished running node model.nyc_parking_violations.ref_model
[0m22:08:22.967027 [debug] [MainThread]: Using duckdb connection "master"
[0m22:08:22.967027 [debug] [MainThread]: On master: BEGIN
[0m22:08:22.967027 [debug] [MainThread]: Opening a new connection, currently in state closed
[0m22:08:22.986190 [debug] [MainThread]: SQL status: OK in 0.0 seconds
[0m22:08:22.986190 [debug] [MainThread]: On master: COMMIT
[0m22:08:22.986190 [debug] [MainThread]: Using duckdb connection "master"
[0m22:08:22.986190 [debug] [MainThread]: On master: COMMIT
[0m22:08:22.986190 [debug] [MainThread]: SQL status: OK in 0.0 seconds
[0m22:08:22.986190 [debug] [MainThread]: On master: Close
[0m22:08:22.994642 [debug] [MainThread]: Connection 'master' was properly closed.
[0m22:08:22.994642 [debug] [MainThread]: Connection 'create_nyc_parking_violations_main' was properly closed.
[0m22:08:22.994642 [debug] [MainThread]: Connection 'list_nyc_parking_violations_main' was properly closed.
[0m22:08:22.994642 [debug] [MainThread]: Connection 'model.nyc_parking_violations.ref_model' was properly closed.
[0m22:08:22.994642 [info ] [MainThread]: 
[0m22:08:22.994642 [info ] [MainThread]: Finished running 4 view models in 0 hours 0 minutes and 0.56 seconds (0.56s).
[0m22:08:23.000146 [debug] [MainThread]: Command end result
[0m22:08:23.010377 [info ] [MainThread]: 
[0m22:08:23.010377 [info ] [MainThread]: [32mCompleted successfully[0m
[0m22:08:23.011957 [info ] [MainThread]: 
[0m22:08:23.011957 [info ] [MainThread]: Done. PASS=4 WARN=0 ERROR=0 SKIP=0 TOTAL=4
[0m22:08:23.011957 [debug] [MainThread]: Command `dbt run` succeeded at 22:08:23.011957 after 0.85 seconds
[0m22:08:23.011957 [debug] [MainThread]: Sending event: {'category': 'dbt', 'action': 'invocation', 'label': 'end', 'context': [<snowplow_tracker.self_describing_json.SelfDescribingJson object at 0x00000289AC74F520>, <snowplow_tracker.self_describing_json.SelfDescribingJson object at 0x00000289AF876860>, <snowplow_tracker.self_describing_json.SelfDescribingJson object at 0x00000289AF876890>]}
[0m22:08:23.011957 [debug] [MainThread]: Flushing usage events
[0m22:20:15.353929 [debug] [MainThread]: Sending event: {'category': 'dbt', 'action': 'invocation', 'label': 'start', 'context': [<snowplow_tracker.self_describing_json.SelfDescribingJson object at 0x00000299CA6AF4F0>, <snowplow_tracker.self_describing_json.SelfDescribingJson object at 0x00000299CD4F9CC0>, <snowplow_tracker.self_describing_json.SelfDescribingJson object at 0x00000299CD4F9240>]}


============================== 22:20:15.360398 | ea781597-c0b6-43e5-88ab-d43c80531819 ==============================
[0m22:20:15.360398 [info ] [MainThread]: Running with dbt=1.6.1
[0m22:20:15.360398 [debug] [MainThread]: running dbt with arguments {'write_json': 'True', 'cache_selected_only': 'False', 'invocation_command': 'dbt debug', 'profiles_dir': 'D:\\DBT CORE\\nyc_parking_violations', 'log_format': 'default', 'warn_error': 'None', 'log_path': 'D:\\DBT CORE\\nyc_parking_violations\\logs', 'partial_parse': 'True', 'indirect_selection': 'eager', 'send_anonymous_usage_stats': 'True', 'fail_fast': 'False', 'warn_error_options': 'WarnErrorOptions(include=[], exclude=[])', 'static_parser': 'True', 'use_experimental_parser': 'False', 'version_check': 'True', 'introspect': 'True', 'quiet': 'False', 'log_cache_events': 'False', 'debug': 'False', 'no_print': 'None', 'use_colors': 'True', 'printer_width': '80', 'target_path': 'None'}
[0m22:20:15.363951 [info ] [MainThread]: dbt version: 1.6.1
[0m22:20:15.363951 [info ] [MainThread]: python version: 3.10.8
[0m22:20:15.363951 [info ] [MainThread]: python path: C:\Users\Manjiri\AppData\Local\Programs\Python\Python310\python.exe
[0m22:20:15.363951 [info ] [MainThread]: os info: Windows-10-10.0.26200-SP0
[0m22:20:15.439230 [info ] [MainThread]: Using profiles dir at D:\DBT CORE\nyc_parking_violations
[0m22:20:15.444236 [info ] [MainThread]: Using profiles.yml file at D:\DBT CORE\nyc_parking_violations\profiles.yml
[0m22:20:15.444236 [info ] [MainThread]: Using dbt_project.yml file at D:\DBT CORE\nyc_parking_violations\dbt_project.yml
[0m22:20:15.445928 [info ] [MainThread]: adapter type: duckdb
[0m22:20:15.447380 [info ] [MainThread]: adapter version: 1.6.0
[0m22:20:15.469370 [info ] [MainThread]: Configuration:
[0m22:20:15.469370 [info ] [MainThread]:   profiles.yml file [[32mOK found and valid[0m]
[0m22:20:15.469370 [info ] [MainThread]:   dbt_project.yml file [[32mOK found and valid[0m]
[0m22:20:15.473063 [info ] [MainThread]: Required dependencies:
[0m22:20:15.474072 [debug] [MainThread]: Executing "git --help"
[0m22:20:15.517920 [debug] [MainThread]: STDOUT: "b"usage: git [-v | --version] [-h | --help] [-C <path>] [-c <name>=<value>]\n           [--exec-path[=<path>]] [--html-path] [--man-path] [--info-path]\n           [-p | --paginate | -P | --no-pager] [--no-replace-objects] [--bare]\n           [--git-dir=<path>] [--work-tree=<path>] [--namespace=<name>]\n           [--config-env=<name>=<envvar>] <command> [<args>]\n\nThese are common Git commands used in various situations:\n\nstart a working area (see also: git help tutorial)\n   clone     Clone a repository into a new directory\n   init      Create an empty Git repository or reinitialize an existing one\n\nwork on the current change (see also: git help everyday)\n   add       Add file contents to the index\n   mv        Move or rename a file, a directory, or a symlink\n   restore   Restore working tree files\n   rm        Remove files from the working tree and from the index\n\nexamine the history and state (see also: git help revisions)\n   bisect    Use binary search to find the commit that introduced a bug\n   diff      Show changes between commits, commit and working tree, etc\n   grep      Print lines matching a pattern\n   log       Show commit logs\n   show      Show various types of objects\n   status    Show the working tree status\n\ngrow, mark and tweak your common history\n   branch    List, create, or delete branches\n   commit    Record changes to the repository\n   merge     Join two or more development histories together\n   rebase    Reapply commits on top of another base tip\n   reset     Reset current HEAD to the specified state\n   switch    Switch branches\n   tag       Create, list, delete or verify a tag object signed with GPG\n\ncollaborate (see also: git help workflows)\n   fetch     Download objects and refs from another repository\n   pull      Fetch from and integrate with another repository or a local branch\n   push      Update remote refs along with associated objects\n\n'git help -a' and 'git help -g' list available subcommands and some\nconcept guides. See 'git help <command>' or 'git help <concept>'\nto read about a specific subcommand or concept.\nSee 'git help git' for an overview of the system.\n""
[0m22:20:15.517920 [debug] [MainThread]: STDERR: "b''"
[0m22:20:15.517920 [info ] [MainThread]:  - git [[32mOK found[0m]

[0m22:20:15.517920 [info ] [MainThread]: Connection:
[0m22:20:15.517920 [info ] [MainThread]:   database: nyc_parking_violations
[0m22:20:15.517920 [info ] [MainThread]:   schema: main
[0m22:20:15.517920 [info ] [MainThread]:   path: ../data/nyc_parking_violations.db
[0m22:20:15.523947 [info ] [MainThread]:   config_options: None
[0m22:20:15.523947 [info ] [MainThread]:   extensions: None
[0m22:20:15.523947 [info ] [MainThread]:   settings: None
[0m22:20:15.527213 [info ] [MainThread]:   external_root: .
[0m22:20:15.527894 [info ] [MainThread]:   use_credential_provider: None
[0m22:20:15.528718 [info ] [MainThread]:   attach: None
[0m22:20:15.528718 [info ] [MainThread]:   filesystems: None
[0m22:20:15.528718 [info ] [MainThread]:   remote: None
[0m22:20:15.528718 [info ] [MainThread]:   plugins: None
[0m22:20:15.531505 [info ] [MainThread]:   disable_transactions: False
[0m22:20:15.531505 [info ] [MainThread]: Registered adapter: duckdb=1.6.0
[0m22:20:15.534112 [debug] [MainThread]: Acquiring new duckdb connection 'debug'
[0m22:20:15.534112 [debug] [MainThread]: Using duckdb connection "debug"
[0m22:20:15.534112 [debug] [MainThread]: On debug: select 1 as id
[0m22:20:15.534112 [debug] [MainThread]: Opening a new connection, currently in state init
[0m22:20:15.605889 [debug] [MainThread]: SQL status: OK in 0.0 seconds
[0m22:20:15.605889 [debug] [MainThread]: On debug: Close
[0m22:20:15.605889 [info ] [MainThread]:   Connection test: [[32mOK connection ok[0m]

[0m22:20:15.610960 [info ] [MainThread]: [32mAll checks passed![0m
[0m22:20:15.612421 [debug] [MainThread]: Command `dbt debug` succeeded at 22:20:15.611916 after 0.28 seconds
[0m22:20:15.612421 [debug] [MainThread]: Connection 'debug' was properly closed.
[0m22:20:15.614074 [debug] [MainThread]: Sending event: {'category': 'dbt', 'action': 'invocation', 'label': 'end', 'context': [<snowplow_tracker.self_describing_json.SelfDescribingJson object at 0x00000299CA6AF4F0>, <snowplow_tracker.self_describing_json.SelfDescribingJson object at 0x00000299CD5F2A10>, <snowplow_tracker.self_describing_json.SelfDescribingJson object at 0x00000299CD5F1900>]}
[0m22:20:15.614074 [debug] [MainThread]: Flushing usage events
[0m22:20:22.645625 [debug] [MainThread]: Sending event: {'category': 'dbt', 'action': 'invocation', 'label': 'start', 'context': [<snowplow_tracker.self_describing_json.SelfDescribingJson object at 0x00000256E286F550>, <snowplow_tracker.self_describing_json.SelfDescribingJson object at 0x00000256E56B9CF0>, <snowplow_tracker.self_describing_json.SelfDescribingJson object at 0x00000256E56B87C0>]}


============================== 22:20:22.649223 | fb66f4f6-73d0-4e71-9bb3-7440fa386960 ==============================
[0m22:20:22.649223 [info ] [MainThread]: Running with dbt=1.6.1
[0m22:20:22.650435 [debug] [MainThread]: running dbt with arguments {'use_colors': 'True', 'log_format': 'default', 'printer_width': '80', 'target_path': 'None', 'profiles_dir': 'D:\\DBT CORE\\nyc_parking_violations', 'warn_error': 'None', 'indirect_selection': 'eager', 'partial_parse': 'True', 'log_path': 'D:\\DBT CORE\\nyc_parking_violations\\logs', 'send_anonymous_usage_stats': 'True', 'static_parser': 'True', 'warn_error_options': 'WarnErrorOptions(include=[], exclude=[])', 'fail_fast': 'False', 'version_check': 'True', 'use_experimental_parser': 'False', 'introspect': 'True', 'quiet': 'False', 'log_cache_events': 'False', 'debug': 'False', 'no_print': 'None', 'invocation_command': 'dbt compile', 'cache_selected_only': 'False', 'write_json': 'True'}
[0m22:20:22.761214 [debug] [MainThread]: Sending event: {'category': 'dbt', 'action': 'project_id', 'label': 'fb66f4f6-73d0-4e71-9bb3-7440fa386960', 'context': [<snowplow_tracker.self_describing_json.SelfDescribingJson object at 0x00000256E56B9A50>]}
[0m22:20:22.785494 [debug] [MainThread]: Sending event: {'category': 'dbt', 'action': 'adapter_info', 'label': 'fb66f4f6-73d0-4e71-9bb3-7440fa386960', 'context': [<snowplow_tracker.self_describing_json.SelfDescribingJson object at 0x00000256E579EBC0>]}
[0m22:20:22.785494 [info ] [MainThread]: Registered adapter: duckdb=1.6.0
[0m22:20:22.793072 [debug] [MainThread]: checksum: efe19d9f5b93d1a98cc804fbfcdb6b3aced98b974af664946fee1cde8837deb7, vars: {}, profile: , target: , version: 1.6.1
[0m22:20:22.865526 [debug] [MainThread]: Partial parsing enabled: 0 files deleted, 4 files added, 0 files changed.
[0m22:20:22.865526 [debug] [MainThread]: Partial parsing: added file: nyc_parking_violations://models\silver\silver_violation_tickets.sql
[0m22:20:22.865526 [debug] [MainThread]: Partial parsing: added file: nyc_parking_violations://models\silver\silver_violation_vehicles.sql
[0m22:20:22.865526 [debug] [MainThread]: Partial parsing: added file: nyc_parking_violations://models\silver\silver_parking_violation_codes.sql
[0m22:20:22.865526 [debug] [MainThread]: Partial parsing: added file: nyc_parking_violations://models\silver\silver_parking_violations.sql
[0m22:20:22.968605 [debug] [MainThread]: Sending event: {'category': 'dbt', 'action': 'load_project', 'label': 'fb66f4f6-73d0-4e71-9bb3-7440fa386960', 'context': [<snowplow_tracker.self_describing_json.SelfDescribingJson object at 0x00000256E59D5780>]}
[0m22:20:22.985525 [debug] [MainThread]: Sending event: {'category': 'dbt', 'action': 'resource_counts', 'label': 'fb66f4f6-73d0-4e71-9bb3-7440fa386960', 'context': [<snowplow_tracker.self_describing_json.SelfDescribingJson object at 0x00000256E591B5E0>]}
[0m22:20:22.985525 [info ] [MainThread]: Found 8 models, 0 sources, 0 exposures, 0 metrics, 348 macros, 0 groups, 0 semantic models
[0m22:20:22.985525 [debug] [MainThread]: Sending event: {'category': 'dbt', 'action': 'runnable_timing', 'label': 'fb66f4f6-73d0-4e71-9bb3-7440fa386960', 'context': [<snowplow_tracker.self_describing_json.SelfDescribingJson object at 0x00000256E5963EE0>]}
[0m22:20:22.985525 [info ] [MainThread]: 
[0m22:20:22.985525 [debug] [MainThread]: Acquiring new duckdb connection 'master'
[0m22:20:22.985525 [debug] [ThreadPool]: Acquiring new duckdb connection 'list_nyc_parking_violations_main'
[0m22:20:23.004677 [debug] [ThreadPool]: Using duckdb connection "list_nyc_parking_violations_main"
[0m22:20:23.004677 [debug] [ThreadPool]: On list_nyc_parking_violations_main: BEGIN
[0m22:20:23.004677 [debug] [ThreadPool]: Opening a new connection, currently in state init
[0m22:20:23.022199 [debug] [ThreadPool]: SQL status: OK in 0.0 seconds
[0m22:20:23.022199 [debug] [ThreadPool]: Using duckdb connection "list_nyc_parking_violations_main"
[0m22:20:23.022199 [debug] [ThreadPool]: On list_nyc_parking_violations_main: /* {"app": "dbt", "dbt_version": "1.6.1", "profile_name": "nyc_parking_violations", "target_name": "dev", "connection_name": "list_nyc_parking_violations_main"} */
select
      'nyc_parking_violations' as database,
      table_name as name,
      table_schema as schema,
      CASE table_type
        WHEN 'BASE TABLE' THEN 'table'
        WHEN 'VIEW' THEN 'view'
        WHEN 'LOCAL TEMPORARY' THEN 'table'
        END as type
    from system.information_schema.tables
    where table_schema = 'main'
    and table_catalog = 'nyc_parking_violations'
  
[0m22:20:23.036737 [debug] [ThreadPool]: SQL status: OK in 0.0 seconds
[0m22:20:23.036737 [debug] [ThreadPool]: On list_nyc_parking_violations_main: ROLLBACK
[0m22:20:23.036737 [debug] [ThreadPool]: Failed to rollback 'list_nyc_parking_violations_main'
[0m22:20:23.036737 [debug] [ThreadPool]: On list_nyc_parking_violations_main: Close
[0m22:20:23.040611 [debug] [MainThread]: Sending event: {'category': 'dbt', 'action': 'runnable_timing', 'label': 'fb66f4f6-73d0-4e71-9bb3-7440fa386960', 'context': [<snowplow_tracker.self_describing_json.SelfDescribingJson object at 0x00000256E59307F0>]}
[0m22:20:23.040611 [info ] [MainThread]: Concurrency: 1 threads (target='dev')
[0m22:20:23.040611 [info ] [MainThread]: 
[0m22:20:23.040611 [debug] [Thread-1 (]: Began running node model.nyc_parking_violations.bronze_parking_violation_codes
[0m22:20:23.040611 [debug] [Thread-1 (]: Acquiring new duckdb connection 'model.nyc_parking_violations.bronze_parking_violation_codes'
[0m22:20:23.052398 [debug] [Thread-1 (]: Began compiling node model.nyc_parking_violations.bronze_parking_violation_codes
[0m22:20:23.054945 [debug] [Thread-1 (]: Writing injected SQL for node "model.nyc_parking_violations.bronze_parking_violation_codes"
[0m22:20:23.060767 [debug] [Thread-1 (]: Timing info for model.nyc_parking_violations.bronze_parking_violation_codes (compile): 22:20:23.053190 => 22:20:23.060767
[0m22:20:23.060767 [debug] [Thread-1 (]: Began executing node model.nyc_parking_violations.bronze_parking_violation_codes
[0m22:20:23.060767 [debug] [Thread-1 (]: Timing info for model.nyc_parking_violations.bronze_parking_violation_codes (execute): 22:20:23.060767 => 22:20:23.060767
[0m22:20:23.060767 [debug] [Thread-1 (]: Finished running node model.nyc_parking_violations.bronze_parking_violation_codes
[0m22:20:23.060767 [debug] [Thread-1 (]: Began running node model.nyc_parking_violations.bronze_parking_violations
[0m22:20:23.060767 [debug] [Thread-1 (]: Re-using an available connection from the pool (formerly model.nyc_parking_violations.bronze_parking_violation_codes, now model.nyc_parking_violations.bronze_parking_violations)
[0m22:20:23.060767 [debug] [Thread-1 (]: Began compiling node model.nyc_parking_violations.bronze_parking_violations
[0m22:20:23.060767 [debug] [Thread-1 (]: Writing injected SQL for node "model.nyc_parking_violations.bronze_parking_violations"
[0m22:20:23.060767 [debug] [Thread-1 (]: Timing info for model.nyc_parking_violations.bronze_parking_violations (compile): 22:20:23.060767 => 22:20:23.060767
[0m22:20:23.060767 [debug] [Thread-1 (]: Began executing node model.nyc_parking_violations.bronze_parking_violations
[0m22:20:23.060767 [debug] [Thread-1 (]: Timing info for model.nyc_parking_violations.bronze_parking_violations (execute): 22:20:23.060767 => 22:20:23.060767
[0m22:20:23.070468 [debug] [Thread-1 (]: Finished running node model.nyc_parking_violations.bronze_parking_violations
[0m22:20:23.071477 [debug] [Thread-1 (]: Began running node model.nyc_parking_violations.first_model
[0m22:20:23.071477 [debug] [Thread-1 (]: Re-using an available connection from the pool (formerly model.nyc_parking_violations.bronze_parking_violations, now model.nyc_parking_violations.first_model)
[0m22:20:23.073563 [debug] [Thread-1 (]: Began compiling node model.nyc_parking_violations.first_model
[0m22:20:23.074722 [debug] [Thread-1 (]: Writing injected SQL for node "model.nyc_parking_violations.first_model"
[0m22:20:23.076302 [debug] [Thread-1 (]: Timing info for model.nyc_parking_violations.first_model (compile): 22:20:23.073563 => 22:20:23.076302
[0m22:20:23.076302 [debug] [Thread-1 (]: Began executing node model.nyc_parking_violations.first_model
[0m22:20:23.077916 [debug] [Thread-1 (]: Timing info for model.nyc_parking_violations.first_model (execute): 22:20:23.077916 => 22:20:23.077916
[0m22:20:23.077916 [debug] [Thread-1 (]: Finished running node model.nyc_parking_violations.first_model
[0m22:20:23.077916 [debug] [Thread-1 (]: Began running node model.nyc_parking_violations.silver_parking_violation_codes
[0m22:20:23.077916 [debug] [Thread-1 (]: Re-using an available connection from the pool (formerly model.nyc_parking_violations.first_model, now model.nyc_parking_violations.silver_parking_violation_codes)
[0m22:20:23.077916 [debug] [Thread-1 (]: Began compiling node model.nyc_parking_violations.silver_parking_violation_codes
[0m22:20:23.077916 [debug] [Thread-1 (]: Writing injected SQL for node "model.nyc_parking_violations.silver_parking_violation_codes"
[0m22:20:23.136820 [debug] [Thread-1 (]: Timing info for model.nyc_parking_violations.silver_parking_violation_codes (compile): 22:20:23.077916 => 22:20:23.136820
[0m22:20:23.136820 [debug] [Thread-1 (]: Began executing node model.nyc_parking_violations.silver_parking_violation_codes
[0m22:20:23.136820 [debug] [Thread-1 (]: Timing info for model.nyc_parking_violations.silver_parking_violation_codes (execute): 22:20:23.136820 => 22:20:23.136820
[0m22:20:23.136820 [debug] [Thread-1 (]: Finished running node model.nyc_parking_violations.silver_parking_violation_codes
[0m22:20:23.136820 [debug] [Thread-1 (]: Began running node model.nyc_parking_violations.silver_parking_violations
[0m22:20:23.136820 [debug] [Thread-1 (]: Re-using an available connection from the pool (formerly model.nyc_parking_violations.silver_parking_violation_codes, now model.nyc_parking_violations.silver_parking_violations)
[0m22:20:23.136820 [debug] [Thread-1 (]: Began compiling node model.nyc_parking_violations.silver_parking_violations
[0m22:20:23.143807 [debug] [Thread-1 (]: Writing injected SQL for node "model.nyc_parking_violations.silver_parking_violations"
[0m22:20:23.148269 [debug] [Thread-1 (]: Timing info for model.nyc_parking_violations.silver_parking_violations (compile): 22:20:23.143807 => 22:20:23.148269
[0m22:20:23.148269 [debug] [Thread-1 (]: Began executing node model.nyc_parking_violations.silver_parking_violations
[0m22:20:23.148269 [debug] [Thread-1 (]: Timing info for model.nyc_parking_violations.silver_parking_violations (execute): 22:20:23.148269 => 22:20:23.148269
[0m22:20:23.148269 [debug] [Thread-1 (]: Finished running node model.nyc_parking_violations.silver_parking_violations
[0m22:20:23.148269 [debug] [Thread-1 (]: Began running node model.nyc_parking_violations.ref_model
[0m22:20:23.152254 [debug] [Thread-1 (]: Re-using an available connection from the pool (formerly model.nyc_parking_violations.silver_parking_violations, now model.nyc_parking_violations.ref_model)
[0m22:20:23.153272 [debug] [Thread-1 (]: Began compiling node model.nyc_parking_violations.ref_model
[0m22:20:23.153272 [debug] [Thread-1 (]: Writing injected SQL for node "model.nyc_parking_violations.ref_model"
[0m22:20:23.153272 [debug] [Thread-1 (]: Timing info for model.nyc_parking_violations.ref_model (compile): 22:20:23.153272 => 22:20:23.153272
[0m22:20:23.153272 [debug] [Thread-1 (]: Began executing node model.nyc_parking_violations.ref_model
[0m22:20:23.153272 [debug] [Thread-1 (]: Timing info for model.nyc_parking_violations.ref_model (execute): 22:20:23.153272 => 22:20:23.153272
[0m22:20:23.153272 [debug] [Thread-1 (]: Finished running node model.nyc_parking_violations.ref_model
[0m22:20:23.153272 [debug] [Thread-1 (]: Began running node model.nyc_parking_violations.silver_violation_tickets
[0m22:20:23.153272 [debug] [Thread-1 (]: Re-using an available connection from the pool (formerly model.nyc_parking_violations.ref_model, now model.nyc_parking_violations.silver_violation_tickets)
[0m22:20:23.153272 [debug] [Thread-1 (]: Began compiling node model.nyc_parking_violations.silver_violation_tickets
[0m22:20:23.153272 [debug] [Thread-1 (]: Writing injected SQL for node "model.nyc_parking_violations.silver_violation_tickets"
[0m22:20:23.153272 [debug] [Thread-1 (]: Timing info for model.nyc_parking_violations.silver_violation_tickets (compile): 22:20:23.153272 => 22:20:23.153272
[0m22:20:23.153272 [debug] [Thread-1 (]: Began executing node model.nyc_parking_violations.silver_violation_tickets
[0m22:20:23.153272 [debug] [Thread-1 (]: Timing info for model.nyc_parking_violations.silver_violation_tickets (execute): 22:20:23.153272 => 22:20:23.153272
[0m22:20:23.153272 [debug] [Thread-1 (]: Finished running node model.nyc_parking_violations.silver_violation_tickets
[0m22:20:23.153272 [debug] [Thread-1 (]: Began running node model.nyc_parking_violations.silver_violation_vehicles
[0m22:20:23.168111 [debug] [Thread-1 (]: Re-using an available connection from the pool (formerly model.nyc_parking_violations.silver_violation_tickets, now model.nyc_parking_violations.silver_violation_vehicles)
[0m22:20:23.168722 [debug] [Thread-1 (]: Began compiling node model.nyc_parking_violations.silver_violation_vehicles
[0m22:20:23.168722 [debug] [Thread-1 (]: Writing injected SQL for node "model.nyc_parking_violations.silver_violation_vehicles"
[0m22:20:23.168722 [debug] [Thread-1 (]: Timing info for model.nyc_parking_violations.silver_violation_vehicles (compile): 22:20:23.168722 => 22:20:23.168722
[0m22:20:23.168722 [debug] [Thread-1 (]: Began executing node model.nyc_parking_violations.silver_violation_vehicles
[0m22:20:23.168722 [debug] [Thread-1 (]: Timing info for model.nyc_parking_violations.silver_violation_vehicles (execute): 22:20:23.168722 => 22:20:23.168722
[0m22:20:23.176604 [debug] [Thread-1 (]: Finished running node model.nyc_parking_violations.silver_violation_vehicles
[0m22:20:23.176604 [debug] [MainThread]: Connection 'master' was properly closed.
[0m22:20:23.176604 [debug] [MainThread]: Connection 'list_nyc_parking_violations_main' was properly closed.
[0m22:20:23.176604 [debug] [MainThread]: Connection 'model.nyc_parking_violations.silver_violation_vehicles' was properly closed.
[0m22:20:23.176604 [debug] [MainThread]: Command end result
[0m22:20:23.188254 [debug] [MainThread]: Command `dbt compile` succeeded at 22:20:23.188254 after 0.58 seconds
[0m22:20:23.188254 [debug] [MainThread]: Sending event: {'category': 'dbt', 'action': 'invocation', 'label': 'end', 'context': [<snowplow_tracker.self_describing_json.SelfDescribingJson object at 0x00000256E286F550>, <snowplow_tracker.self_describing_json.SelfDescribingJson object at 0x00000256E5963EE0>, <snowplow_tracker.self_describing_json.SelfDescribingJson object at 0x00000256E5A820E0>]}
[0m22:20:23.188254 [debug] [MainThread]: Flushing usage events
[0m22:20:31.158548 [debug] [MainThread]: Sending event: {'category': 'dbt', 'action': 'invocation', 'label': 'start', 'context': [<snowplow_tracker.self_describing_json.SelfDescribingJson object at 0x000001B97AB7F4C0>, <snowplow_tracker.self_describing_json.SelfDescribingJson object at 0x000001B97D9C9DE0>, <snowplow_tracker.self_describing_json.SelfDescribingJson object at 0x000001B97D9C88B0>]}


============================== 22:20:31.158548 | 3f84cdd8-1165-45df-b7ff-746e625db363 ==============================
[0m22:20:31.158548 [info ] [MainThread]: Running with dbt=1.6.1
[0m22:20:31.158548 [debug] [MainThread]: running dbt with arguments {'log_format': 'default', 'target_path': 'None', 'use_colors': 'True', 'printer_width': '80', 'no_print': 'None', 'warn_error': 'None', 'static_parser': 'True', 'fail_fast': 'False', 'indirect_selection': 'eager', 'send_anonymous_usage_stats': 'True', 'partial_parse': 'True', 'warn_error_options': 'WarnErrorOptions(include=[], exclude=[])', 'log_path': 'D:\\DBT CORE\\nyc_parking_violations\\logs', 'use_experimental_parser': 'False', 'version_check': 'True', 'introspect': 'True', 'quiet': 'False', 'log_cache_events': 'False', 'debug': 'False', 'profiles_dir': 'D:\\DBT CORE\\nyc_parking_violations', 'invocation_command': 'dbt run', 'cache_selected_only': 'False', 'write_json': 'True'}
[0m22:20:31.287308 [debug] [MainThread]: Sending event: {'category': 'dbt', 'action': 'project_id', 'label': '3f84cdd8-1165-45df-b7ff-746e625db363', 'context': [<snowplow_tracker.self_describing_json.SelfDescribingJson object at 0x000001B97D9C9B40>]}
[0m22:20:31.298769 [debug] [MainThread]: Sending event: {'category': 'dbt', 'action': 'adapter_info', 'label': '3f84cdd8-1165-45df-b7ff-746e625db363', 'context': [<snowplow_tracker.self_describing_json.SelfDescribingJson object at 0x000001B97DAAAE60>]}
[0m22:20:31.304908 [info ] [MainThread]: Registered adapter: duckdb=1.6.0
[0m22:20:31.313067 [debug] [MainThread]: checksum: efe19d9f5b93d1a98cc804fbfcdb6b3aced98b974af664946fee1cde8837deb7, vars: {}, profile: , target: , version: 1.6.1
[0m22:20:31.384123 [debug] [MainThread]: Partial parsing enabled: 0 files deleted, 0 files added, 0 files changed.
[0m22:20:31.384123 [debug] [MainThread]: Partial parsing enabled, no changes found, skipping parsing
[0m22:20:31.384123 [debug] [MainThread]: Sending event: {'category': 'dbt', 'action': 'load_project', 'label': '3f84cdd8-1165-45df-b7ff-746e625db363', 'context': [<snowplow_tracker.self_describing_json.SelfDescribingJson object at 0x000001B97DC8A230>]}
[0m22:20:31.392354 [debug] [MainThread]: Sending event: {'category': 'dbt', 'action': 'resource_counts', 'label': '3f84cdd8-1165-45df-b7ff-746e625db363', 'context': [<snowplow_tracker.self_describing_json.SelfDescribingJson object at 0x000001B97DBB54B0>]}
[0m22:20:31.392354 [info ] [MainThread]: Found 8 models, 0 sources, 0 exposures, 0 metrics, 348 macros, 0 groups, 0 semantic models
[0m22:20:31.392354 [debug] [MainThread]: Sending event: {'category': 'dbt', 'action': 'runnable_timing', 'label': '3f84cdd8-1165-45df-b7ff-746e625db363', 'context': [<snowplow_tracker.self_describing_json.SelfDescribingJson object at 0x000001B97DBB53F0>]}
[0m22:20:31.392354 [info ] [MainThread]: 
[0m22:20:31.408023 [debug] [MainThread]: Acquiring new duckdb connection 'master'
[0m22:20:31.408023 [debug] [ThreadPool]: Acquiring new duckdb connection 'list_nyc_parking_violations'
[0m22:20:31.419302 [debug] [ThreadPool]: Using duckdb connection "list_nyc_parking_violations"
[0m22:20:31.419302 [debug] [ThreadPool]: On list_nyc_parking_violations: /* {"app": "dbt", "dbt_version": "1.6.1", "profile_name": "nyc_parking_violations", "target_name": "dev", "connection_name": "list_nyc_parking_violations"} */

    
    select schema_name
    from system.information_schema.schemata
    
    where catalog_name = '"nyc_parking_violations"'
    
  
  
[0m22:20:31.419302 [debug] [ThreadPool]: Opening a new connection, currently in state init
[0m22:20:31.434971 [debug] [ThreadPool]: SQL status: OK in 0.0 seconds
[0m22:20:31.434971 [debug] [ThreadPool]: On list_nyc_parking_violations: Close
[0m22:20:31.434971 [debug] [ThreadPool]: Re-using an available connection from the pool (formerly list_nyc_parking_violations, now create_nyc_parking_violations_main)
[0m22:20:31.434971 [debug] [ThreadPool]: Creating schema "database: "nyc_parking_violations"
schema: "main"
"
[0m22:20:31.446635 [debug] [ThreadPool]: Using duckdb connection "create_nyc_parking_violations_main"
[0m22:20:31.446635 [debug] [ThreadPool]: On create_nyc_parking_violations_main: BEGIN
[0m22:20:31.446635 [debug] [ThreadPool]: Opening a new connection, currently in state closed
[0m22:20:31.454071 [debug] [ThreadPool]: SQL status: OK in 0.0 seconds
[0m22:20:31.462472 [debug] [ThreadPool]: Using duckdb connection "create_nyc_parking_violations_main"
[0m22:20:31.462472 [debug] [ThreadPool]: On create_nyc_parking_violations_main: /* {"app": "dbt", "dbt_version": "1.6.1", "profile_name": "nyc_parking_violations", "target_name": "dev", "connection_name": "create_nyc_parking_violations_main"} */
create schema if not exists "nyc_parking_violations"."main"
[0m22:20:31.462472 [debug] [ThreadPool]: SQL status: OK in 0.0 seconds
[0m22:20:31.462472 [debug] [ThreadPool]: On create_nyc_parking_violations_main: COMMIT
[0m22:20:31.462472 [debug] [ThreadPool]: Using duckdb connection "create_nyc_parking_violations_main"
[0m22:20:31.462472 [debug] [ThreadPool]: On create_nyc_parking_violations_main: COMMIT
[0m22:20:31.462472 [debug] [ThreadPool]: SQL status: OK in 0.0 seconds
[0m22:20:31.462472 [debug] [ThreadPool]: On create_nyc_parking_violations_main: Close
[0m22:20:31.468450 [debug] [ThreadPool]: Acquiring new duckdb connection 'list_nyc_parking_violations_main'
[0m22:20:31.468450 [debug] [ThreadPool]: Using duckdb connection "list_nyc_parking_violations_main"
[0m22:20:31.468450 [debug] [ThreadPool]: On list_nyc_parking_violations_main: BEGIN
[0m22:20:31.478259 [debug] [ThreadPool]: Opening a new connection, currently in state init
[0m22:20:31.486524 [debug] [ThreadPool]: SQL status: OK in 0.0 seconds
[0m22:20:31.486524 [debug] [ThreadPool]: Using duckdb connection "list_nyc_parking_violations_main"
[0m22:20:31.486524 [debug] [ThreadPool]: On list_nyc_parking_violations_main: /* {"app": "dbt", "dbt_version": "1.6.1", "profile_name": "nyc_parking_violations", "target_name": "dev", "connection_name": "list_nyc_parking_violations_main"} */
select
      'nyc_parking_violations' as database,
      table_name as name,
      table_schema as schema,
      CASE table_type
        WHEN 'BASE TABLE' THEN 'table'
        WHEN 'VIEW' THEN 'view'
        WHEN 'LOCAL TEMPORARY' THEN 'table'
        END as type
    from system.information_schema.tables
    where table_schema = 'main'
    and table_catalog = 'nyc_parking_violations'
  
[0m22:20:31.503834 [debug] [ThreadPool]: SQL status: OK in 0.0 seconds
[0m22:20:31.551187 [debug] [ThreadPool]: On list_nyc_parking_violations_main: ROLLBACK
[0m22:20:31.551187 [debug] [ThreadPool]: Failed to rollback 'list_nyc_parking_violations_main'
[0m22:20:31.551187 [debug] [ThreadPool]: On list_nyc_parking_violations_main: Close
[0m22:20:31.566848 [debug] [MainThread]: Sending event: {'category': 'dbt', 'action': 'runnable_timing', 'label': '3f84cdd8-1165-45df-b7ff-746e625db363', 'context': [<snowplow_tracker.self_describing_json.SelfDescribingJson object at 0x000001B97DCBC280>]}
[0m22:20:31.569440 [debug] [MainThread]: Using duckdb connection "master"
[0m22:20:31.569440 [debug] [MainThread]: On master: BEGIN
[0m22:20:31.571445 [debug] [MainThread]: Opening a new connection, currently in state init
[0m22:20:31.582970 [debug] [MainThread]: SQL status: OK in 0.0 seconds
[0m22:20:31.582970 [debug] [MainThread]: On master: COMMIT
[0m22:20:31.582970 [debug] [MainThread]: Using duckdb connection "master"
[0m22:20:31.582970 [debug] [MainThread]: On master: COMMIT
[0m22:20:31.582970 [debug] [MainThread]: SQL status: OK in 0.0 seconds
[0m22:20:31.582970 [debug] [MainThread]: On master: Close
[0m22:20:31.582970 [info ] [MainThread]: Concurrency: 1 threads (target='dev')
[0m22:20:31.582970 [info ] [MainThread]: 
[0m22:20:31.592503 [debug] [Thread-1 (]: Began running node model.nyc_parking_violations.bronze_parking_violation_codes
[0m22:20:31.595956 [info ] [Thread-1 (]: 1 of 8 START sql view model main.bronze_parking_violation_codes ................ [RUN]
[0m22:20:31.597962 [debug] [Thread-1 (]: Acquiring new duckdb connection 'model.nyc_parking_violations.bronze_parking_violation_codes'
[0m22:20:31.597962 [debug] [Thread-1 (]: Began compiling node model.nyc_parking_violations.bronze_parking_violation_codes
[0m22:20:31.602915 [debug] [Thread-1 (]: Writing injected SQL for node "model.nyc_parking_violations.bronze_parking_violation_codes"
[0m22:20:31.602915 [debug] [Thread-1 (]: Timing info for model.nyc_parking_violations.bronze_parking_violation_codes (compile): 22:20:31.599439 => 22:20:31.602915
[0m22:20:31.602915 [debug] [Thread-1 (]: Began executing node model.nyc_parking_violations.bronze_parking_violation_codes
[0m22:20:31.636543 [debug] [Thread-1 (]: Writing runtime sql for node "model.nyc_parking_violations.bronze_parking_violation_codes"
[0m22:20:31.636543 [debug] [Thread-1 (]: Using duckdb connection "model.nyc_parking_violations.bronze_parking_violation_codes"
[0m22:20:31.636543 [debug] [Thread-1 (]: On model.nyc_parking_violations.bronze_parking_violation_codes: BEGIN
[0m22:20:31.636543 [debug] [Thread-1 (]: Opening a new connection, currently in state init
[0m22:20:31.651469 [debug] [Thread-1 (]: SQL status: OK in 0.0 seconds
[0m22:20:31.651469 [debug] [Thread-1 (]: Using duckdb connection "model.nyc_parking_violations.bronze_parking_violation_codes"
[0m22:20:31.651469 [debug] [Thread-1 (]: On model.nyc_parking_violations.bronze_parking_violation_codes: /* {"app": "dbt", "dbt_version": "1.6.1", "profile_name": "nyc_parking_violations", "target_name": "dev", "node_id": "model.nyc_parking_violations.bronze_parking_violation_codes"} */

  
  create view "nyc_parking_violations"."main"."bronze_parking_violation_codes__dbt_tmp" as (
    SELECT
    code AS violation_code,
    definition,
    manhattan_96th_st_below,
    all_other_areas
FROM
    parking_violation_codes
  );

[0m22:20:31.651469 [debug] [Thread-1 (]: SQL status: OK in 0.0 seconds
[0m22:20:31.661541 [debug] [Thread-1 (]: Using duckdb connection "model.nyc_parking_violations.bronze_parking_violation_codes"
[0m22:20:31.661541 [debug] [Thread-1 (]: On model.nyc_parking_violations.bronze_parking_violation_codes: /* {"app": "dbt", "dbt_version": "1.6.1", "profile_name": "nyc_parking_violations", "target_name": "dev", "node_id": "model.nyc_parking_violations.bronze_parking_violation_codes"} */
alter view "nyc_parking_violations"."main"."bronze_parking_violation_codes" rename to "bronze_parking_violation_codes__dbt_backup"
[0m22:20:31.661541 [debug] [Thread-1 (]: SQL status: OK in 0.0 seconds
[0m22:20:31.667126 [debug] [Thread-1 (]: Using duckdb connection "model.nyc_parking_violations.bronze_parking_violation_codes"
[0m22:20:31.667126 [debug] [Thread-1 (]: On model.nyc_parking_violations.bronze_parking_violation_codes: /* {"app": "dbt", "dbt_version": "1.6.1", "profile_name": "nyc_parking_violations", "target_name": "dev", "node_id": "model.nyc_parking_violations.bronze_parking_violation_codes"} */
alter view "nyc_parking_violations"."main"."bronze_parking_violation_codes__dbt_tmp" rename to "bronze_parking_violation_codes"
[0m22:20:31.669104 [debug] [Thread-1 (]: SQL status: OK in 0.0 seconds
[0m22:20:31.684156 [debug] [Thread-1 (]: On model.nyc_parking_violations.bronze_parking_violation_codes: COMMIT
[0m22:20:31.684156 [debug] [Thread-1 (]: Using duckdb connection "model.nyc_parking_violations.bronze_parking_violation_codes"
[0m22:20:31.685953 [debug] [Thread-1 (]: On model.nyc_parking_violations.bronze_parking_violation_codes: COMMIT
[0m22:20:31.739065 [debug] [Thread-1 (]: SQL status: OK in 0.0 seconds
[0m22:20:31.744398 [debug] [Thread-1 (]: Using duckdb connection "model.nyc_parking_violations.bronze_parking_violation_codes"
[0m22:20:31.744398 [debug] [Thread-1 (]: On model.nyc_parking_violations.bronze_parking_violation_codes: /* {"app": "dbt", "dbt_version": "1.6.1", "profile_name": "nyc_parking_violations", "target_name": "dev", "node_id": "model.nyc_parking_violations.bronze_parking_violation_codes"} */
drop view if exists "nyc_parking_violations"."main"."bronze_parking_violation_codes__dbt_backup" cascade
[0m22:20:31.746403 [debug] [Thread-1 (]: SQL status: OK in 0.0 seconds
[0m22:20:31.751661 [debug] [Thread-1 (]: Timing info for model.nyc_parking_violations.bronze_parking_violation_codes (execute): 22:20:31.602915 => 22:20:31.750445
[0m22:20:31.751661 [debug] [Thread-1 (]: On model.nyc_parking_violations.bronze_parking_violation_codes: Close
[0m22:20:31.769585 [debug] [Thread-1 (]: Sending event: {'category': 'dbt', 'action': 'run_model', 'label': '3f84cdd8-1165-45df-b7ff-746e625db363', 'context': [<snowplow_tracker.self_describing_json.SelfDescribingJson object at 0x000001B97DD50FD0>]}
[0m22:20:31.769585 [info ] [Thread-1 (]: 1 of 8 OK created sql view model main.bronze_parking_violation_codes ........... [[32mOK[0m in 0.17s]
[0m22:20:31.771530 [debug] [Thread-1 (]: Finished running node model.nyc_parking_violations.bronze_parking_violation_codes
[0m22:20:31.771530 [debug] [Thread-1 (]: Began running node model.nyc_parking_violations.bronze_parking_violations
[0m22:20:31.773320 [info ] [Thread-1 (]: 2 of 8 START sql view model main.bronze_parking_violations ..................... [RUN]
[0m22:20:31.773320 [debug] [Thread-1 (]: Re-using an available connection from the pool (formerly model.nyc_parking_violations.bronze_parking_violation_codes, now model.nyc_parking_violations.bronze_parking_violations)
[0m22:20:31.774826 [debug] [Thread-1 (]: Began compiling node model.nyc_parking_violations.bronze_parking_violations
[0m22:20:31.774826 [debug] [Thread-1 (]: Writing injected SQL for node "model.nyc_parking_violations.bronze_parking_violations"
[0m22:20:31.776831 [debug] [Thread-1 (]: Timing info for model.nyc_parking_violations.bronze_parking_violations (compile): 22:20:31.774826 => 22:20:31.776831
[0m22:20:31.776831 [debug] [Thread-1 (]: Began executing node model.nyc_parking_violations.bronze_parking_violations
[0m22:20:31.783518 [debug] [Thread-1 (]: Writing runtime sql for node "model.nyc_parking_violations.bronze_parking_violations"
[0m22:20:31.785082 [debug] [Thread-1 (]: Using duckdb connection "model.nyc_parking_violations.bronze_parking_violations"
[0m22:20:31.785082 [debug] [Thread-1 (]: On model.nyc_parking_violations.bronze_parking_violations: BEGIN
[0m22:20:31.785082 [debug] [Thread-1 (]: Opening a new connection, currently in state closed
[0m22:20:31.800440 [debug] [Thread-1 (]: SQL status: OK in 0.0 seconds
[0m22:20:31.800440 [debug] [Thread-1 (]: Using duckdb connection "model.nyc_parking_violations.bronze_parking_violations"
[0m22:20:31.800440 [debug] [Thread-1 (]: On model.nyc_parking_violations.bronze_parking_violations: /* {"app": "dbt", "dbt_version": "1.6.1", "profile_name": "nyc_parking_violations", "target_name": "dev", "node_id": "model.nyc_parking_violations.bronze_parking_violations"} */

  
  create view "nyc_parking_violations"."main"."bronze_parking_violations__dbt_tmp" as (
    SELECT
    summons_number,
    registration_state,
    plate_type,
    issue_date,
    violation_code,
    vehicle_body_type,
    vehicle_make,
    issuing_agency,
    vehicle_expiration_date,
    violation_location,
    violation_precinct,
    issuer_precinct,
    issuer_code,
    issuer_command,
    issuer_squad,
    violation_time,
    violation_county,
    violation_legal_code,
    vehicle_color,
    vehicle_year,
FROM
    parking_violations_2023
  );

[0m22:20:31.800440 [debug] [Thread-1 (]: SQL status: OK in 0.0 seconds
[0m22:20:31.807349 [debug] [Thread-1 (]: Using duckdb connection "model.nyc_parking_violations.bronze_parking_violations"
[0m22:20:31.807349 [debug] [Thread-1 (]: On model.nyc_parking_violations.bronze_parking_violations: /* {"app": "dbt", "dbt_version": "1.6.1", "profile_name": "nyc_parking_violations", "target_name": "dev", "node_id": "model.nyc_parking_violations.bronze_parking_violations"} */
alter view "nyc_parking_violations"."main"."bronze_parking_violations" rename to "bronze_parking_violations__dbt_backup"
[0m22:20:31.807349 [debug] [Thread-1 (]: SQL status: OK in 0.0 seconds
[0m22:20:31.807349 [debug] [Thread-1 (]: Using duckdb connection "model.nyc_parking_violations.bronze_parking_violations"
[0m22:20:31.807349 [debug] [Thread-1 (]: On model.nyc_parking_violations.bronze_parking_violations: /* {"app": "dbt", "dbt_version": "1.6.1", "profile_name": "nyc_parking_violations", "target_name": "dev", "node_id": "model.nyc_parking_violations.bronze_parking_violations"} */
alter view "nyc_parking_violations"."main"."bronze_parking_violations__dbt_tmp" rename to "bronze_parking_violations"
[0m22:20:31.807349 [debug] [Thread-1 (]: SQL status: OK in 0.0 seconds
[0m22:20:31.815628 [debug] [Thread-1 (]: On model.nyc_parking_violations.bronze_parking_violations: COMMIT
[0m22:20:31.816493 [debug] [Thread-1 (]: Using duckdb connection "model.nyc_parking_violations.bronze_parking_violations"
[0m22:20:31.816493 [debug] [Thread-1 (]: On model.nyc_parking_violations.bronze_parking_violations: COMMIT
[0m22:20:31.821519 [debug] [Thread-1 (]: SQL status: OK in 0.0 seconds
[0m22:20:31.821519 [debug] [Thread-1 (]: Using duckdb connection "model.nyc_parking_violations.bronze_parking_violations"
[0m22:20:31.821519 [debug] [Thread-1 (]: On model.nyc_parking_violations.bronze_parking_violations: /* {"app": "dbt", "dbt_version": "1.6.1", "profile_name": "nyc_parking_violations", "target_name": "dev", "node_id": "model.nyc_parking_violations.bronze_parking_violations"} */
drop view if exists "nyc_parking_violations"."main"."bronze_parking_violations__dbt_backup" cascade
[0m22:20:31.821519 [debug] [Thread-1 (]: SQL status: OK in 0.0 seconds
[0m22:20:31.821519 [debug] [Thread-1 (]: Timing info for model.nyc_parking_violations.bronze_parking_violations (execute): 22:20:31.776831 => 22:20:31.821519
[0m22:20:31.831452 [debug] [Thread-1 (]: On model.nyc_parking_violations.bronze_parking_violations: Close
[0m22:20:31.847638 [debug] [Thread-1 (]: Sending event: {'category': 'dbt', 'action': 'run_model', 'label': '3f84cdd8-1165-45df-b7ff-746e625db363', 'context': [<snowplow_tracker.self_describing_json.SelfDescribingJson object at 0x000001B97DD1A980>]}
[0m22:20:31.847638 [info ] [Thread-1 (]: 2 of 8 OK created sql view model main.bronze_parking_violations ................ [[32mOK[0m in 0.07s]
[0m22:20:31.847638 [debug] [Thread-1 (]: Finished running node model.nyc_parking_violations.bronze_parking_violations
[0m22:20:31.850291 [debug] [Thread-1 (]: Began running node model.nyc_parking_violations.first_model
[0m22:20:31.850291 [info ] [Thread-1 (]: 3 of 8 START sql view model main.first_model ................................... [RUN]
[0m22:20:31.852098 [debug] [Thread-1 (]: Re-using an available connection from the pool (formerly model.nyc_parking_violations.bronze_parking_violations, now model.nyc_parking_violations.first_model)
[0m22:20:31.852098 [debug] [Thread-1 (]: Began compiling node model.nyc_parking_violations.first_model
[0m22:20:31.852098 [debug] [Thread-1 (]: Writing injected SQL for node "model.nyc_parking_violations.first_model"
[0m22:20:31.855772 [debug] [Thread-1 (]: Timing info for model.nyc_parking_violations.first_model (compile): 22:20:31.852098 => 22:20:31.855772
[0m22:20:31.855772 [debug] [Thread-1 (]: Began executing node model.nyc_parking_violations.first_model
[0m22:20:31.855772 [debug] [Thread-1 (]: Writing runtime sql for node "model.nyc_parking_violations.first_model"
[0m22:20:31.860861 [debug] [Thread-1 (]: Using duckdb connection "model.nyc_parking_violations.first_model"
[0m22:20:31.860861 [debug] [Thread-1 (]: On model.nyc_parking_violations.first_model: BEGIN
[0m22:20:31.860861 [debug] [Thread-1 (]: Opening a new connection, currently in state closed
[0m22:20:31.868356 [debug] [Thread-1 (]: SQL status: OK in 0.0 seconds
[0m22:20:31.868356 [debug] [Thread-1 (]: Using duckdb connection "model.nyc_parking_violations.first_model"
[0m22:20:31.868356 [debug] [Thread-1 (]: On model.nyc_parking_violations.first_model: /* {"app": "dbt", "dbt_version": "1.6.1", "profile_name": "nyc_parking_violations", "target_name": "dev", "node_id": "model.nyc_parking_violations.first_model"} */

  
  create view "nyc_parking_violations"."main"."first_model__dbt_tmp" as (
    SELECT * FROM parking_violation_codes
  );

[0m22:20:31.868356 [debug] [Thread-1 (]: SQL status: OK in 0.0 seconds
[0m22:20:31.882013 [debug] [Thread-1 (]: Using duckdb connection "model.nyc_parking_violations.first_model"
[0m22:20:31.882013 [debug] [Thread-1 (]: On model.nyc_parking_violations.first_model: /* {"app": "dbt", "dbt_version": "1.6.1", "profile_name": "nyc_parking_violations", "target_name": "dev", "node_id": "model.nyc_parking_violations.first_model"} */
alter view "nyc_parking_violations"."main"."first_model" rename to "first_model__dbt_backup"
[0m22:20:31.882013 [debug] [Thread-1 (]: SQL status: OK in 0.0 seconds
[0m22:20:31.890585 [debug] [Thread-1 (]: Using duckdb connection "model.nyc_parking_violations.first_model"
[0m22:20:31.890585 [debug] [Thread-1 (]: On model.nyc_parking_violations.first_model: /* {"app": "dbt", "dbt_version": "1.6.1", "profile_name": "nyc_parking_violations", "target_name": "dev", "node_id": "model.nyc_parking_violations.first_model"} */
alter view "nyc_parking_violations"."main"."first_model__dbt_tmp" rename to "first_model"
[0m22:20:31.890585 [debug] [Thread-1 (]: SQL status: OK in 0.0 seconds
[0m22:20:31.890585 [debug] [Thread-1 (]: On model.nyc_parking_violations.first_model: COMMIT
[0m22:20:31.890585 [debug] [Thread-1 (]: Using duckdb connection "model.nyc_parking_violations.first_model"
[0m22:20:31.890585 [debug] [Thread-1 (]: On model.nyc_parking_violations.first_model: COMMIT
[0m22:20:31.901003 [debug] [Thread-1 (]: SQL status: OK in 0.0 seconds
[0m22:20:31.901614 [debug] [Thread-1 (]: Using duckdb connection "model.nyc_parking_violations.first_model"
[0m22:20:31.901614 [debug] [Thread-1 (]: On model.nyc_parking_violations.first_model: /* {"app": "dbt", "dbt_version": "1.6.1", "profile_name": "nyc_parking_violations", "target_name": "dev", "node_id": "model.nyc_parking_violations.first_model"} */
drop view if exists "nyc_parking_violations"."main"."first_model__dbt_backup" cascade
[0m22:20:31.901614 [debug] [Thread-1 (]: SQL status: OK in 0.0 seconds
[0m22:20:31.901614 [debug] [Thread-1 (]: Timing info for model.nyc_parking_violations.first_model (execute): 22:20:31.855772 => 22:20:31.901614
[0m22:20:31.901614 [debug] [Thread-1 (]: On model.nyc_parking_violations.first_model: Close
[0m22:20:31.921800 [debug] [Thread-1 (]: Sending event: {'category': 'dbt', 'action': 'run_model', 'label': '3f84cdd8-1165-45df-b7ff-746e625db363', 'context': [<snowplow_tracker.self_describing_json.SelfDescribingJson object at 0x000001B97DD9FAF0>]}
[0m22:20:31.921800 [info ] [Thread-1 (]: 3 of 8 OK created sql view model main.first_model .............................. [[32mOK[0m in 0.07s]
[0m22:20:31.924343 [debug] [Thread-1 (]: Finished running node model.nyc_parking_violations.first_model
[0m22:20:31.924343 [debug] [Thread-1 (]: Began running node model.nyc_parking_violations.silver_parking_violation_codes
[0m22:20:31.924343 [info ] [Thread-1 (]: 4 of 8 START sql view model main.silver_parking_violation_codes ................ [RUN]
[0m22:20:31.924343 [debug] [Thread-1 (]: Re-using an available connection from the pool (formerly model.nyc_parking_violations.first_model, now model.nyc_parking_violations.silver_parking_violation_codes)
[0m22:20:31.924343 [debug] [Thread-1 (]: Began compiling node model.nyc_parking_violations.silver_parking_violation_codes
[0m22:20:31.924343 [debug] [Thread-1 (]: Writing injected SQL for node "model.nyc_parking_violations.silver_parking_violation_codes"
[0m22:20:31.932459 [debug] [Thread-1 (]: Timing info for model.nyc_parking_violations.silver_parking_violation_codes (compile): 22:20:31.924343 => 22:20:31.932459
[0m22:20:31.932459 [debug] [Thread-1 (]: Began executing node model.nyc_parking_violations.silver_parking_violation_codes
[0m22:20:31.933840 [debug] [Thread-1 (]: Writing runtime sql for node "model.nyc_parking_violations.silver_parking_violation_codes"
[0m22:20:31.933840 [debug] [Thread-1 (]: Using duckdb connection "model.nyc_parking_violations.silver_parking_violation_codes"
[0m22:20:31.933840 [debug] [Thread-1 (]: On model.nyc_parking_violations.silver_parking_violation_codes: BEGIN
[0m22:20:31.933840 [debug] [Thread-1 (]: Opening a new connection, currently in state closed
[0m22:20:31.954471 [debug] [Thread-1 (]: SQL status: OK in 0.0 seconds
[0m22:20:31.954792 [debug] [Thread-1 (]: Using duckdb connection "model.nyc_parking_violations.silver_parking_violation_codes"
[0m22:20:31.954792 [debug] [Thread-1 (]: On model.nyc_parking_violations.silver_parking_violation_codes: /* {"app": "dbt", "dbt_version": "1.6.1", "profile_name": "nyc_parking_violations", "target_name": "dev", "node_id": "model.nyc_parking_violations.silver_parking_violation_codes"} */

  
  create view "nyc_parking_violations"."main"."silver_parking_violation_codes__dbt_tmp" as (
    WITH manhattan_violation_codes AS (
    SELECT
        violation_code,
        definition,
        TRUE AS is_manhattan_96th_st_below,
        manhattan_96th_st_below AS fee_usd,
    FROM
        "nyc_parking_violations"."main"."bronze_parking_violation_codes"
),

all_other_violation_codes AS (
    SELECT
        violation_code,
        definition,
        FALSE AS is_manhattan_96th_st_below,
        all_other_areas AS fee_usd,
    FROM
        "nyc_parking_violations"."main"."bronze_parking_violation_codes"
)

SELECT * FROM manhattan_violation_codes
UNION ALL
SELECT * FROM all_other_violation_codes
ORDER BY violation_code ASC
  );

[0m22:20:31.954792 [debug] [Thread-1 (]: SQL status: OK in 0.0 seconds
[0m22:20:31.954792 [debug] [Thread-1 (]: Using duckdb connection "model.nyc_parking_violations.silver_parking_violation_codes"
[0m22:20:31.954792 [debug] [Thread-1 (]: On model.nyc_parking_violations.silver_parking_violation_codes: /* {"app": "dbt", "dbt_version": "1.6.1", "profile_name": "nyc_parking_violations", "target_name": "dev", "node_id": "model.nyc_parking_violations.silver_parking_violation_codes"} */
alter view "nyc_parking_violations"."main"."silver_parking_violation_codes__dbt_tmp" rename to "silver_parking_violation_codes"
[0m22:20:31.954792 [debug] [Thread-1 (]: SQL status: OK in 0.0 seconds
[0m22:20:31.954792 [debug] [Thread-1 (]: On model.nyc_parking_violations.silver_parking_violation_codes: COMMIT
[0m22:20:31.954792 [debug] [Thread-1 (]: Using duckdb connection "model.nyc_parking_violations.silver_parking_violation_codes"
[0m22:20:31.954792 [debug] [Thread-1 (]: On model.nyc_parking_violations.silver_parking_violation_codes: COMMIT
[0m22:20:31.966626 [debug] [Thread-1 (]: SQL status: OK in 0.0 seconds
[0m22:20:31.971049 [debug] [Thread-1 (]: Using duckdb connection "model.nyc_parking_violations.silver_parking_violation_codes"
[0m22:20:31.971049 [debug] [Thread-1 (]: On model.nyc_parking_violations.silver_parking_violation_codes: /* {"app": "dbt", "dbt_version": "1.6.1", "profile_name": "nyc_parking_violations", "target_name": "dev", "node_id": "model.nyc_parking_violations.silver_parking_violation_codes"} */
drop view if exists "nyc_parking_violations"."main"."silver_parking_violation_codes__dbt_backup" cascade
[0m22:20:31.971049 [debug] [Thread-1 (]: SQL status: OK in 0.0 seconds
[0m22:20:31.971049 [debug] [Thread-1 (]: Timing info for model.nyc_parking_violations.silver_parking_violation_codes (execute): 22:20:31.933840 => 22:20:31.971049
[0m22:20:31.971049 [debug] [Thread-1 (]: On model.nyc_parking_violations.silver_parking_violation_codes: Close
[0m22:20:31.984748 [debug] [Thread-1 (]: Sending event: {'category': 'dbt', 'action': 'run_model', 'label': '3f84cdd8-1165-45df-b7ff-746e625db363', 'context': [<snowplow_tracker.self_describing_json.SelfDescribingJson object at 0x000001B97DDA53F0>]}
[0m22:20:31.984748 [info ] [Thread-1 (]: 4 of 8 OK created sql view model main.silver_parking_violation_codes ........... [[32mOK[0m in 0.06s]
[0m22:20:31.984748 [debug] [Thread-1 (]: Finished running node model.nyc_parking_violations.silver_parking_violation_codes
[0m22:20:31.984748 [debug] [Thread-1 (]: Began running node model.nyc_parking_violations.silver_parking_violations
[0m22:20:31.992886 [info ] [Thread-1 (]: 5 of 8 START sql view model main.silver_parking_violations ..................... [RUN]
[0m22:20:31.992886 [debug] [Thread-1 (]: Re-using an available connection from the pool (formerly model.nyc_parking_violations.silver_parking_violation_codes, now model.nyc_parking_violations.silver_parking_violations)
[0m22:20:31.992886 [debug] [Thread-1 (]: Began compiling node model.nyc_parking_violations.silver_parking_violations
[0m22:20:31.996620 [debug] [Thread-1 (]: Writing injected SQL for node "model.nyc_parking_violations.silver_parking_violations"
[0m22:20:31.998957 [debug] [Thread-1 (]: Timing info for model.nyc_parking_violations.silver_parking_violations (compile): 22:20:31.992886 => 22:20:31.998957
[0m22:20:31.998957 [debug] [Thread-1 (]: Began executing node model.nyc_parking_violations.silver_parking_violations
[0m22:20:32.005143 [debug] [Thread-1 (]: Writing runtime sql for node "model.nyc_parking_violations.silver_parking_violations"
[0m22:20:32.007149 [debug] [Thread-1 (]: Using duckdb connection "model.nyc_parking_violations.silver_parking_violations"
[0m22:20:32.007149 [debug] [Thread-1 (]: On model.nyc_parking_violations.silver_parking_violations: BEGIN
[0m22:20:32.007149 [debug] [Thread-1 (]: Opening a new connection, currently in state closed
[0m22:20:32.018489 [debug] [Thread-1 (]: SQL status: OK in 0.0 seconds
[0m22:20:32.018489 [debug] [Thread-1 (]: Using duckdb connection "model.nyc_parking_violations.silver_parking_violations"
[0m22:20:32.018489 [debug] [Thread-1 (]: On model.nyc_parking_violations.silver_parking_violations: /* {"app": "dbt", "dbt_version": "1.6.1", "profile_name": "nyc_parking_violations", "target_name": "dev", "node_id": "model.nyc_parking_violations.silver_parking_violations"} */

  
  create view "nyc_parking_violations"."main"."silver_parking_violations__dbt_tmp" as (
    SELECT
    summons_number,
    registration_state,
    plate_type,
    issue_date,
    violation_code,
    vehicle_body_type,
    vehicle_make,
    issuing_agency,
    vehicle_expiration_date,
    violation_location,
    violation_precinct,
    issuer_precinct,
    issuer_code,
    issuer_command,
    issuer_squad,
    violation_time,
    violation_county,
    violation_legal_code,
    vehicle_color,
    vehicle_year,
    CASE WHEN
        violation_county == 'MN'
        THEN TRUE
        ELSE FALSE
        END AS is_manhattan_96th_st_below
FROM
    "nyc_parking_violations"."main"."bronze_parking_violations"
  );

[0m22:20:32.028407 [debug] [Thread-1 (]: SQL status: OK in 0.0 seconds
[0m22:20:32.067477 [debug] [Thread-1 (]: Using duckdb connection "model.nyc_parking_violations.silver_parking_violations"
[0m22:20:32.067477 [debug] [Thread-1 (]: On model.nyc_parking_violations.silver_parking_violations: /* {"app": "dbt", "dbt_version": "1.6.1", "profile_name": "nyc_parking_violations", "target_name": "dev", "node_id": "model.nyc_parking_violations.silver_parking_violations"} */
alter view "nyc_parking_violations"."main"."silver_parking_violations__dbt_tmp" rename to "silver_parking_violations"
[0m22:20:32.067477 [debug] [Thread-1 (]: SQL status: OK in 0.0 seconds
[0m22:20:32.067477 [debug] [Thread-1 (]: On model.nyc_parking_violations.silver_parking_violations: COMMIT
[0m22:20:32.067477 [debug] [Thread-1 (]: Using duckdb connection "model.nyc_parking_violations.silver_parking_violations"
[0m22:20:32.067477 [debug] [Thread-1 (]: On model.nyc_parking_violations.silver_parking_violations: COMMIT
[0m22:20:32.074902 [debug] [Thread-1 (]: SQL status: OK in 0.0 seconds
[0m22:20:32.074902 [debug] [Thread-1 (]: Using duckdb connection "model.nyc_parking_violations.silver_parking_violations"
[0m22:20:32.074902 [debug] [Thread-1 (]: On model.nyc_parking_violations.silver_parking_violations: /* {"app": "dbt", "dbt_version": "1.6.1", "profile_name": "nyc_parking_violations", "target_name": "dev", "node_id": "model.nyc_parking_violations.silver_parking_violations"} */
drop view if exists "nyc_parking_violations"."main"."silver_parking_violations__dbt_backup" cascade
[0m22:20:32.074902 [debug] [Thread-1 (]: SQL status: OK in 0.0 seconds
[0m22:20:32.074902 [debug] [Thread-1 (]: Timing info for model.nyc_parking_violations.silver_parking_violations (execute): 22:20:32.000704 => 22:20:32.074902
[0m22:20:32.074902 [debug] [Thread-1 (]: On model.nyc_parking_violations.silver_parking_violations: Close
[0m22:20:32.091415 [debug] [Thread-1 (]: Sending event: {'category': 'dbt', 'action': 'run_model', 'label': '3f84cdd8-1165-45df-b7ff-746e625db363', 'context': [<snowplow_tracker.self_describing_json.SelfDescribingJson object at 0x000001B97ED90130>]}
[0m22:20:32.091415 [info ] [Thread-1 (]: 5 of 8 OK created sql view model main.silver_parking_violations ................ [[32mOK[0m in 0.10s]
[0m22:20:32.091415 [debug] [Thread-1 (]: Finished running node model.nyc_parking_violations.silver_parking_violations
[0m22:20:32.099456 [debug] [Thread-1 (]: Began running node model.nyc_parking_violations.ref_model
[0m22:20:32.099456 [info ] [Thread-1 (]: 6 of 8 START sql view model main.ref_model ..................................... [RUN]
[0m22:20:32.099456 [debug] [Thread-1 (]: Re-using an available connection from the pool (formerly model.nyc_parking_violations.silver_parking_violations, now model.nyc_parking_violations.ref_model)
[0m22:20:32.099456 [debug] [Thread-1 (]: Began compiling node model.nyc_parking_violations.ref_model
[0m22:20:32.099456 [debug] [Thread-1 (]: Writing injected SQL for node "model.nyc_parking_violations.ref_model"
[0m22:20:32.099456 [debug] [Thread-1 (]: Timing info for model.nyc_parking_violations.ref_model (compile): 22:20:32.099456 => 22:20:32.099456
[0m22:20:32.099456 [debug] [Thread-1 (]: Began executing node model.nyc_parking_violations.ref_model
[0m22:20:32.108020 [debug] [Thread-1 (]: Writing runtime sql for node "model.nyc_parking_violations.ref_model"
[0m22:20:32.108020 [debug] [Thread-1 (]: Using duckdb connection "model.nyc_parking_violations.ref_model"
[0m22:20:32.108020 [debug] [Thread-1 (]: On model.nyc_parking_violations.ref_model: BEGIN
[0m22:20:32.108020 [debug] [Thread-1 (]: Opening a new connection, currently in state closed
[0m22:20:32.124056 [debug] [Thread-1 (]: SQL status: OK in 0.0 seconds
[0m22:20:32.126063 [debug] [Thread-1 (]: Using duckdb connection "model.nyc_parking_violations.ref_model"
[0m22:20:32.126063 [debug] [Thread-1 (]: On model.nyc_parking_violations.ref_model: /* {"app": "dbt", "dbt_version": "1.6.1", "profile_name": "nyc_parking_violations", "target_name": "dev", "node_id": "model.nyc_parking_violations.ref_model"} */

  
  create view "nyc_parking_violations"."main"."ref_model__dbt_tmp" as (
    SELECT Count(*) from "nyc_parking_violations"."main"."first_model"
  );

[0m22:20:32.128322 [debug] [Thread-1 (]: SQL status: OK in 0.0 seconds
[0m22:20:32.128322 [debug] [Thread-1 (]: Using duckdb connection "model.nyc_parking_violations.ref_model"
[0m22:20:32.132293 [debug] [Thread-1 (]: On model.nyc_parking_violations.ref_model: /* {"app": "dbt", "dbt_version": "1.6.1", "profile_name": "nyc_parking_violations", "target_name": "dev", "node_id": "model.nyc_parking_violations.ref_model"} */
alter view "nyc_parking_violations"."main"."ref_model" rename to "ref_model__dbt_backup"
[0m22:20:32.134513 [debug] [Thread-1 (]: SQL status: OK in 0.0 seconds
[0m22:20:32.134513 [debug] [Thread-1 (]: Using duckdb connection "model.nyc_parking_violations.ref_model"
[0m22:20:32.134513 [debug] [Thread-1 (]: On model.nyc_parking_violations.ref_model: /* {"app": "dbt", "dbt_version": "1.6.1", "profile_name": "nyc_parking_violations", "target_name": "dev", "node_id": "model.nyc_parking_violations.ref_model"} */
alter view "nyc_parking_violations"."main"."ref_model__dbt_tmp" rename to "ref_model"
[0m22:20:32.134513 [debug] [Thread-1 (]: SQL status: OK in 0.0 seconds
[0m22:20:32.134513 [debug] [Thread-1 (]: On model.nyc_parking_violations.ref_model: COMMIT
[0m22:20:32.134513 [debug] [Thread-1 (]: Using duckdb connection "model.nyc_parking_violations.ref_model"
[0m22:20:32.134513 [debug] [Thread-1 (]: On model.nyc_parking_violations.ref_model: COMMIT
[0m22:20:32.134513 [debug] [Thread-1 (]: SQL status: OK in 0.0 seconds
[0m22:20:32.149040 [debug] [Thread-1 (]: Using duckdb connection "model.nyc_parking_violations.ref_model"
[0m22:20:32.149040 [debug] [Thread-1 (]: On model.nyc_parking_violations.ref_model: /* {"app": "dbt", "dbt_version": "1.6.1", "profile_name": "nyc_parking_violations", "target_name": "dev", "node_id": "model.nyc_parking_violations.ref_model"} */
drop view if exists "nyc_parking_violations"."main"."ref_model__dbt_backup" cascade
[0m22:20:32.153194 [debug] [Thread-1 (]: SQL status: OK in 0.0 seconds
[0m22:20:32.153194 [debug] [Thread-1 (]: Timing info for model.nyc_parking_violations.ref_model (execute): 22:20:32.099456 => 22:20:32.153194
[0m22:20:32.156100 [debug] [Thread-1 (]: On model.nyc_parking_violations.ref_model: Close
[0m22:20:32.170005 [debug] [Thread-1 (]: Sending event: {'category': 'dbt', 'action': 'run_model', 'label': '3f84cdd8-1165-45df-b7ff-746e625db363', 'context': [<snowplow_tracker.self_describing_json.SelfDescribingJson object at 0x000001B97ED91240>]}
[0m22:20:32.170005 [info ] [Thread-1 (]: 6 of 8 OK created sql view model main.ref_model ................................ [[32mOK[0m in 0.07s]
[0m22:20:32.170005 [debug] [Thread-1 (]: Finished running node model.nyc_parking_violations.ref_model
[0m22:20:32.170005 [debug] [Thread-1 (]: Began running node model.nyc_parking_violations.silver_violation_tickets
[0m22:20:32.170005 [info ] [Thread-1 (]: 7 of 8 START sql view model main.silver_violation_tickets ...................... [RUN]
[0m22:20:32.170005 [debug] [Thread-1 (]: Re-using an available connection from the pool (formerly model.nyc_parking_violations.ref_model, now model.nyc_parking_violations.silver_violation_tickets)
[0m22:20:32.170005 [debug] [Thread-1 (]: Began compiling node model.nyc_parking_violations.silver_violation_tickets
[0m22:20:32.170005 [debug] [Thread-1 (]: Writing injected SQL for node "model.nyc_parking_violations.silver_violation_tickets"
[0m22:20:32.170005 [debug] [Thread-1 (]: Timing info for model.nyc_parking_violations.silver_violation_tickets (compile): 22:20:32.170005 => 22:20:32.170005
[0m22:20:32.183465 [debug] [Thread-1 (]: Began executing node model.nyc_parking_violations.silver_violation_tickets
[0m22:20:32.187067 [debug] [Thread-1 (]: Writing runtime sql for node "model.nyc_parking_violations.silver_violation_tickets"
[0m22:20:32.191223 [debug] [Thread-1 (]: Using duckdb connection "model.nyc_parking_violations.silver_violation_tickets"
[0m22:20:32.194657 [debug] [Thread-1 (]: On model.nyc_parking_violations.silver_violation_tickets: BEGIN
[0m22:20:32.194657 [debug] [Thread-1 (]: Opening a new connection, currently in state closed
[0m22:20:32.237418 [debug] [Thread-1 (]: SQL status: OK in 0.0 seconds
[0m22:20:32.237418 [debug] [Thread-1 (]: Using duckdb connection "model.nyc_parking_violations.silver_violation_tickets"
[0m22:20:32.239424 [debug] [Thread-1 (]: On model.nyc_parking_violations.silver_violation_tickets: /* {"app": "dbt", "dbt_version": "1.6.1", "profile_name": "nyc_parking_violations", "target_name": "dev", "node_id": "model.nyc_parking_violations.silver_violation_tickets"} */

  
  create view "nyc_parking_violations"."main"."silver_violation_tickets__dbt_tmp" as (
    SELECT
    violations.summons_number,
    violations.issue_date,
    violations.violation_code,
    violations.is_manhattan_96th_st_below,
    violations.issuing_agency,
    violations.violation_location,
    violations.violation_precinct,
    violations.issuer_precinct,
    violations.issuer_code,
    violations.issuer_command,
    violations.issuer_squad,
    violations.violation_time,
    violations.violation_county,
    violations.violation_legal_code,
    codes.fee_usd
FROM
    "nyc_parking_violations"."main"."silver_parking_violations" AS violations
LEFT JOIN
    "nyc_parking_violations"."main"."silver_parking_violation_codes" AS codes ON
    violations.violation_code = codes.violation_code AND
    violations.is_manhattan_96th_st_below = codes.is_manhattan_96th_st_below
  );

[0m22:20:32.241429 [debug] [Thread-1 (]: SQL status: OK in 0.0 seconds
[0m22:20:32.243435 [debug] [Thread-1 (]: Using duckdb connection "model.nyc_parking_violations.silver_violation_tickets"
[0m22:20:32.243435 [debug] [Thread-1 (]: On model.nyc_parking_violations.silver_violation_tickets: /* {"app": "dbt", "dbt_version": "1.6.1", "profile_name": "nyc_parking_violations", "target_name": "dev", "node_id": "model.nyc_parking_violations.silver_violation_tickets"} */
alter view "nyc_parking_violations"."main"."silver_violation_tickets__dbt_tmp" rename to "silver_violation_tickets"
[0m22:20:32.245441 [debug] [Thread-1 (]: SQL status: OK in 0.0 seconds
[0m22:20:32.246946 [debug] [Thread-1 (]: On model.nyc_parking_violations.silver_violation_tickets: COMMIT
[0m22:20:32.246946 [debug] [Thread-1 (]: Using duckdb connection "model.nyc_parking_violations.silver_violation_tickets"
[0m22:20:32.246946 [debug] [Thread-1 (]: On model.nyc_parking_violations.silver_violation_tickets: COMMIT
[0m22:20:32.250785 [debug] [Thread-1 (]: SQL status: OK in 0.0 seconds
[0m22:20:32.250785 [debug] [Thread-1 (]: Using duckdb connection "model.nyc_parking_violations.silver_violation_tickets"
[0m22:20:32.250785 [debug] [Thread-1 (]: On model.nyc_parking_violations.silver_violation_tickets: /* {"app": "dbt", "dbt_version": "1.6.1", "profile_name": "nyc_parking_violations", "target_name": "dev", "node_id": "model.nyc_parking_violations.silver_violation_tickets"} */
drop view if exists "nyc_parking_violations"."main"."silver_violation_tickets__dbt_backup" cascade
[0m22:20:32.255215 [debug] [Thread-1 (]: SQL status: OK in 0.0 seconds
[0m22:20:32.255215 [debug] [Thread-1 (]: Timing info for model.nyc_parking_violations.silver_violation_tickets (execute): 22:20:32.184176 => 22:20:32.255215
[0m22:20:32.255215 [debug] [Thread-1 (]: On model.nyc_parking_violations.silver_violation_tickets: Close
[0m22:20:32.270904 [debug] [Thread-1 (]: Sending event: {'category': 'dbt', 'action': 'run_model', 'label': '3f84cdd8-1165-45df-b7ff-746e625db363', 'context': [<snowplow_tracker.self_describing_json.SelfDescribingJson object at 0x000001B97DCC5870>]}
[0m22:20:32.270904 [info ] [Thread-1 (]: 7 of 8 OK created sql view model main.silver_violation_tickets ................. [[32mOK[0m in 0.10s]
[0m22:20:32.270904 [debug] [Thread-1 (]: Finished running node model.nyc_parking_violations.silver_violation_tickets
[0m22:20:32.270904 [debug] [Thread-1 (]: Began running node model.nyc_parking_violations.silver_violation_vehicles
[0m22:20:32.275466 [info ] [Thread-1 (]: 8 of 8 START sql view model main.silver_violation_vehicles ..................... [RUN]
[0m22:20:32.275466 [debug] [Thread-1 (]: Re-using an available connection from the pool (formerly model.nyc_parking_violations.silver_violation_tickets, now model.nyc_parking_violations.silver_violation_vehicles)
[0m22:20:32.275466 [debug] [Thread-1 (]: Began compiling node model.nyc_parking_violations.silver_violation_vehicles
[0m22:20:32.280176 [debug] [Thread-1 (]: Writing injected SQL for node "model.nyc_parking_violations.silver_violation_vehicles"
[0m22:20:32.281785 [debug] [Thread-1 (]: Timing info for model.nyc_parking_violations.silver_violation_vehicles (compile): 22:20:32.275466 => 22:20:32.281785
[0m22:20:32.281785 [debug] [Thread-1 (]: Began executing node model.nyc_parking_violations.silver_violation_vehicles
[0m22:20:32.284974 [debug] [Thread-1 (]: Writing runtime sql for node "model.nyc_parking_violations.silver_violation_vehicles"
[0m22:20:32.284974 [debug] [Thread-1 (]: Using duckdb connection "model.nyc_parking_violations.silver_violation_vehicles"
[0m22:20:32.284974 [debug] [Thread-1 (]: On model.nyc_parking_violations.silver_violation_vehicles: BEGIN
[0m22:20:32.284974 [debug] [Thread-1 (]: Opening a new connection, currently in state closed
[0m22:20:32.303231 [debug] [Thread-1 (]: SQL status: OK in 0.0 seconds
[0m22:20:32.303231 [debug] [Thread-1 (]: Using duckdb connection "model.nyc_parking_violations.silver_violation_vehicles"
[0m22:20:32.305632 [debug] [Thread-1 (]: On model.nyc_parking_violations.silver_violation_vehicles: /* {"app": "dbt", "dbt_version": "1.6.1", "profile_name": "nyc_parking_violations", "target_name": "dev", "node_id": "model.nyc_parking_violations.silver_violation_vehicles"} */

  
  create view "nyc_parking_violations"."main"."silver_violation_vehicles__dbt_tmp" as (
    SELECT
    summons_number,
    registration_state,
    plate_type,
    vehicle_body_type,
    vehicle_make,
    vehicle_expiration_date,
    vehicle_color,
    vehicle_year
FROM
    "nyc_parking_violations"."main"."silver_parking_violations"
  );

[0m22:20:32.307325 [debug] [Thread-1 (]: SQL status: OK in 0.0 seconds
[0m22:20:32.307325 [debug] [Thread-1 (]: Using duckdb connection "model.nyc_parking_violations.silver_violation_vehicles"
[0m22:20:32.307325 [debug] [Thread-1 (]: On model.nyc_parking_violations.silver_violation_vehicles: /* {"app": "dbt", "dbt_version": "1.6.1", "profile_name": "nyc_parking_violations", "target_name": "dev", "node_id": "model.nyc_parking_violations.silver_violation_vehicles"} */
alter view "nyc_parking_violations"."main"."silver_violation_vehicles__dbt_tmp" rename to "silver_violation_vehicles"
[0m22:20:32.311336 [debug] [Thread-1 (]: SQL status: OK in 0.0 seconds
[0m22:20:32.311336 [debug] [Thread-1 (]: On model.nyc_parking_violations.silver_violation_vehicles: COMMIT
[0m22:20:32.311336 [debug] [Thread-1 (]: Using duckdb connection "model.nyc_parking_violations.silver_violation_vehicles"
[0m22:20:32.311336 [debug] [Thread-1 (]: On model.nyc_parking_violations.silver_violation_vehicles: COMMIT
[0m22:20:32.318059 [debug] [Thread-1 (]: SQL status: OK in 0.0 seconds
[0m22:20:32.318059 [debug] [Thread-1 (]: Using duckdb connection "model.nyc_parking_violations.silver_violation_vehicles"
[0m22:20:32.318059 [debug] [Thread-1 (]: On model.nyc_parking_violations.silver_violation_vehicles: /* {"app": "dbt", "dbt_version": "1.6.1", "profile_name": "nyc_parking_violations", "target_name": "dev", "node_id": "model.nyc_parking_violations.silver_violation_vehicles"} */
drop view if exists "nyc_parking_violations"."main"."silver_violation_vehicles__dbt_backup" cascade
[0m22:20:32.318059 [debug] [Thread-1 (]: SQL status: OK in 0.0 seconds
[0m22:20:32.318059 [debug] [Thread-1 (]: Timing info for model.nyc_parking_violations.silver_violation_vehicles (execute): 22:20:32.281785 => 22:20:32.318059
[0m22:20:32.318059 [debug] [Thread-1 (]: On model.nyc_parking_violations.silver_violation_vehicles: Close
[0m22:20:32.339654 [debug] [Thread-1 (]: Sending event: {'category': 'dbt', 'action': 'run_model', 'label': '3f84cdd8-1165-45df-b7ff-746e625db363', 'context': [<snowplow_tracker.self_describing_json.SelfDescribingJson object at 0x000001B97DCC43A0>]}
[0m22:20:32.339654 [info ] [Thread-1 (]: 8 of 8 OK created sql view model main.silver_violation_vehicles ................ [[32mOK[0m in 0.06s]
[0m22:20:32.341661 [debug] [Thread-1 (]: Finished running node model.nyc_parking_violations.silver_violation_vehicles
[0m22:20:32.343409 [debug] [MainThread]: Using duckdb connection "master"
[0m22:20:32.343409 [debug] [MainThread]: On master: BEGIN
[0m22:20:32.343409 [debug] [MainThread]: Opening a new connection, currently in state closed
[0m22:20:32.352684 [debug] [MainThread]: SQL status: OK in 0.0 seconds
[0m22:20:32.352684 [debug] [MainThread]: On master: COMMIT
[0m22:20:32.352684 [debug] [MainThread]: Using duckdb connection "master"
[0m22:20:32.352684 [debug] [MainThread]: On master: COMMIT
[0m22:20:32.360350 [debug] [MainThread]: SQL status: OK in 0.0 seconds
[0m22:20:32.360350 [debug] [MainThread]: On master: Close
[0m22:20:32.360350 [debug] [MainThread]: Connection 'master' was properly closed.
[0m22:20:32.360350 [debug] [MainThread]: Connection 'create_nyc_parking_violations_main' was properly closed.
[0m22:20:32.360350 [debug] [MainThread]: Connection 'list_nyc_parking_violations_main' was properly closed.
[0m22:20:32.365830 [debug] [MainThread]: Connection 'model.nyc_parking_violations.silver_violation_vehicles' was properly closed.
[0m22:20:32.365830 [info ] [MainThread]: 
[0m22:20:32.366662 [info ] [MainThread]: Finished running 8 view models in 0 hours 0 minutes and 0.97 seconds (0.97s).
[0m22:20:32.368288 [debug] [MainThread]: Command end result
[0m22:20:32.380247 [info ] [MainThread]: 
[0m22:20:32.380247 [info ] [MainThread]: [32mCompleted successfully[0m
[0m22:20:32.380247 [info ] [MainThread]: 
[0m22:20:32.380247 [info ] [MainThread]: Done. PASS=8 WARN=0 ERROR=0 SKIP=0 TOTAL=8
[0m22:20:32.384974 [debug] [MainThread]: Command `dbt run` succeeded at 22:20:32.384974 after 1.25 seconds
[0m22:20:32.384974 [debug] [MainThread]: Sending event: {'category': 'dbt', 'action': 'invocation', 'label': 'end', 'context': [<snowplow_tracker.self_describing_json.SelfDescribingJson object at 0x000001B97AB7F4C0>, <snowplow_tracker.self_describing_json.SelfDescribingJson object at 0x000001B97DAA9FC0>, <snowplow_tracker.self_describing_json.SelfDescribingJson object at 0x000001B97DAA9990>]}
[0m22:20:32.384974 [debug] [MainThread]: Flushing usage events
[0m14:39:16.643060 [debug] [MainThread]: Sending event: {'category': 'dbt', 'action': 'invocation', 'label': 'start', 'context': [<snowplow_tracker.self_describing_json.SelfDescribingJson object at 0x0000010EB2D9F490>, <snowplow_tracker.self_describing_json.SelfDescribingJson object at 0x0000010EB5B49D50>, <snowplow_tracker.self_describing_json.SelfDescribingJson object at 0x0000010EB5B492D0>]}


============================== 14:39:16.647384 | c5a540bd-280c-4ef2-8af3-24f97b840c66 ==============================
[0m14:39:16.647384 [info ] [MainThread]: Running with dbt=1.6.1
[0m14:39:16.649504 [debug] [MainThread]: running dbt with arguments {'log_format': 'default', 'no_print': 'None', 'write_json': 'True', 'use_colors': 'True', 'printer_width': '80', 'warn_error': 'None', 'log_path': 'D:\\DBT CORE\\nyc_parking_violations\\logs', 'partial_parse': 'True', 'indirect_selection': 'eager', 'send_anonymous_usage_stats': 'True', 'static_parser': 'True', 'warn_error_options': 'WarnErrorOptions(include=[], exclude=[])', 'fail_fast': 'False', 'version_check': 'True', 'use_experimental_parser': 'False', 'quiet': 'False', 'introspect': 'True', 'log_cache_events': 'False', 'debug': 'False', 'profiles_dir': 'D:\\DBT CORE\\nyc_parking_violations', 'invocation_command': 'dbt debug', 'cache_selected_only': 'False', 'target_path': 'None'}
[0m14:39:16.649504 [info ] [MainThread]: dbt version: 1.6.1
[0m14:39:16.651514 [info ] [MainThread]: python version: 3.10.8
[0m14:39:16.651514 [info ] [MainThread]: python path: C:\Users\Manjiri\AppData\Local\Programs\Python\Python310\python.exe
[0m14:39:16.651514 [info ] [MainThread]: os info: Windows-10-10.0.26200-SP0
[0m14:39:16.775506 [info ] [MainThread]: Using profiles dir at D:\DBT CORE\nyc_parking_violations
[0m14:39:16.777518 [info ] [MainThread]: Using profiles.yml file at D:\DBT CORE\nyc_parking_violations\profiles.yml
[0m14:39:16.778025 [info ] [MainThread]: Using dbt_project.yml file at D:\DBT CORE\nyc_parking_violations\dbt_project.yml
[0m14:39:16.780042 [info ] [MainThread]: adapter type: duckdb
[0m14:39:16.781374 [info ] [MainThread]: adapter version: 1.6.0
[0m14:39:16.813769 [info ] [MainThread]: Configuration:
[0m14:39:16.816240 [info ] [MainThread]:   profiles.yml file [[32mOK found and valid[0m]
[0m14:39:16.817746 [info ] [MainThread]:   dbt_project.yml file [[32mOK found and valid[0m]
[0m14:39:16.817746 [info ] [MainThread]: Required dependencies:
[0m14:39:16.818754 [debug] [MainThread]: Executing "git --help"
[0m14:39:16.954845 [debug] [MainThread]: STDOUT: "b"usage: git [-v | --version] [-h | --help] [-C <path>] [-c <name>=<value>]\n           [--exec-path[=<path>]] [--html-path] [--man-path] [--info-path]\n           [-p | --paginate | -P | --no-pager] [--no-replace-objects] [--bare]\n           [--git-dir=<path>] [--work-tree=<path>] [--namespace=<name>]\n           [--config-env=<name>=<envvar>] <command> [<args>]\n\nThese are common Git commands used in various situations:\n\nstart a working area (see also: git help tutorial)\n   clone     Clone a repository into a new directory\n   init      Create an empty Git repository or reinitialize an existing one\n\nwork on the current change (see also: git help everyday)\n   add       Add file contents to the index\n   mv        Move or rename a file, a directory, or a symlink\n   restore   Restore working tree files\n   rm        Remove files from the working tree and from the index\n\nexamine the history and state (see also: git help revisions)\n   bisect    Use binary search to find the commit that introduced a bug\n   diff      Show changes between commits, commit and working tree, etc\n   grep      Print lines matching a pattern\n   log       Show commit logs\n   show      Show various types of objects\n   status    Show the working tree status\n\ngrow, mark and tweak your common history\n   branch    List, create, or delete branches\n   commit    Record changes to the repository\n   merge     Join two or more development histories together\n   rebase    Reapply commits on top of another base tip\n   reset     Reset current HEAD to the specified state\n   switch    Switch branches\n   tag       Create, list, delete or verify a tag object signed with GPG\n\ncollaborate (see also: git help workflows)\n   fetch     Download objects and refs from another repository\n   pull      Fetch from and integrate with another repository or a local branch\n   push      Update remote refs along with associated objects\n\n'git help -a' and 'git help -g' list available subcommands and some\nconcept guides. See 'git help <command>' or 'git help <concept>'\nto read about a specific subcommand or concept.\nSee 'git help git' for an overview of the system.\n""
[0m14:39:16.955846 [debug] [MainThread]: STDERR: "b''"
[0m14:39:16.957364 [info ] [MainThread]:  - git [[32mOK found[0m]

[0m14:39:16.958389 [info ] [MainThread]: Connection:
[0m14:39:16.959733 [info ] [MainThread]:   database: nyc_parking_violations
[0m14:39:16.961806 [info ] [MainThread]:   schema: main
[0m14:39:16.962855 [info ] [MainThread]:   path: ../data/nyc_parking_violations.db
[0m14:39:16.963874 [info ] [MainThread]:   config_options: None
[0m14:39:16.964874 [info ] [MainThread]:   extensions: None
[0m14:39:16.965873 [info ] [MainThread]:   settings: None
[0m14:39:16.965873 [info ] [MainThread]:   external_root: .
[0m14:39:16.965873 [info ] [MainThread]:   use_credential_provider: None
[0m14:39:16.967392 [info ] [MainThread]:   attach: None
[0m14:39:16.968421 [info ] [MainThread]:   filesystems: None
[0m14:39:16.969422 [info ] [MainThread]:   remote: None
[0m14:39:16.970441 [info ] [MainThread]:   plugins: None
[0m14:39:16.971932 [info ] [MainThread]:   disable_transactions: False
[0m14:39:16.973174 [info ] [MainThread]: Registered adapter: duckdb=1.6.0
[0m14:39:16.974693 [debug] [MainThread]: Acquiring new duckdb connection 'debug'
[0m14:39:16.977717 [debug] [MainThread]: Using duckdb connection "debug"
[0m14:39:16.979977 [debug] [MainThread]: On debug: select 1 as id
[0m14:39:16.980985 [debug] [MainThread]: Opening a new connection, currently in state init
[0m14:39:17.013075 [debug] [MainThread]: SQL status: OK in 0.0 seconds
[0m14:39:17.015074 [debug] [MainThread]: On debug: Close
[0m14:39:17.018601 [info ] [MainThread]:   Connection test: [[32mOK connection ok[0m]

[0m14:39:17.020118 [info ] [MainThread]: [32mAll checks passed![0m
[0m14:39:17.021131 [debug] [MainThread]: Command `dbt debug` succeeded at 14:39:17.021131 after 0.41 seconds
[0m14:39:17.022133 [debug] [MainThread]: Connection 'debug' was properly closed.
[0m14:39:17.022133 [debug] [MainThread]: Sending event: {'category': 'dbt', 'action': 'invocation', 'label': 'end', 'context': [<snowplow_tracker.self_describing_json.SelfDescribingJson object at 0x0000010EB2D9F490>, <snowplow_tracker.self_describing_json.SelfDescribingJson object at 0x0000010EB5C42A10>, <snowplow_tracker.self_describing_json.SelfDescribingJson object at 0x0000010EB5C41900>]}
[0m14:39:17.023131 [debug] [MainThread]: Flushing usage events
[0m14:39:25.748510 [debug] [MainThread]: Sending event: {'category': 'dbt', 'action': 'invocation', 'label': 'start', 'context': [<snowplow_tracker.self_describing_json.SelfDescribingJson object at 0x00000255F973F4F0>, <snowplow_tracker.self_describing_json.SelfDescribingJson object at 0x00000255FC589D80>, <snowplow_tracker.self_describing_json.SelfDescribingJson object at 0x00000255FC588850>]}


============================== 14:39:25.752516 | 825f8ad4-f07f-4ed5-bf31-9d344be026ab ==============================
[0m14:39:25.752516 [info ] [MainThread]: Running with dbt=1.6.1
[0m14:39:25.753516 [debug] [MainThread]: running dbt with arguments {'write_json': 'True', 'no_print': 'None', 'log_format': 'default', 'invocation_command': 'dbt compile', 'cache_selected_only': 'False', 'warn_error': 'None', 'indirect_selection': 'eager', 'partial_parse': 'True', 'log_path': 'D:\\DBT CORE\\nyc_parking_violations\\logs', 'send_anonymous_usage_stats': 'True', 'fail_fast': 'False', 'warn_error_options': 'WarnErrorOptions(include=[], exclude=[])', 'static_parser': 'True', 'version_check': 'True', 'use_experimental_parser': 'False', 'introspect': 'True', 'quiet': 'False', 'log_cache_events': 'False', 'debug': 'False', 'profiles_dir': 'D:\\DBT CORE\\nyc_parking_violations', 'use_colors': 'True', 'printer_width': '80', 'target_path': 'None'}
[0m14:39:25.931448 [debug] [MainThread]: Sending event: {'category': 'dbt', 'action': 'project_id', 'label': '825f8ad4-f07f-4ed5-bf31-9d344be026ab', 'context': [<snowplow_tracker.self_describing_json.SelfDescribingJson object at 0x00000255FC589AE0>]}
[0m14:39:25.949554 [debug] [MainThread]: Sending event: {'category': 'dbt', 'action': 'adapter_info', 'label': '825f8ad4-f07f-4ed5-bf31-9d344be026ab', 'context': [<snowplow_tracker.self_describing_json.SelfDescribingJson object at 0x00000255FC66ADA0>]}
[0m14:39:25.951542 [info ] [MainThread]: Registered adapter: duckdb=1.6.0
[0m14:39:25.963418 [debug] [MainThread]: checksum: efe19d9f5b93d1a98cc804fbfcdb6b3aced98b974af664946fee1cde8837deb7, vars: {}, profile: , target: , version: 1.6.1
[0m14:39:26.102317 [debug] [MainThread]: Partial parsing enabled: 0 files deleted, 2 files added, 0 files changed.
[0m14:39:26.103319 [debug] [MainThread]: Partial parsing: added file: nyc_parking_violations://models\gold\gold_vehicles_metrics.sql
[0m14:39:26.103319 [debug] [MainThread]: Partial parsing: added file: nyc_parking_violations://models\gold\gold_ticket_metrics.sql
[0m14:39:26.160582 [debug] [MainThread]: Sending event: {'category': 'dbt', 'action': 'load_project', 'label': '825f8ad4-f07f-4ed5-bf31-9d344be026ab', 'context': [<snowplow_tracker.self_describing_json.SelfDescribingJson object at 0x00000255FC8300D0>]}
[0m14:39:26.175787 [debug] [MainThread]: Sending event: {'category': 'dbt', 'action': 'resource_counts', 'label': '825f8ad4-f07f-4ed5-bf31-9d344be026ab', 'context': [<snowplow_tracker.self_describing_json.SelfDescribingJson object at 0x00000255FC80A8F0>]}
[0m14:39:26.177368 [info ] [MainThread]: Found 10 models, 0 sources, 0 exposures, 0 metrics, 348 macros, 0 groups, 0 semantic models
[0m14:39:26.178433 [debug] [MainThread]: Sending event: {'category': 'dbt', 'action': 'runnable_timing', 'label': '825f8ad4-f07f-4ed5-bf31-9d344be026ab', 'context': [<snowplow_tracker.self_describing_json.SelfDescribingJson object at 0x00000255FC80A830>]}
[0m14:39:26.180456 [info ] [MainThread]: 
[0m14:39:26.181375 [debug] [MainThread]: Acquiring new duckdb connection 'master'
[0m14:39:26.183401 [debug] [ThreadPool]: Acquiring new duckdb connection 'list_nyc_parking_violations_main'
[0m14:39:26.194954 [debug] [ThreadPool]: Using duckdb connection "list_nyc_parking_violations_main"
[0m14:39:26.195955 [debug] [ThreadPool]: On list_nyc_parking_violations_main: BEGIN
[0m14:39:26.195955 [debug] [ThreadPool]: Opening a new connection, currently in state init
[0m14:39:26.214413 [debug] [ThreadPool]: SQL status: OK in 0.0 seconds
[0m14:39:26.215417 [debug] [ThreadPool]: Using duckdb connection "list_nyc_parking_violations_main"
[0m14:39:26.215417 [debug] [ThreadPool]: On list_nyc_parking_violations_main: /* {"app": "dbt", "dbt_version": "1.6.1", "profile_name": "nyc_parking_violations", "target_name": "dev", "connection_name": "list_nyc_parking_violations_main"} */
select
      'nyc_parking_violations' as database,
      table_name as name,
      table_schema as schema,
      CASE table_type
        WHEN 'BASE TABLE' THEN 'table'
        WHEN 'VIEW' THEN 'view'
        WHEN 'LOCAL TEMPORARY' THEN 'table'
        END as type
    from system.information_schema.tables
    where table_schema = 'main'
    and table_catalog = 'nyc_parking_violations'
  
[0m14:39:26.243394 [debug] [ThreadPool]: SQL status: OK in 0.0 seconds
[0m14:39:26.246396 [debug] [ThreadPool]: On list_nyc_parking_violations_main: ROLLBACK
[0m14:39:26.248905 [debug] [ThreadPool]: Failed to rollback 'list_nyc_parking_violations_main'
[0m14:39:26.249989 [debug] [ThreadPool]: On list_nyc_parking_violations_main: Close
[0m14:39:26.255904 [debug] [MainThread]: Sending event: {'category': 'dbt', 'action': 'runnable_timing', 'label': '825f8ad4-f07f-4ed5-bf31-9d344be026ab', 'context': [<snowplow_tracker.self_describing_json.SelfDescribingJson object at 0x00000255FC80AF50>]}
[0m14:39:26.258420 [info ] [MainThread]: Concurrency: 1 threads (target='dev')
[0m14:39:26.258879 [info ] [MainThread]: 
[0m14:39:26.266122 [debug] [Thread-1 (]: Began running node model.nyc_parking_violations.bronze_parking_violation_codes
[0m14:39:26.268751 [debug] [Thread-1 (]: Acquiring new duckdb connection 'model.nyc_parking_violations.bronze_parking_violation_codes'
[0m14:39:26.268751 [debug] [Thread-1 (]: Began compiling node model.nyc_parking_violations.bronze_parking_violation_codes
[0m14:39:26.277833 [debug] [Thread-1 (]: Writing injected SQL for node "model.nyc_parking_violations.bronze_parking_violation_codes"
[0m14:39:26.281847 [debug] [Thread-1 (]: Timing info for model.nyc_parking_violations.bronze_parking_violation_codes (compile): 14:39:26.269806 => 14:39:26.280840
[0m14:39:26.282840 [debug] [Thread-1 (]: Began executing node model.nyc_parking_violations.bronze_parking_violation_codes
[0m14:39:26.282840 [debug] [Thread-1 (]: Timing info for model.nyc_parking_violations.bronze_parking_violation_codes (execute): 14:39:26.282840 => 14:39:26.282840
[0m14:39:26.284345 [debug] [Thread-1 (]: Finished running node model.nyc_parking_violations.bronze_parking_violation_codes
[0m14:39:26.285439 [debug] [Thread-1 (]: Began running node model.nyc_parking_violations.bronze_parking_violations
[0m14:39:26.286352 [debug] [Thread-1 (]: Re-using an available connection from the pool (formerly model.nyc_parking_violations.bronze_parking_violation_codes, now model.nyc_parking_violations.bronze_parking_violations)
[0m14:39:26.287352 [debug] [Thread-1 (]: Began compiling node model.nyc_parking_violations.bronze_parking_violations
[0m14:39:26.289017 [debug] [Thread-1 (]: Writing injected SQL for node "model.nyc_parking_violations.bronze_parking_violations"
[0m14:39:26.292441 [debug] [Thread-1 (]: Timing info for model.nyc_parking_violations.bronze_parking_violations (compile): 14:39:26.287924 => 14:39:26.292441
[0m14:39:26.293515 [debug] [Thread-1 (]: Began executing node model.nyc_parking_violations.bronze_parking_violations
[0m14:39:26.294536 [debug] [Thread-1 (]: Timing info for model.nyc_parking_violations.bronze_parking_violations (execute): 14:39:26.293515 => 14:39:26.293515
[0m14:39:26.295484 [debug] [Thread-1 (]: Finished running node model.nyc_parking_violations.bronze_parking_violations
[0m14:39:26.295484 [debug] [Thread-1 (]: Began running node model.nyc_parking_violations.first_model
[0m14:39:26.297528 [debug] [Thread-1 (]: Re-using an available connection from the pool (formerly model.nyc_parking_violations.bronze_parking_violations, now model.nyc_parking_violations.first_model)
[0m14:39:26.297528 [debug] [Thread-1 (]: Began compiling node model.nyc_parking_violations.first_model
[0m14:39:26.300080 [debug] [Thread-1 (]: Writing injected SQL for node "model.nyc_parking_violations.first_model"
[0m14:39:26.301284 [debug] [Thread-1 (]: Timing info for model.nyc_parking_violations.first_model (compile): 14:39:26.297528 => 14:39:26.301284
[0m14:39:26.302330 [debug] [Thread-1 (]: Began executing node model.nyc_parking_violations.first_model
[0m14:39:26.303290 [debug] [Thread-1 (]: Timing info for model.nyc_parking_violations.first_model (execute): 14:39:26.302330 => 14:39:26.302330
[0m14:39:26.304293 [debug] [Thread-1 (]: Finished running node model.nyc_parking_violations.first_model
[0m14:39:26.304293 [debug] [Thread-1 (]: Began running node model.nyc_parking_violations.silver_parking_violation_codes
[0m14:39:26.306654 [debug] [Thread-1 (]: Re-using an available connection from the pool (formerly model.nyc_parking_violations.first_model, now model.nyc_parking_violations.silver_parking_violation_codes)
[0m14:39:26.307659 [debug] [Thread-1 (]: Began compiling node model.nyc_parking_violations.silver_parking_violation_codes
[0m14:39:26.310673 [debug] [Thread-1 (]: Writing injected SQL for node "model.nyc_parking_violations.silver_parking_violation_codes"
[0m14:39:26.313675 [debug] [Thread-1 (]: Timing info for model.nyc_parking_violations.silver_parking_violation_codes (compile): 14:39:26.307659 => 14:39:26.313675
[0m14:39:26.314673 [debug] [Thread-1 (]: Began executing node model.nyc_parking_violations.silver_parking_violation_codes
[0m14:39:26.315671 [debug] [Thread-1 (]: Timing info for model.nyc_parking_violations.silver_parking_violation_codes (execute): 14:39:26.314673 => 14:39:26.314673
[0m14:39:26.316671 [debug] [Thread-1 (]: Finished running node model.nyc_parking_violations.silver_parking_violation_codes
[0m14:39:26.316671 [debug] [Thread-1 (]: Began running node model.nyc_parking_violations.silver_parking_violations
[0m14:39:26.317671 [debug] [Thread-1 (]: Re-using an available connection from the pool (formerly model.nyc_parking_violations.silver_parking_violation_codes, now model.nyc_parking_violations.silver_parking_violations)
[0m14:39:26.318729 [debug] [Thread-1 (]: Began compiling node model.nyc_parking_violations.silver_parking_violations
[0m14:39:26.321726 [debug] [Thread-1 (]: Writing injected SQL for node "model.nyc_parking_violations.silver_parking_violations"
[0m14:39:26.323734 [debug] [Thread-1 (]: Timing info for model.nyc_parking_violations.silver_parking_violations (compile): 14:39:26.318729 => 14:39:26.323734
[0m14:39:26.324732 [debug] [Thread-1 (]: Began executing node model.nyc_parking_violations.silver_parking_violations
[0m14:39:26.325731 [debug] [Thread-1 (]: Timing info for model.nyc_parking_violations.silver_parking_violations (execute): 14:39:26.325731 => 14:39:26.325731
[0m14:39:26.326733 [debug] [Thread-1 (]: Finished running node model.nyc_parking_violations.silver_parking_violations
[0m14:39:26.327733 [debug] [Thread-1 (]: Began running node model.nyc_parking_violations.ref_model
[0m14:39:26.328248 [debug] [Thread-1 (]: Re-using an available connection from the pool (formerly model.nyc_parking_violations.silver_parking_violations, now model.nyc_parking_violations.ref_model)
[0m14:39:26.329270 [debug] [Thread-1 (]: Began compiling node model.nyc_parking_violations.ref_model
[0m14:39:26.332265 [debug] [Thread-1 (]: Writing injected SQL for node "model.nyc_parking_violations.ref_model"
[0m14:39:26.334247 [debug] [Thread-1 (]: Timing info for model.nyc_parking_violations.ref_model (compile): 14:39:26.330262 => 14:39:26.333248
[0m14:39:26.334247 [debug] [Thread-1 (]: Began executing node model.nyc_parking_violations.ref_model
[0m14:39:26.335267 [debug] [Thread-1 (]: Timing info for model.nyc_parking_violations.ref_model (execute): 14:39:26.335267 => 14:39:26.335267
[0m14:39:26.336248 [debug] [Thread-1 (]: Finished running node model.nyc_parking_violations.ref_model
[0m14:39:26.337265 [debug] [Thread-1 (]: Began running node model.nyc_parking_violations.silver_violation_tickets
[0m14:39:26.338299 [debug] [Thread-1 (]: Re-using an available connection from the pool (formerly model.nyc_parking_violations.ref_model, now model.nyc_parking_violations.silver_violation_tickets)
[0m14:39:26.339641 [debug] [Thread-1 (]: Began compiling node model.nyc_parking_violations.silver_violation_tickets
[0m14:39:26.343793 [debug] [Thread-1 (]: Writing injected SQL for node "model.nyc_parking_violations.silver_violation_tickets"
[0m14:39:26.345792 [debug] [Thread-1 (]: Timing info for model.nyc_parking_violations.silver_violation_tickets (compile): 14:39:26.340783 => 14:39:26.345792
[0m14:39:26.347300 [debug] [Thread-1 (]: Began executing node model.nyc_parking_violations.silver_violation_tickets
[0m14:39:26.347300 [debug] [Thread-1 (]: Timing info for model.nyc_parking_violations.silver_violation_tickets (execute): 14:39:26.347300 => 14:39:26.347300
[0m14:39:26.348309 [debug] [Thread-1 (]: Finished running node model.nyc_parking_violations.silver_violation_tickets
[0m14:39:26.349310 [debug] [Thread-1 (]: Began running node model.nyc_parking_violations.silver_violation_vehicles
[0m14:39:26.350308 [debug] [Thread-1 (]: Re-using an available connection from the pool (formerly model.nyc_parking_violations.silver_violation_tickets, now model.nyc_parking_violations.silver_violation_vehicles)
[0m14:39:26.351306 [debug] [Thread-1 (]: Began compiling node model.nyc_parking_violations.silver_violation_vehicles
[0m14:39:26.354309 [debug] [Thread-1 (]: Writing injected SQL for node "model.nyc_parking_violations.silver_violation_vehicles"
[0m14:39:26.356306 [debug] [Thread-1 (]: Timing info for model.nyc_parking_violations.silver_violation_vehicles (compile): 14:39:26.351306 => 14:39:26.355310
[0m14:39:26.357310 [debug] [Thread-1 (]: Began executing node model.nyc_parking_violations.silver_violation_vehicles
[0m14:39:26.357310 [debug] [Thread-1 (]: Timing info for model.nyc_parking_violations.silver_violation_vehicles (execute): 14:39:26.357310 => 14:39:26.357310
[0m14:39:26.359485 [debug] [Thread-1 (]: Finished running node model.nyc_parking_violations.silver_violation_vehicles
[0m14:39:26.359485 [debug] [Thread-1 (]: Began running node model.nyc_parking_violations.gold_ticket_metrics
[0m14:39:26.360487 [debug] [Thread-1 (]: Re-using an available connection from the pool (formerly model.nyc_parking_violations.silver_violation_vehicles, now model.nyc_parking_violations.gold_ticket_metrics)
[0m14:39:26.361484 [debug] [Thread-1 (]: Began compiling node model.nyc_parking_violations.gold_ticket_metrics
[0m14:39:26.364483 [debug] [Thread-1 (]: Writing injected SQL for node "model.nyc_parking_violations.gold_ticket_metrics"
[0m14:39:26.367991 [debug] [Thread-1 (]: Timing info for model.nyc_parking_violations.gold_ticket_metrics (compile): 14:39:26.361484 => 14:39:26.367991
[0m14:39:26.368995 [debug] [Thread-1 (]: Began executing node model.nyc_parking_violations.gold_ticket_metrics
[0m14:39:26.369995 [debug] [Thread-1 (]: Timing info for model.nyc_parking_violations.gold_ticket_metrics (execute): 14:39:26.369995 => 14:39:26.369995
[0m14:39:26.371995 [debug] [Thread-1 (]: Finished running node model.nyc_parking_violations.gold_ticket_metrics
[0m14:39:26.373373 [debug] [Thread-1 (]: Began running node model.nyc_parking_violations.gold_vehicles_metrics
[0m14:39:26.374381 [debug] [Thread-1 (]: Re-using an available connection from the pool (formerly model.nyc_parking_violations.gold_ticket_metrics, now model.nyc_parking_violations.gold_vehicles_metrics)
[0m14:39:26.376727 [debug] [Thread-1 (]: Began compiling node model.nyc_parking_violations.gold_vehicles_metrics
[0m14:39:26.381885 [debug] [Thread-1 (]: Writing injected SQL for node "model.nyc_parking_violations.gold_vehicles_metrics"
[0m14:39:26.384391 [debug] [Thread-1 (]: Timing info for model.nyc_parking_violations.gold_vehicles_metrics (compile): 14:39:26.377726 => 14:39:26.382887
[0m14:39:26.384391 [debug] [Thread-1 (]: Began executing node model.nyc_parking_violations.gold_vehicles_metrics
[0m14:39:26.385399 [debug] [Thread-1 (]: Timing info for model.nyc_parking_violations.gold_vehicles_metrics (execute): 14:39:26.385399 => 14:39:26.385399
[0m14:39:26.387402 [debug] [Thread-1 (]: Finished running node model.nyc_parking_violations.gold_vehicles_metrics
[0m14:39:26.388915 [debug] [MainThread]: Connection 'master' was properly closed.
[0m14:39:26.388915 [debug] [MainThread]: Connection 'list_nyc_parking_violations_main' was properly closed.
[0m14:39:26.390038 [debug] [MainThread]: Connection 'model.nyc_parking_violations.gold_vehicles_metrics' was properly closed.
[0m14:39:26.392050 [debug] [MainThread]: Command end result
[0m14:39:26.404599 [debug] [MainThread]: Command `dbt compile` succeeded at 14:39:26.403599 after 0.69 seconds
[0m14:39:26.405597 [debug] [MainThread]: Sending event: {'category': 'dbt', 'action': 'invocation', 'label': 'end', 'context': [<snowplow_tracker.self_describing_json.SelfDescribingJson object at 0x00000255F973F4F0>, <snowplow_tracker.self_describing_json.SelfDescribingJson object at 0x00000255FC948CD0>, <snowplow_tracker.self_describing_json.SelfDescribingJson object at 0x00000255FC949CC0>]}
[0m14:39:26.406597 [debug] [MainThread]: Flushing usage events
[0m14:39:33.395317 [debug] [MainThread]: Sending event: {'category': 'dbt', 'action': 'invocation', 'label': 'start', 'context': [<snowplow_tracker.self_describing_json.SelfDescribingJson object at 0x000001E1A027F4C0>, <snowplow_tracker.self_describing_json.SelfDescribingJson object at 0x000001E1A30C9DE0>, <snowplow_tracker.self_describing_json.SelfDescribingJson object at 0x000001E1A30C88B0>]}


============================== 14:39:33.399343 | d4786260-1c9e-4880-8e34-a674c8bb1f90 ==============================
[0m14:39:33.399343 [info ] [MainThread]: Running with dbt=1.6.1
[0m14:39:33.400345 [debug] [MainThread]: running dbt with arguments {'printer_width': '80', 'log_format': 'default', 'target_path': 'None', 'no_print': 'None', 'invocation_command': 'dbt run', 'warn_error': 'None', 'static_parser': 'True', 'fail_fast': 'False', 'indirect_selection': 'eager', 'send_anonymous_usage_stats': 'True', 'log_path': 'D:\\DBT CORE\\nyc_parking_violations\\logs', 'warn_error_options': 'WarnErrorOptions(include=[], exclude=[])', 'partial_parse': 'True', 'use_experimental_parser': 'False', 'version_check': 'True', 'quiet': 'False', 'introspect': 'True', 'log_cache_events': 'False', 'debug': 'False', 'profiles_dir': 'D:\\DBT CORE\\nyc_parking_violations', 'use_colors': 'True', 'cache_selected_only': 'False', 'write_json': 'True'}
[0m14:39:33.523032 [debug] [MainThread]: Sending event: {'category': 'dbt', 'action': 'project_id', 'label': 'd4786260-1c9e-4880-8e34-a674c8bb1f90', 'context': [<snowplow_tracker.self_describing_json.SelfDescribingJson object at 0x000001E1A30C9B40>]}
[0m14:39:33.536511 [debug] [MainThread]: Sending event: {'category': 'dbt', 'action': 'adapter_info', 'label': 'd4786260-1c9e-4880-8e34-a674c8bb1f90', 'context': [<snowplow_tracker.self_describing_json.SelfDescribingJson object at 0x000001E1A31AAE60>]}
[0m14:39:33.538398 [info ] [MainThread]: Registered adapter: duckdb=1.6.0
[0m14:39:33.546721 [debug] [MainThread]: checksum: efe19d9f5b93d1a98cc804fbfcdb6b3aced98b974af664946fee1cde8837deb7, vars: {}, profile: , target: , version: 1.6.1
[0m14:39:33.615105 [debug] [MainThread]: Partial parsing enabled: 0 files deleted, 0 files added, 0 files changed.
[0m14:39:33.616094 [debug] [MainThread]: Partial parsing enabled, no changes found, skipping parsing
[0m14:39:33.620553 [debug] [MainThread]: Sending event: {'category': 'dbt', 'action': 'load_project', 'label': 'd4786260-1c9e-4880-8e34-a674c8bb1f90', 'context': [<snowplow_tracker.self_describing_json.SelfDescribingJson object at 0x000001E1A33840D0>]}
[0m14:39:33.633275 [debug] [MainThread]: Sending event: {'category': 'dbt', 'action': 'resource_counts', 'label': 'd4786260-1c9e-4880-8e34-a674c8bb1f90', 'context': [<snowplow_tracker.self_describing_json.SelfDescribingJson object at 0x000001E1A334E020>]}
[0m14:39:33.633275 [info ] [MainThread]: Found 10 models, 0 sources, 0 exposures, 0 metrics, 348 macros, 0 groups, 0 semantic models
[0m14:39:33.634263 [debug] [MainThread]: Sending event: {'category': 'dbt', 'action': 'runnable_timing', 'label': 'd4786260-1c9e-4880-8e34-a674c8bb1f90', 'context': [<snowplow_tracker.self_describing_json.SelfDescribingJson object at 0x000001E1A334DF60>]}
[0m14:39:33.636240 [info ] [MainThread]: 
[0m14:39:33.637241 [debug] [MainThread]: Acquiring new duckdb connection 'master'
[0m14:39:33.638899 [debug] [ThreadPool]: Acquiring new duckdb connection 'list_nyc_parking_violations'
[0m14:39:33.647504 [debug] [ThreadPool]: Using duckdb connection "list_nyc_parking_violations"
[0m14:39:33.648492 [debug] [ThreadPool]: On list_nyc_parking_violations: /* {"app": "dbt", "dbt_version": "1.6.1", "profile_name": "nyc_parking_violations", "target_name": "dev", "connection_name": "list_nyc_parking_violations"} */

    
    select schema_name
    from system.information_schema.schemata
    
    where catalog_name = '"nyc_parking_violations"'
    
  
  
[0m14:39:33.649483 [debug] [ThreadPool]: Opening a new connection, currently in state init
[0m14:39:33.665601 [debug] [ThreadPool]: SQL status: OK in 0.0 seconds
[0m14:39:33.667506 [debug] [ThreadPool]: On list_nyc_parking_violations: Close
[0m14:39:33.672917 [debug] [ThreadPool]: Re-using an available connection from the pool (formerly list_nyc_parking_violations, now create_nyc_parking_violations_main)
[0m14:39:33.673905 [debug] [ThreadPool]: Creating schema "database: "nyc_parking_violations"
schema: "main"
"
[0m14:39:33.677858 [debug] [ThreadPool]: Using duckdb connection "create_nyc_parking_violations_main"
[0m14:39:33.679346 [debug] [ThreadPool]: On create_nyc_parking_violations_main: BEGIN
[0m14:39:33.680345 [debug] [ThreadPool]: Opening a new connection, currently in state closed
[0m14:39:33.694949 [debug] [ThreadPool]: SQL status: OK in 0.0 seconds
[0m14:39:33.694949 [debug] [ThreadPool]: Using duckdb connection "create_nyc_parking_violations_main"
[0m14:39:33.695863 [debug] [ThreadPool]: On create_nyc_parking_violations_main: /* {"app": "dbt", "dbt_version": "1.6.1", "profile_name": "nyc_parking_violations", "target_name": "dev", "connection_name": "create_nyc_parking_violations_main"} */
create schema if not exists "nyc_parking_violations"."main"
[0m14:39:33.699905 [debug] [ThreadPool]: SQL status: OK in 0.0 seconds
[0m14:39:33.700899 [debug] [ThreadPool]: On create_nyc_parking_violations_main: COMMIT
[0m14:39:33.701942 [debug] [ThreadPool]: Using duckdb connection "create_nyc_parking_violations_main"
[0m14:39:33.701942 [debug] [ThreadPool]: On create_nyc_parking_violations_main: COMMIT
[0m14:39:33.702878 [debug] [ThreadPool]: SQL status: OK in 0.0 seconds
[0m14:39:33.702878 [debug] [ThreadPool]: On create_nyc_parking_violations_main: Close
[0m14:39:33.707731 [debug] [ThreadPool]: Acquiring new duckdb connection 'list_nyc_parking_violations_main'
[0m14:39:33.712942 [debug] [ThreadPool]: Using duckdb connection "list_nyc_parking_violations_main"
[0m14:39:33.713834 [debug] [ThreadPool]: On list_nyc_parking_violations_main: BEGIN
[0m14:39:33.714824 [debug] [ThreadPool]: Opening a new connection, currently in state init
[0m14:39:33.729041 [debug] [ThreadPool]: SQL status: OK in 0.0 seconds
[0m14:39:33.730034 [debug] [ThreadPool]: Using duckdb connection "list_nyc_parking_violations_main"
[0m14:39:33.730034 [debug] [ThreadPool]: On list_nyc_parking_violations_main: /* {"app": "dbt", "dbt_version": "1.6.1", "profile_name": "nyc_parking_violations", "target_name": "dev", "connection_name": "list_nyc_parking_violations_main"} */
select
      'nyc_parking_violations' as database,
      table_name as name,
      table_schema as schema,
      CASE table_type
        WHEN 'BASE TABLE' THEN 'table'
        WHEN 'VIEW' THEN 'view'
        WHEN 'LOCAL TEMPORARY' THEN 'table'
        END as type
    from system.information_schema.tables
    where table_schema = 'main'
    and table_catalog = 'nyc_parking_violations'
  
[0m14:39:33.742406 [debug] [ThreadPool]: SQL status: OK in 0.0 seconds
[0m14:39:33.743470 [debug] [ThreadPool]: On list_nyc_parking_violations_main: ROLLBACK
[0m14:39:33.745410 [debug] [ThreadPool]: Failed to rollback 'list_nyc_parking_violations_main'
[0m14:39:33.745410 [debug] [ThreadPool]: On list_nyc_parking_violations_main: Close
[0m14:39:33.749545 [debug] [MainThread]: Sending event: {'category': 'dbt', 'action': 'runnable_timing', 'label': 'd4786260-1c9e-4880-8e34-a674c8bb1f90', 'context': [<snowplow_tracker.self_describing_json.SelfDescribingJson object at 0x000001E1A33CFFD0>]}
[0m14:39:33.750526 [debug] [MainThread]: Using duckdb connection "master"
[0m14:39:33.750526 [debug] [MainThread]: On master: BEGIN
[0m14:39:33.751478 [debug] [MainThread]: Opening a new connection, currently in state init
[0m14:39:33.764959 [debug] [MainThread]: SQL status: OK in 0.0 seconds
[0m14:39:33.764959 [debug] [MainThread]: On master: COMMIT
[0m14:39:33.766010 [debug] [MainThread]: Using duckdb connection "master"
[0m14:39:33.766010 [debug] [MainThread]: On master: COMMIT
[0m14:39:33.767005 [debug] [MainThread]: SQL status: OK in 0.0 seconds
[0m14:39:33.767005 [debug] [MainThread]: On master: Close
[0m14:39:33.769545 [info ] [MainThread]: Concurrency: 1 threads (target='dev')
[0m14:39:33.770534 [info ] [MainThread]: 
[0m14:39:33.776551 [debug] [Thread-1 (]: Began running node model.nyc_parking_violations.bronze_parking_violation_codes
[0m14:39:33.779230 [info ] [Thread-1 (]: 1 of 10 START sql view model main.bronze_parking_violation_codes ............... [RUN]
[0m14:39:33.782088 [debug] [Thread-1 (]: Acquiring new duckdb connection 'model.nyc_parking_violations.bronze_parking_violation_codes'
[0m14:39:33.782088 [debug] [Thread-1 (]: Began compiling node model.nyc_parking_violations.bronze_parking_violation_codes
[0m14:39:33.788677 [debug] [Thread-1 (]: Writing injected SQL for node "model.nyc_parking_violations.bronze_parking_violation_codes"
[0m14:39:33.791046 [debug] [Thread-1 (]: Timing info for model.nyc_parking_violations.bronze_parking_violation_codes (compile): 14:39:33.783076 => 14:39:33.791046
[0m14:39:33.792045 [debug] [Thread-1 (]: Began executing node model.nyc_parking_violations.bronze_parking_violation_codes
[0m14:39:33.818470 [debug] [Thread-1 (]: Writing runtime sql for node "model.nyc_parking_violations.bronze_parking_violation_codes"
[0m14:39:33.820465 [debug] [Thread-1 (]: Using duckdb connection "model.nyc_parking_violations.bronze_parking_violation_codes"
[0m14:39:33.820465 [debug] [Thread-1 (]: On model.nyc_parking_violations.bronze_parking_violation_codes: BEGIN
[0m14:39:33.821447 [debug] [Thread-1 (]: Opening a new connection, currently in state init
[0m14:39:33.834044 [debug] [Thread-1 (]: SQL status: OK in 0.0 seconds
[0m14:39:33.835036 [debug] [Thread-1 (]: Using duckdb connection "model.nyc_parking_violations.bronze_parking_violation_codes"
[0m14:39:33.835923 [debug] [Thread-1 (]: On model.nyc_parking_violations.bronze_parking_violation_codes: /* {"app": "dbt", "dbt_version": "1.6.1", "profile_name": "nyc_parking_violations", "target_name": "dev", "node_id": "model.nyc_parking_violations.bronze_parking_violation_codes"} */

  
  create view "nyc_parking_violations"."main"."bronze_parking_violation_codes__dbt_tmp" as (
    SELECT
    code AS violation_code,
    definition,
    manhattan_96th_st_below,
    all_other_areas
FROM
    parking_violation_codes
  );

[0m14:39:33.841076 [debug] [Thread-1 (]: SQL status: OK in 0.0 seconds
[0m14:39:33.846128 [debug] [Thread-1 (]: Using duckdb connection "model.nyc_parking_violations.bronze_parking_violation_codes"
[0m14:39:33.847146 [debug] [Thread-1 (]: On model.nyc_parking_violations.bronze_parking_violation_codes: /* {"app": "dbt", "dbt_version": "1.6.1", "profile_name": "nyc_parking_violations", "target_name": "dev", "node_id": "model.nyc_parking_violations.bronze_parking_violation_codes"} */
alter view "nyc_parking_violations"."main"."bronze_parking_violation_codes" rename to "bronze_parking_violation_codes__dbt_backup"
[0m14:39:33.852680 [debug] [Thread-1 (]: SQL status: OK in 0.0 seconds
[0m14:39:33.855646 [debug] [Thread-1 (]: Using duckdb connection "model.nyc_parking_violations.bronze_parking_violation_codes"
[0m14:39:33.855646 [debug] [Thread-1 (]: On model.nyc_parking_violations.bronze_parking_violation_codes: /* {"app": "dbt", "dbt_version": "1.6.1", "profile_name": "nyc_parking_violations", "target_name": "dev", "node_id": "model.nyc_parking_violations.bronze_parking_violation_codes"} */
alter view "nyc_parking_violations"."main"."bronze_parking_violation_codes__dbt_tmp" rename to "bronze_parking_violation_codes"
[0m14:39:33.857134 [debug] [Thread-1 (]: SQL status: OK in 0.0 seconds
[0m14:39:33.870582 [debug] [Thread-1 (]: On model.nyc_parking_violations.bronze_parking_violation_codes: COMMIT
[0m14:39:33.871569 [debug] [Thread-1 (]: Using duckdb connection "model.nyc_parking_violations.bronze_parking_violation_codes"
[0m14:39:33.872573 [debug] [Thread-1 (]: On model.nyc_parking_violations.bronze_parking_violation_codes: COMMIT
[0m14:39:33.878975 [debug] [Thread-1 (]: SQL status: OK in 0.0 seconds
[0m14:39:33.883316 [debug] [Thread-1 (]: Using duckdb connection "model.nyc_parking_violations.bronze_parking_violation_codes"
[0m14:39:33.884306 [debug] [Thread-1 (]: On model.nyc_parking_violations.bronze_parking_violation_codes: /* {"app": "dbt", "dbt_version": "1.6.1", "profile_name": "nyc_parking_violations", "target_name": "dev", "node_id": "model.nyc_parking_violations.bronze_parking_violation_codes"} */
drop view if exists "nyc_parking_violations"."main"."bronze_parking_violation_codes__dbt_backup" cascade
[0m14:39:33.888726 [debug] [Thread-1 (]: SQL status: OK in 0.0 seconds
[0m14:39:33.890581 [debug] [Thread-1 (]: Timing info for model.nyc_parking_violations.bronze_parking_violation_codes (execute): 14:39:33.793034 => 14:39:33.890581
[0m14:39:33.891984 [debug] [Thread-1 (]: On model.nyc_parking_violations.bronze_parking_violation_codes: Close
[0m14:39:33.914718 [debug] [Thread-1 (]: Sending event: {'category': 'dbt', 'action': 'run_model', 'label': 'd4786260-1c9e-4880-8e34-a674c8bb1f90', 'context': [<snowplow_tracker.self_describing_json.SelfDescribingJson object at 0x000001E1A3456800>]}
[0m14:39:33.914718 [info ] [Thread-1 (]: 1 of 10 OK created sql view model main.bronze_parking_violation_codes .......... [[32mOK[0m in 0.13s]
[0m14:39:33.916288 [debug] [Thread-1 (]: Finished running node model.nyc_parking_violations.bronze_parking_violation_codes
[0m14:39:33.917286 [debug] [Thread-1 (]: Began running node model.nyc_parking_violations.bronze_parking_violations
[0m14:39:33.918276 [info ] [Thread-1 (]: 2 of 10 START sql view model main.bronze_parking_violations .................... [RUN]
[0m14:39:33.919260 [debug] [Thread-1 (]: Re-using an available connection from the pool (formerly model.nyc_parking_violations.bronze_parking_violation_codes, now model.nyc_parking_violations.bronze_parking_violations)
[0m14:39:33.919260 [debug] [Thread-1 (]: Began compiling node model.nyc_parking_violations.bronze_parking_violations
[0m14:39:33.921506 [debug] [Thread-1 (]: Writing injected SQL for node "model.nyc_parking_violations.bronze_parking_violations"
[0m14:39:33.923997 [debug] [Thread-1 (]: Timing info for model.nyc_parking_violations.bronze_parking_violations (compile): 14:39:33.920335 => 14:39:33.923997
[0m14:39:33.924975 [debug] [Thread-1 (]: Began executing node model.nyc_parking_violations.bronze_parking_violations
[0m14:39:33.928611 [debug] [Thread-1 (]: Writing runtime sql for node "model.nyc_parking_violations.bronze_parking_violations"
[0m14:39:33.930588 [debug] [Thread-1 (]: Using duckdb connection "model.nyc_parking_violations.bronze_parking_violations"
[0m14:39:33.930588 [debug] [Thread-1 (]: On model.nyc_parking_violations.bronze_parking_violations: BEGIN
[0m14:39:33.931575 [debug] [Thread-1 (]: Opening a new connection, currently in state closed
[0m14:39:33.947194 [debug] [Thread-1 (]: SQL status: OK in 0.0 seconds
[0m14:39:33.948163 [debug] [Thread-1 (]: Using duckdb connection "model.nyc_parking_violations.bronze_parking_violations"
[0m14:39:33.949197 [debug] [Thread-1 (]: On model.nyc_parking_violations.bronze_parking_violations: /* {"app": "dbt", "dbt_version": "1.6.1", "profile_name": "nyc_parking_violations", "target_name": "dev", "node_id": "model.nyc_parking_violations.bronze_parking_violations"} */

  
  create view "nyc_parking_violations"."main"."bronze_parking_violations__dbt_tmp" as (
    SELECT
    summons_number,
    registration_state,
    plate_type,
    issue_date,
    violation_code,
    vehicle_body_type,
    vehicle_make,
    issuing_agency,
    vehicle_expiration_date,
    violation_location,
    violation_precinct,
    issuer_precinct,
    issuer_code,
    issuer_command,
    issuer_squad,
    violation_time,
    violation_county,
    violation_legal_code,
    vehicle_color,
    vehicle_year,
FROM
    parking_violations_2023
  );

[0m14:39:33.950190 [debug] [Thread-1 (]: SQL status: OK in 0.0 seconds
[0m14:39:33.952163 [debug] [Thread-1 (]: Using duckdb connection "model.nyc_parking_violations.bronze_parking_violations"
[0m14:39:33.953516 [debug] [Thread-1 (]: On model.nyc_parking_violations.bronze_parking_violations: /* {"app": "dbt", "dbt_version": "1.6.1", "profile_name": "nyc_parking_violations", "target_name": "dev", "node_id": "model.nyc_parking_violations.bronze_parking_violations"} */
alter view "nyc_parking_violations"."main"."bronze_parking_violations" rename to "bronze_parking_violations__dbt_backup"
[0m14:39:33.954612 [debug] [Thread-1 (]: SQL status: OK in 0.0 seconds
[0m14:39:33.959090 [debug] [Thread-1 (]: Using duckdb connection "model.nyc_parking_violations.bronze_parking_violations"
[0m14:39:33.960070 [debug] [Thread-1 (]: On model.nyc_parking_violations.bronze_parking_violations: /* {"app": "dbt", "dbt_version": "1.6.1", "profile_name": "nyc_parking_violations", "target_name": "dev", "node_id": "model.nyc_parking_violations.bronze_parking_violations"} */
alter view "nyc_parking_violations"."main"."bronze_parking_violations__dbt_tmp" rename to "bronze_parking_violations"
[0m14:39:33.961060 [debug] [Thread-1 (]: SQL status: OK in 0.0 seconds
[0m14:39:33.963040 [debug] [Thread-1 (]: On model.nyc_parking_violations.bronze_parking_violations: COMMIT
[0m14:39:33.964027 [debug] [Thread-1 (]: Using duckdb connection "model.nyc_parking_violations.bronze_parking_violations"
[0m14:39:33.964027 [debug] [Thread-1 (]: On model.nyc_parking_violations.bronze_parking_violations: COMMIT
[0m14:39:33.967828 [debug] [Thread-1 (]: SQL status: OK in 0.0 seconds
[0m14:39:33.970772 [debug] [Thread-1 (]: Using duckdb connection "model.nyc_parking_violations.bronze_parking_violations"
[0m14:39:33.970772 [debug] [Thread-1 (]: On model.nyc_parking_violations.bronze_parking_violations: /* {"app": "dbt", "dbt_version": "1.6.1", "profile_name": "nyc_parking_violations", "target_name": "dev", "node_id": "model.nyc_parking_violations.bronze_parking_violations"} */
drop view if exists "nyc_parking_violations"."main"."bronze_parking_violations__dbt_backup" cascade
[0m14:39:33.975632 [debug] [Thread-1 (]: SQL status: OK in 0.0 seconds
[0m14:39:33.976724 [debug] [Thread-1 (]: Timing info for model.nyc_parking_violations.bronze_parking_violations (execute): 14:39:33.924975 => 14:39:33.976724
[0m14:39:33.977807 [debug] [Thread-1 (]: On model.nyc_parking_violations.bronze_parking_violations: Close
[0m14:39:33.992336 [debug] [Thread-1 (]: Sending event: {'category': 'dbt', 'action': 'run_model', 'label': 'd4786260-1c9e-4880-8e34-a674c8bb1f90', 'context': [<snowplow_tracker.self_describing_json.SelfDescribingJson object at 0x000001E1A3445DE0>]}
[0m14:39:33.993410 [info ] [Thread-1 (]: 2 of 10 OK created sql view model main.bronze_parking_violations ............... [[32mOK[0m in 0.07s]
[0m14:39:33.994313 [debug] [Thread-1 (]: Finished running node model.nyc_parking_violations.bronze_parking_violations
[0m14:39:33.995376 [debug] [Thread-1 (]: Began running node model.nyc_parking_violations.first_model
[0m14:39:33.995926 [info ] [Thread-1 (]: 3 of 10 START sql view model main.first_model .................................. [RUN]
[0m14:39:33.996916 [debug] [Thread-1 (]: Re-using an available connection from the pool (formerly model.nyc_parking_violations.bronze_parking_violations, now model.nyc_parking_violations.first_model)
[0m14:39:33.996916 [debug] [Thread-1 (]: Began compiling node model.nyc_parking_violations.first_model
[0m14:39:33.998893 [debug] [Thread-1 (]: Writing injected SQL for node "model.nyc_parking_violations.first_model"
[0m14:39:34.000974 [debug] [Thread-1 (]: Timing info for model.nyc_parking_violations.first_model (compile): 14:39:33.997905 => 14:39:34.000974
[0m14:39:34.001968 [debug] [Thread-1 (]: Began executing node model.nyc_parking_violations.first_model
[0m14:39:34.006430 [debug] [Thread-1 (]: Writing runtime sql for node "model.nyc_parking_violations.first_model"
[0m14:39:34.007466 [debug] [Thread-1 (]: Using duckdb connection "model.nyc_parking_violations.first_model"
[0m14:39:34.008524 [debug] [Thread-1 (]: On model.nyc_parking_violations.first_model: BEGIN
[0m14:39:34.008524 [debug] [Thread-1 (]: Opening a new connection, currently in state closed
[0m14:39:34.025079 [debug] [Thread-1 (]: SQL status: OK in 0.0 seconds
[0m14:39:34.025079 [debug] [Thread-1 (]: Using duckdb connection "model.nyc_parking_violations.first_model"
[0m14:39:34.026362 [debug] [Thread-1 (]: On model.nyc_parking_violations.first_model: /* {"app": "dbt", "dbt_version": "1.6.1", "profile_name": "nyc_parking_violations", "target_name": "dev", "node_id": "model.nyc_parking_violations.first_model"} */

  
  create view "nyc_parking_violations"."main"."first_model__dbt_tmp" as (
    SELECT * FROM parking_violation_codes
  );

[0m14:39:34.027487 [debug] [Thread-1 (]: SQL status: OK in 0.0 seconds
[0m14:39:34.031307 [debug] [Thread-1 (]: Using duckdb connection "model.nyc_parking_violations.first_model"
[0m14:39:34.032297 [debug] [Thread-1 (]: On model.nyc_parking_violations.first_model: /* {"app": "dbt", "dbt_version": "1.6.1", "profile_name": "nyc_parking_violations", "target_name": "dev", "node_id": "model.nyc_parking_violations.first_model"} */
alter view "nyc_parking_violations"."main"."first_model" rename to "first_model__dbt_backup"
[0m14:39:34.032297 [debug] [Thread-1 (]: SQL status: OK in 0.0 seconds
[0m14:39:34.034776 [debug] [Thread-1 (]: Using duckdb connection "model.nyc_parking_violations.first_model"
[0m14:39:34.035775 [debug] [Thread-1 (]: On model.nyc_parking_violations.first_model: /* {"app": "dbt", "dbt_version": "1.6.1", "profile_name": "nyc_parking_violations", "target_name": "dev", "node_id": "model.nyc_parking_violations.first_model"} */
alter view "nyc_parking_violations"."main"."first_model__dbt_tmp" rename to "first_model"
[0m14:39:34.036765 [debug] [Thread-1 (]: SQL status: OK in 0.0 seconds
[0m14:39:34.040338 [debug] [Thread-1 (]: On model.nyc_parking_violations.first_model: COMMIT
[0m14:39:34.041315 [debug] [Thread-1 (]: Using duckdb connection "model.nyc_parking_violations.first_model"
[0m14:39:34.041315 [debug] [Thread-1 (]: On model.nyc_parking_violations.first_model: COMMIT
[0m14:39:34.045766 [debug] [Thread-1 (]: SQL status: OK in 0.0 seconds
[0m14:39:34.048729 [debug] [Thread-1 (]: Using duckdb connection "model.nyc_parking_violations.first_model"
[0m14:39:34.048729 [debug] [Thread-1 (]: On model.nyc_parking_violations.first_model: /* {"app": "dbt", "dbt_version": "1.6.1", "profile_name": "nyc_parking_violations", "target_name": "dev", "node_id": "model.nyc_parking_violations.first_model"} */
drop view if exists "nyc_parking_violations"."main"."first_model__dbt_backup" cascade
[0m14:39:34.051803 [debug] [Thread-1 (]: SQL status: OK in 0.0 seconds
[0m14:39:34.052684 [debug] [Thread-1 (]: Timing info for model.nyc_parking_violations.first_model (execute): 14:39:34.001968 => 14:39:34.052684
[0m14:39:34.053673 [debug] [Thread-1 (]: On model.nyc_parking_violations.first_model: Close
[0m14:39:34.068885 [debug] [Thread-1 (]: Sending event: {'category': 'dbt', 'action': 'run_model', 'label': 'd4786260-1c9e-4880-8e34-a674c8bb1f90', 'context': [<snowplow_tracker.self_describing_json.SelfDescribingJson object at 0x000001E1A34ACF70>]}
[0m14:39:34.069964 [info ] [Thread-1 (]: 3 of 10 OK created sql view model main.first_model ............................. [[32mOK[0m in 0.07s]
[0m14:39:34.071988 [debug] [Thread-1 (]: Finished running node model.nyc_parking_violations.first_model
[0m14:39:34.072982 [debug] [Thread-1 (]: Began running node model.nyc_parking_violations.silver_parking_violation_codes
[0m14:39:34.072982 [info ] [Thread-1 (]: 4 of 10 START sql view model main.silver_parking_violation_codes ............... [RUN]
[0m14:39:34.074472 [debug] [Thread-1 (]: Re-using an available connection from the pool (formerly model.nyc_parking_violations.first_model, now model.nyc_parking_violations.silver_parking_violation_codes)
[0m14:39:34.075467 [debug] [Thread-1 (]: Began compiling node model.nyc_parking_violations.silver_parking_violation_codes
[0m14:39:34.078430 [debug] [Thread-1 (]: Writing injected SQL for node "model.nyc_parking_violations.silver_parking_violation_codes"
[0m14:39:34.080408 [debug] [Thread-1 (]: Timing info for model.nyc_parking_violations.silver_parking_violation_codes (compile): 14:39:34.076458 => 14:39:34.080408
[0m14:39:34.081395 [debug] [Thread-1 (]: Began executing node model.nyc_parking_violations.silver_parking_violation_codes
[0m14:39:34.084860 [debug] [Thread-1 (]: Writing runtime sql for node "model.nyc_parking_violations.silver_parking_violation_codes"
[0m14:39:34.086839 [debug] [Thread-1 (]: Using duckdb connection "model.nyc_parking_violations.silver_parking_violation_codes"
[0m14:39:34.087836 [debug] [Thread-1 (]: On model.nyc_parking_violations.silver_parking_violation_codes: BEGIN
[0m14:39:34.088817 [debug] [Thread-1 (]: Opening a new connection, currently in state closed
[0m14:39:34.105648 [debug] [Thread-1 (]: SQL status: OK in 0.0 seconds
[0m14:39:34.106636 [debug] [Thread-1 (]: Using duckdb connection "model.nyc_parking_violations.silver_parking_violation_codes"
[0m14:39:34.107625 [debug] [Thread-1 (]: On model.nyc_parking_violations.silver_parking_violation_codes: /* {"app": "dbt", "dbt_version": "1.6.1", "profile_name": "nyc_parking_violations", "target_name": "dev", "node_id": "model.nyc_parking_violations.silver_parking_violation_codes"} */

  
  create view "nyc_parking_violations"."main"."silver_parking_violation_codes__dbt_tmp" as (
    WITH manhattan_violation_codes AS (
    SELECT
        violation_code,
        definition,
        TRUE AS is_manhattan_96th_st_below,
        manhattan_96th_st_below AS fee_usd,
    FROM
        "nyc_parking_violations"."main"."bronze_parking_violation_codes"
),

all_other_violation_codes AS (
    SELECT
        violation_code,
        definition,
        FALSE AS is_manhattan_96th_st_below,
        all_other_areas AS fee_usd,
    FROM
        "nyc_parking_violations"."main"."bronze_parking_violation_codes"
)

SELECT * FROM manhattan_violation_codes
UNION ALL
SELECT * FROM all_other_violation_codes
ORDER BY violation_code ASC
  );

[0m14:39:34.109599 [debug] [Thread-1 (]: SQL status: OK in 0.0 seconds
[0m14:39:34.112564 [debug] [Thread-1 (]: Using duckdb connection "model.nyc_parking_violations.silver_parking_violation_codes"
[0m14:39:34.112564 [debug] [Thread-1 (]: On model.nyc_parking_violations.silver_parking_violation_codes: /* {"app": "dbt", "dbt_version": "1.6.1", "profile_name": "nyc_parking_violations", "target_name": "dev", "node_id": "model.nyc_parking_violations.silver_parking_violation_codes"} */
alter view "nyc_parking_violations"."main"."silver_parking_violation_codes" rename to "silver_parking_violation_codes__dbt_backup"
[0m14:39:34.114050 [debug] [Thread-1 (]: SQL status: OK in 0.0 seconds
[0m14:39:34.117020 [debug] [Thread-1 (]: Using duckdb connection "model.nyc_parking_violations.silver_parking_violation_codes"
[0m14:39:34.118008 [debug] [Thread-1 (]: On model.nyc_parking_violations.silver_parking_violation_codes: /* {"app": "dbt", "dbt_version": "1.6.1", "profile_name": "nyc_parking_violations", "target_name": "dev", "node_id": "model.nyc_parking_violations.silver_parking_violation_codes"} */
alter view "nyc_parking_violations"."main"."silver_parking_violation_codes__dbt_tmp" rename to "silver_parking_violation_codes"
[0m14:39:34.118008 [debug] [Thread-1 (]: SQL status: OK in 0.0 seconds
[0m14:39:34.120976 [debug] [Thread-1 (]: On model.nyc_parking_violations.silver_parking_violation_codes: COMMIT
[0m14:39:34.121962 [debug] [Thread-1 (]: Using duckdb connection "model.nyc_parking_violations.silver_parking_violation_codes"
[0m14:39:34.122954 [debug] [Thread-1 (]: On model.nyc_parking_violations.silver_parking_violation_codes: COMMIT
[0m14:39:34.128433 [debug] [Thread-1 (]: SQL status: OK in 0.0 seconds
[0m14:39:34.131375 [debug] [Thread-1 (]: Using duckdb connection "model.nyc_parking_violations.silver_parking_violation_codes"
[0m14:39:34.132364 [debug] [Thread-1 (]: On model.nyc_parking_violations.silver_parking_violation_codes: /* {"app": "dbt", "dbt_version": "1.6.1", "profile_name": "nyc_parking_violations", "target_name": "dev", "node_id": "model.nyc_parking_violations.silver_parking_violation_codes"} */
drop view if exists "nyc_parking_violations"."main"."silver_parking_violation_codes__dbt_backup" cascade
[0m14:39:34.134872 [debug] [Thread-1 (]: SQL status: OK in 0.0 seconds
[0m14:39:34.137853 [debug] [Thread-1 (]: Timing info for model.nyc_parking_violations.silver_parking_violation_codes (execute): 14:39:34.081395 => 14:39:34.136858
[0m14:39:34.138842 [debug] [Thread-1 (]: On model.nyc_parking_violations.silver_parking_violation_codes: Close
[0m14:39:34.153855 [debug] [Thread-1 (]: Sending event: {'category': 'dbt', 'action': 'run_model', 'label': 'd4786260-1c9e-4880-8e34-a674c8bb1f90', 'context': [<snowplow_tracker.self_describing_json.SelfDescribingJson object at 0x000001E1A34AE2C0>]}
[0m14:39:34.154852 [info ] [Thread-1 (]: 4 of 10 OK created sql view model main.silver_parking_violation_codes .......... [[32mOK[0m in 0.08s]
[0m14:39:34.155839 [debug] [Thread-1 (]: Finished running node model.nyc_parking_violations.silver_parking_violation_codes
[0m14:39:34.156850 [debug] [Thread-1 (]: Began running node model.nyc_parking_violations.silver_parking_violations
[0m14:39:34.157818 [info ] [Thread-1 (]: 5 of 10 START sql view model main.silver_parking_violations .................... [RUN]
[0m14:39:34.158805 [debug] [Thread-1 (]: Re-using an available connection from the pool (formerly model.nyc_parking_violations.silver_parking_violation_codes, now model.nyc_parking_violations.silver_parking_violations)
[0m14:39:34.158805 [debug] [Thread-1 (]: Began compiling node model.nyc_parking_violations.silver_parking_violations
[0m14:39:34.163279 [debug] [Thread-1 (]: Writing injected SQL for node "model.nyc_parking_violations.silver_parking_violations"
[0m14:39:34.164776 [debug] [Thread-1 (]: Timing info for model.nyc_parking_violations.silver_parking_violations (compile): 14:39:34.159792 => 14:39:34.164776
[0m14:39:34.164776 [debug] [Thread-1 (]: Began executing node model.nyc_parking_violations.silver_parking_violations
[0m14:39:34.206411 [debug] [Thread-1 (]: Writing runtime sql for node "model.nyc_parking_violations.silver_parking_violations"
[0m14:39:34.208378 [debug] [Thread-1 (]: Using duckdb connection "model.nyc_parking_violations.silver_parking_violations"
[0m14:39:34.209465 [debug] [Thread-1 (]: On model.nyc_parking_violations.silver_parking_violations: BEGIN
[0m14:39:34.210429 [debug] [Thread-1 (]: Opening a new connection, currently in state closed
[0m14:39:34.226636 [debug] [Thread-1 (]: SQL status: OK in 0.0 seconds
[0m14:39:34.227659 [debug] [Thread-1 (]: Using duckdb connection "model.nyc_parking_violations.silver_parking_violations"
[0m14:39:34.228614 [debug] [Thread-1 (]: On model.nyc_parking_violations.silver_parking_violations: /* {"app": "dbt", "dbt_version": "1.6.1", "profile_name": "nyc_parking_violations", "target_name": "dev", "node_id": "model.nyc_parking_violations.silver_parking_violations"} */

  
  create view "nyc_parking_violations"."main"."silver_parking_violations__dbt_tmp" as (
    SELECT
    summons_number,
    registration_state,
    plate_type,
    issue_date,
    violation_code,
    vehicle_body_type,
    vehicle_make,
    issuing_agency,
    vehicle_expiration_date,
    violation_location,
    violation_precinct,
    issuer_precinct,
    issuer_code,
    issuer_command,
    issuer_squad,
    violation_time,
    violation_county,
    violation_legal_code,
    vehicle_color,
    vehicle_year,
    CASE WHEN
        violation_county == 'MN'
        THEN TRUE
        ELSE FALSE
        END AS is_manhattan_96th_st_below
FROM
    "nyc_parking_violations"."main"."bronze_parking_violations"
  );

[0m14:39:34.229601 [debug] [Thread-1 (]: SQL status: OK in 0.0 seconds
[0m14:39:34.232565 [debug] [Thread-1 (]: Using duckdb connection "model.nyc_parking_violations.silver_parking_violations"
[0m14:39:34.234103 [debug] [Thread-1 (]: On model.nyc_parking_violations.silver_parking_violations: /* {"app": "dbt", "dbt_version": "1.6.1", "profile_name": "nyc_parking_violations", "target_name": "dev", "node_id": "model.nyc_parking_violations.silver_parking_violations"} */
alter view "nyc_parking_violations"."main"."silver_parking_violations" rename to "silver_parking_violations__dbt_backup"
[0m14:39:34.235102 [debug] [Thread-1 (]: SQL status: OK in 0.0 seconds
[0m14:39:34.239050 [debug] [Thread-1 (]: Using duckdb connection "model.nyc_parking_violations.silver_parking_violations"
[0m14:39:34.240032 [debug] [Thread-1 (]: On model.nyc_parking_violations.silver_parking_violations: /* {"app": "dbt", "dbt_version": "1.6.1", "profile_name": "nyc_parking_violations", "target_name": "dev", "node_id": "model.nyc_parking_violations.silver_parking_violations"} */
alter view "nyc_parking_violations"."main"."silver_parking_violations__dbt_tmp" rename to "silver_parking_violations"
[0m14:39:34.240940 [debug] [Thread-1 (]: SQL status: OK in 0.0 seconds
[0m14:39:34.242519 [debug] [Thread-1 (]: On model.nyc_parking_violations.silver_parking_violations: COMMIT
[0m14:39:34.243518 [debug] [Thread-1 (]: Using duckdb connection "model.nyc_parking_violations.silver_parking_violations"
[0m14:39:34.244604 [debug] [Thread-1 (]: On model.nyc_parking_violations.silver_parking_violations: COMMIT
[0m14:39:34.248458 [debug] [Thread-1 (]: SQL status: OK in 0.0 seconds
[0m14:39:34.251524 [debug] [Thread-1 (]: Using duckdb connection "model.nyc_parking_violations.silver_parking_violations"
[0m14:39:34.253031 [debug] [Thread-1 (]: On model.nyc_parking_violations.silver_parking_violations: /* {"app": "dbt", "dbt_version": "1.6.1", "profile_name": "nyc_parking_violations", "target_name": "dev", "node_id": "model.nyc_parking_violations.silver_parking_violations"} */
drop view if exists "nyc_parking_violations"."main"."silver_parking_violations__dbt_backup" cascade
[0m14:39:34.256113 [debug] [Thread-1 (]: SQL status: OK in 0.0 seconds
[0m14:39:34.257109 [debug] [Thread-1 (]: Timing info for model.nyc_parking_violations.silver_parking_violations (execute): 14:39:34.165768 => 14:39:34.257109
[0m14:39:34.258098 [debug] [Thread-1 (]: On model.nyc_parking_violations.silver_parking_violations: Close
[0m14:39:34.274198 [debug] [Thread-1 (]: Sending event: {'category': 'dbt', 'action': 'run_model', 'label': 'd4786260-1c9e-4880-8e34-a674c8bb1f90', 'context': [<snowplow_tracker.self_describing_json.SelfDescribingJson object at 0x000001E1A318B310>]}
[0m14:39:34.275187 [info ] [Thread-1 (]: 5 of 10 OK created sql view model main.silver_parking_violations ............... [[32mOK[0m in 0.12s]
[0m14:39:34.276175 [debug] [Thread-1 (]: Finished running node model.nyc_parking_violations.silver_parking_violations
[0m14:39:34.277164 [debug] [Thread-1 (]: Began running node model.nyc_parking_violations.ref_model
[0m14:39:34.277164 [info ] [Thread-1 (]: 6 of 10 START sql view model main.ref_model .................................... [RUN]
[0m14:39:34.279140 [debug] [Thread-1 (]: Re-using an available connection from the pool (formerly model.nyc_parking_violations.silver_parking_violations, now model.nyc_parking_violations.ref_model)
[0m14:39:34.279140 [debug] [Thread-1 (]: Began compiling node model.nyc_parking_violations.ref_model
[0m14:39:34.282612 [debug] [Thread-1 (]: Writing injected SQL for node "model.nyc_parking_violations.ref_model"
[0m14:39:34.284590 [debug] [Thread-1 (]: Timing info for model.nyc_parking_violations.ref_model (compile): 14:39:34.280129 => 14:39:34.283607
[0m14:39:34.285851 [debug] [Thread-1 (]: Began executing node model.nyc_parking_violations.ref_model
[0m14:39:34.290789 [debug] [Thread-1 (]: Writing runtime sql for node "model.nyc_parking_violations.ref_model"
[0m14:39:34.293311 [debug] [Thread-1 (]: Using duckdb connection "model.nyc_parking_violations.ref_model"
[0m14:39:34.293311 [debug] [Thread-1 (]: On model.nyc_parking_violations.ref_model: BEGIN
[0m14:39:34.294297 [debug] [Thread-1 (]: Opening a new connection, currently in state closed
[0m14:39:34.311659 [debug] [Thread-1 (]: SQL status: OK in 0.0 seconds
[0m14:39:34.312157 [debug] [Thread-1 (]: Using duckdb connection "model.nyc_parking_violations.ref_model"
[0m14:39:34.313152 [debug] [Thread-1 (]: On model.nyc_parking_violations.ref_model: /* {"app": "dbt", "dbt_version": "1.6.1", "profile_name": "nyc_parking_violations", "target_name": "dev", "node_id": "model.nyc_parking_violations.ref_model"} */

  
  create view "nyc_parking_violations"."main"."ref_model__dbt_tmp" as (
    SELECT Count(*) from "nyc_parking_violations"."main"."first_model"
  );

[0m14:39:34.316124 [debug] [Thread-1 (]: SQL status: OK in 0.0 seconds
[0m14:39:34.321566 [debug] [Thread-1 (]: Using duckdb connection "model.nyc_parking_violations.ref_model"
[0m14:39:34.322561 [debug] [Thread-1 (]: On model.nyc_parking_violations.ref_model: /* {"app": "dbt", "dbt_version": "1.6.1", "profile_name": "nyc_parking_violations", "target_name": "dev", "node_id": "model.nyc_parking_violations.ref_model"} */
alter view "nyc_parking_violations"."main"."ref_model" rename to "ref_model__dbt_backup"
[0m14:39:34.323549 [debug] [Thread-1 (]: SQL status: OK in 0.0 seconds
[0m14:39:34.327504 [debug] [Thread-1 (]: Using duckdb connection "model.nyc_parking_violations.ref_model"
[0m14:39:34.328492 [debug] [Thread-1 (]: On model.nyc_parking_violations.ref_model: /* {"app": "dbt", "dbt_version": "1.6.1", "profile_name": "nyc_parking_violations", "target_name": "dev", "node_id": "model.nyc_parking_violations.ref_model"} */
alter view "nyc_parking_violations"."main"."ref_model__dbt_tmp" rename to "ref_model"
[0m14:39:34.329480 [debug] [Thread-1 (]: SQL status: OK in 0.0 seconds
[0m14:39:34.331963 [debug] [Thread-1 (]: On model.nyc_parking_violations.ref_model: COMMIT
[0m14:39:34.331963 [debug] [Thread-1 (]: Using duckdb connection "model.nyc_parking_violations.ref_model"
[0m14:39:34.332978 [debug] [Thread-1 (]: On model.nyc_parking_violations.ref_model: COMMIT
[0m14:39:34.338498 [debug] [Thread-1 (]: SQL status: OK in 0.0 seconds
[0m14:39:34.342664 [debug] [Thread-1 (]: Using duckdb connection "model.nyc_parking_violations.ref_model"
[0m14:39:34.343693 [debug] [Thread-1 (]: On model.nyc_parking_violations.ref_model: /* {"app": "dbt", "dbt_version": "1.6.1", "profile_name": "nyc_parking_violations", "target_name": "dev", "node_id": "model.nyc_parking_violations.ref_model"} */
drop view if exists "nyc_parking_violations"."main"."ref_model__dbt_backup" cascade
[0m14:39:34.347098 [debug] [Thread-1 (]: SQL status: OK in 0.0 seconds
[0m14:39:34.349041 [debug] [Thread-1 (]: Timing info for model.nyc_parking_violations.ref_model (execute): 14:39:34.285851 => 14:39:34.349041
[0m14:39:34.349984 [debug] [Thread-1 (]: On model.nyc_parking_violations.ref_model: Close
[0m14:39:34.368058 [debug] [Thread-1 (]: Sending event: {'category': 'dbt', 'action': 'run_model', 'label': 'd4786260-1c9e-4880-8e34-a674c8bb1f90', 'context': [<snowplow_tracker.self_describing_json.SelfDescribingJson object at 0x000001E1A34AE140>]}
[0m14:39:34.368955 [info ] [Thread-1 (]: 6 of 10 OK created sql view model main.ref_model ............................... [[32mOK[0m in 0.09s]
[0m14:39:34.369942 [debug] [Thread-1 (]: Finished running node model.nyc_parking_violations.ref_model
[0m14:39:34.371028 [debug] [Thread-1 (]: Began running node model.nyc_parking_violations.silver_violation_tickets
[0m14:39:34.372346 [info ] [Thread-1 (]: 7 of 10 START sql view model main.silver_violation_tickets ..................... [RUN]
[0m14:39:34.373291 [debug] [Thread-1 (]: Re-using an available connection from the pool (formerly model.nyc_parking_violations.ref_model, now model.nyc_parking_violations.silver_violation_tickets)
[0m14:39:34.373291 [debug] [Thread-1 (]: Began compiling node model.nyc_parking_violations.silver_violation_tickets
[0m14:39:34.377327 [debug] [Thread-1 (]: Writing injected SQL for node "model.nyc_parking_violations.silver_violation_tickets"
[0m14:39:34.379220 [debug] [Thread-1 (]: Timing info for model.nyc_parking_violations.silver_violation_tickets (compile): 14:39:34.374369 => 14:39:34.379220
[0m14:39:34.379220 [debug] [Thread-1 (]: Began executing node model.nyc_parking_violations.silver_violation_tickets
[0m14:39:34.384975 [debug] [Thread-1 (]: Writing runtime sql for node "model.nyc_parking_violations.silver_violation_tickets"
[0m14:39:34.387939 [debug] [Thread-1 (]: Using duckdb connection "model.nyc_parking_violations.silver_violation_tickets"
[0m14:39:34.387939 [debug] [Thread-1 (]: On model.nyc_parking_violations.silver_violation_tickets: BEGIN
[0m14:39:34.388929 [debug] [Thread-1 (]: Opening a new connection, currently in state closed
[0m14:39:34.407218 [debug] [Thread-1 (]: SQL status: OK in 0.0 seconds
[0m14:39:34.408194 [debug] [Thread-1 (]: Using duckdb connection "model.nyc_parking_violations.silver_violation_tickets"
[0m14:39:34.408194 [debug] [Thread-1 (]: On model.nyc_parking_violations.silver_violation_tickets: /* {"app": "dbt", "dbt_version": "1.6.1", "profile_name": "nyc_parking_violations", "target_name": "dev", "node_id": "model.nyc_parking_violations.silver_violation_tickets"} */

  
  create view "nyc_parking_violations"."main"."silver_violation_tickets__dbt_tmp" as (
    SELECT
    violations.summons_number,
    violations.issue_date,
    violations.violation_code,
    violations.is_manhattan_96th_st_below,
    violations.issuing_agency,
    violations.violation_location,
    violations.violation_precinct,
    violations.issuer_precinct,
    violations.issuer_code,
    violations.issuer_command,
    violations.issuer_squad,
    violations.violation_time,
    violations.violation_county,
    violations.violation_legal_code,
    codes.fee_usd
FROM
    "nyc_parking_violations"."main"."silver_parking_violations" AS violations
LEFT JOIN
    "nyc_parking_violations"."main"."silver_parking_violation_codes" AS codes ON
    violations.violation_code = codes.violation_code AND
    violations.is_manhattan_96th_st_below = codes.is_manhattan_96th_st_below
  );

[0m14:39:34.410761 [debug] [Thread-1 (]: SQL status: OK in 0.0 seconds
[0m14:39:34.414821 [debug] [Thread-1 (]: Using duckdb connection "model.nyc_parking_violations.silver_violation_tickets"
[0m14:39:34.414821 [debug] [Thread-1 (]: On model.nyc_parking_violations.silver_violation_tickets: /* {"app": "dbt", "dbt_version": "1.6.1", "profile_name": "nyc_parking_violations", "target_name": "dev", "node_id": "model.nyc_parking_violations.silver_violation_tickets"} */
alter view "nyc_parking_violations"."main"."silver_violation_tickets" rename to "silver_violation_tickets__dbt_backup"
[0m14:39:34.416701 [debug] [Thread-1 (]: SQL status: OK in 0.0 seconds
[0m14:39:34.421328 [debug] [Thread-1 (]: Using duckdb connection "model.nyc_parking_violations.silver_violation_tickets"
[0m14:39:34.422316 [debug] [Thread-1 (]: On model.nyc_parking_violations.silver_violation_tickets: /* {"app": "dbt", "dbt_version": "1.6.1", "profile_name": "nyc_parking_violations", "target_name": "dev", "node_id": "model.nyc_parking_violations.silver_violation_tickets"} */
alter view "nyc_parking_violations"."main"."silver_violation_tickets__dbt_tmp" rename to "silver_violation_tickets"
[0m14:39:34.423304 [debug] [Thread-1 (]: SQL status: OK in 0.0 seconds
[0m14:39:34.425259 [debug] [Thread-1 (]: On model.nyc_parking_violations.silver_violation_tickets: COMMIT
[0m14:39:34.426269 [debug] [Thread-1 (]: Using duckdb connection "model.nyc_parking_violations.silver_violation_tickets"
[0m14:39:34.427259 [debug] [Thread-1 (]: On model.nyc_parking_violations.silver_violation_tickets: COMMIT
[0m14:39:34.431527 [debug] [Thread-1 (]: SQL status: OK in 0.0 seconds
[0m14:39:34.435673 [debug] [Thread-1 (]: Using duckdb connection "model.nyc_parking_violations.silver_violation_tickets"
[0m14:39:34.436741 [debug] [Thread-1 (]: On model.nyc_parking_violations.silver_violation_tickets: /* {"app": "dbt", "dbt_version": "1.6.1", "profile_name": "nyc_parking_violations", "target_name": "dev", "node_id": "model.nyc_parking_violations.silver_violation_tickets"} */
drop view if exists "nyc_parking_violations"."main"."silver_violation_tickets__dbt_backup" cascade
[0m14:39:34.438727 [debug] [Thread-1 (]: SQL status: OK in 0.0 seconds
[0m14:39:34.442222 [debug] [Thread-1 (]: Timing info for model.nyc_parking_violations.silver_violation_tickets (execute): 14:39:34.380745 => 14:39:34.442222
[0m14:39:34.442222 [debug] [Thread-1 (]: On model.nyc_parking_violations.silver_violation_tickets: Close
[0m14:39:34.458425 [debug] [Thread-1 (]: Sending event: {'category': 'dbt', 'action': 'run_model', 'label': 'd4786260-1c9e-4880-8e34-a674c8bb1f90', 'context': [<snowplow_tracker.self_describing_json.SelfDescribingJson object at 0x000001E1A3377D90>]}
[0m14:39:34.459914 [info ] [Thread-1 (]: 7 of 10 OK created sql view model main.silver_violation_tickets ................ [[32mOK[0m in 0.09s]
[0m14:39:34.459914 [debug] [Thread-1 (]: Finished running node model.nyc_parking_violations.silver_violation_tickets
[0m14:39:34.461529 [debug] [Thread-1 (]: Began running node model.nyc_parking_violations.silver_violation_vehicles
[0m14:39:34.462527 [info ] [Thread-1 (]: 8 of 10 START sql view model main.silver_violation_vehicles .................... [RUN]
[0m14:39:34.463512 [debug] [Thread-1 (]: Re-using an available connection from the pool (formerly model.nyc_parking_violations.silver_violation_tickets, now model.nyc_parking_violations.silver_violation_vehicles)
[0m14:39:34.464604 [debug] [Thread-1 (]: Began compiling node model.nyc_parking_violations.silver_violation_vehicles
[0m14:39:34.467650 [debug] [Thread-1 (]: Writing injected SQL for node "model.nyc_parking_violations.silver_violation_vehicles"
[0m14:39:34.469627 [debug] [Thread-1 (]: Timing info for model.nyc_parking_violations.silver_violation_vehicles (compile): 14:39:34.464604 => 14:39:34.469627
[0m14:39:34.470690 [debug] [Thread-1 (]: Began executing node model.nyc_parking_violations.silver_violation_vehicles
[0m14:39:34.477606 [debug] [Thread-1 (]: Writing runtime sql for node "model.nyc_parking_violations.silver_violation_vehicles"
[0m14:39:34.479944 [debug] [Thread-1 (]: Using duckdb connection "model.nyc_parking_violations.silver_violation_vehicles"
[0m14:39:34.480942 [debug] [Thread-1 (]: On model.nyc_parking_violations.silver_violation_vehicles: BEGIN
[0m14:39:34.481937 [debug] [Thread-1 (]: Opening a new connection, currently in state closed
[0m14:39:34.499883 [debug] [Thread-1 (]: SQL status: OK in 0.0 seconds
[0m14:39:34.500881 [debug] [Thread-1 (]: Using duckdb connection "model.nyc_parking_violations.silver_violation_vehicles"
[0m14:39:34.501872 [debug] [Thread-1 (]: On model.nyc_parking_violations.silver_violation_vehicles: /* {"app": "dbt", "dbt_version": "1.6.1", "profile_name": "nyc_parking_violations", "target_name": "dev", "node_id": "model.nyc_parking_violations.silver_violation_vehicles"} */

  
  create view "nyc_parking_violations"."main"."silver_violation_vehicles__dbt_tmp" as (
    SELECT
    summons_number,
    registration_state,
    plate_type,
    vehicle_body_type,
    vehicle_make,
    vehicle_expiration_date,
    vehicle_color,
    vehicle_year
FROM
    "nyc_parking_violations"."main"."silver_parking_violations"
  );

[0m14:39:34.502860 [debug] [Thread-1 (]: SQL status: OK in 0.0 seconds
[0m14:39:34.507800 [debug] [Thread-1 (]: Using duckdb connection "model.nyc_parking_violations.silver_violation_vehicles"
[0m14:39:34.509294 [debug] [Thread-1 (]: On model.nyc_parking_violations.silver_violation_vehicles: /* {"app": "dbt", "dbt_version": "1.6.1", "profile_name": "nyc_parking_violations", "target_name": "dev", "node_id": "model.nyc_parking_violations.silver_violation_vehicles"} */
alter view "nyc_parking_violations"."main"."silver_violation_vehicles" rename to "silver_violation_vehicles__dbt_backup"
[0m14:39:34.510294 [debug] [Thread-1 (]: SQL status: OK in 0.0 seconds
[0m14:39:34.513259 [debug] [Thread-1 (]: Using duckdb connection "model.nyc_parking_violations.silver_violation_vehicles"
[0m14:39:34.514248 [debug] [Thread-1 (]: On model.nyc_parking_violations.silver_violation_vehicles: /* {"app": "dbt", "dbt_version": "1.6.1", "profile_name": "nyc_parking_violations", "target_name": "dev", "node_id": "model.nyc_parking_violations.silver_violation_vehicles"} */
alter view "nyc_parking_violations"."main"."silver_violation_vehicles__dbt_tmp" rename to "silver_violation_vehicles"
[0m14:39:34.515233 [debug] [Thread-1 (]: SQL status: OK in 0.0 seconds
[0m14:39:34.518419 [debug] [Thread-1 (]: On model.nyc_parking_violations.silver_violation_vehicles: COMMIT
[0m14:39:34.519916 [debug] [Thread-1 (]: Using duckdb connection "model.nyc_parking_violations.silver_violation_vehicles"
[0m14:39:34.519916 [debug] [Thread-1 (]: On model.nyc_parking_violations.silver_violation_vehicles: COMMIT
[0m14:39:34.524608 [debug] [Thread-1 (]: SQL status: OK in 0.0 seconds
[0m14:39:34.527585 [debug] [Thread-1 (]: Using duckdb connection "model.nyc_parking_violations.silver_violation_vehicles"
[0m14:39:34.527585 [debug] [Thread-1 (]: On model.nyc_parking_violations.silver_violation_vehicles: /* {"app": "dbt", "dbt_version": "1.6.1", "profile_name": "nyc_parking_violations", "target_name": "dev", "node_id": "model.nyc_parking_violations.silver_violation_vehicles"} */
drop view if exists "nyc_parking_violations"."main"."silver_violation_vehicles__dbt_backup" cascade
[0m14:39:34.532051 [debug] [Thread-1 (]: SQL status: OK in 0.0 seconds
[0m14:39:34.534029 [debug] [Thread-1 (]: Timing info for model.nyc_parking_violations.silver_violation_vehicles (execute): 14:39:34.472661 => 14:39:34.534029
[0m14:39:34.535016 [debug] [Thread-1 (]: On model.nyc_parking_violations.silver_violation_vehicles: Close
[0m14:39:34.552484 [debug] [Thread-1 (]: Sending event: {'category': 'dbt', 'action': 'run_model', 'label': 'd4786260-1c9e-4880-8e34-a674c8bb1f90', 'context': [<snowplow_tracker.self_describing_json.SelfDescribingJson object at 0x000001E1A3488370>]}
[0m14:39:34.553550 [info ] [Thread-1 (]: 8 of 10 OK created sql view model main.silver_violation_vehicles ............... [[32mOK[0m in 0.09s]
[0m14:39:34.555449 [debug] [Thread-1 (]: Finished running node model.nyc_parking_violations.silver_violation_vehicles
[0m14:39:34.555449 [debug] [Thread-1 (]: Began running node model.nyc_parking_violations.gold_ticket_metrics
[0m14:39:34.556516 [info ] [Thread-1 (]: 9 of 10 START sql view model main.gold_ticket_metrics .......................... [RUN]
[0m14:39:34.557427 [debug] [Thread-1 (]: Re-using an available connection from the pool (formerly model.nyc_parking_violations.silver_violation_vehicles, now model.nyc_parking_violations.gold_ticket_metrics)
[0m14:39:34.557427 [debug] [Thread-1 (]: Began compiling node model.nyc_parking_violations.gold_ticket_metrics
[0m14:39:34.561468 [debug] [Thread-1 (]: Writing injected SQL for node "model.nyc_parking_violations.gold_ticket_metrics"
[0m14:39:34.563550 [debug] [Thread-1 (]: Timing info for model.nyc_parking_violations.gold_ticket_metrics (compile): 14:39:34.558916 => 14:39:34.563550
[0m14:39:34.565422 [debug] [Thread-1 (]: Began executing node model.nyc_parking_violations.gold_ticket_metrics
[0m14:39:34.569996 [debug] [Thread-1 (]: Writing runtime sql for node "model.nyc_parking_violations.gold_ticket_metrics"
[0m14:39:34.573044 [debug] [Thread-1 (]: Using duckdb connection "model.nyc_parking_violations.gold_ticket_metrics"
[0m14:39:34.573949 [debug] [Thread-1 (]: On model.nyc_parking_violations.gold_ticket_metrics: BEGIN
[0m14:39:34.574936 [debug] [Thread-1 (]: Opening a new connection, currently in state closed
[0m14:39:34.591768 [debug] [Thread-1 (]: SQL status: OK in 0.0 seconds
[0m14:39:34.592755 [debug] [Thread-1 (]: Using duckdb connection "model.nyc_parking_violations.gold_ticket_metrics"
[0m14:39:34.593744 [debug] [Thread-1 (]: On model.nyc_parking_violations.gold_ticket_metrics: /* {"app": "dbt", "dbt_version": "1.6.1", "profile_name": "nyc_parking_violations", "target_name": "dev", "node_id": "model.nyc_parking_violations.gold_ticket_metrics"} */

  
  create view "nyc_parking_violations"."main"."gold_ticket_metrics__dbt_tmp" as (
    SELECT
    violation_code,
    COUNT(summons_number) AS ticket_count,
    SUM(fee_usd) AS total_revenue_usd
FROM
    "nyc_parking_violations"."main"."silver_violation_tickets"
GROUP BY
    violation_code
ORDER BY
    total_revenue_usd DESC
  );

[0m14:39:34.598459 [debug] [Thread-1 (]: SQL status: OK in 0.0 seconds
[0m14:39:34.602428 [debug] [Thread-1 (]: Using duckdb connection "model.nyc_parking_violations.gold_ticket_metrics"
[0m14:39:34.603416 [debug] [Thread-1 (]: On model.nyc_parking_violations.gold_ticket_metrics: /* {"app": "dbt", "dbt_version": "1.6.1", "profile_name": "nyc_parking_violations", "target_name": "dev", "node_id": "model.nyc_parking_violations.gold_ticket_metrics"} */
alter view "nyc_parking_violations"."main"."gold_ticket_metrics__dbt_tmp" rename to "gold_ticket_metrics"
[0m14:39:34.605394 [debug] [Thread-1 (]: SQL status: OK in 0.0 seconds
[0m14:39:34.607370 [debug] [Thread-1 (]: On model.nyc_parking_violations.gold_ticket_metrics: COMMIT
[0m14:39:34.608358 [debug] [Thread-1 (]: Using duckdb connection "model.nyc_parking_violations.gold_ticket_metrics"
[0m14:39:34.608859 [debug] [Thread-1 (]: On model.nyc_parking_violations.gold_ticket_metrics: COMMIT
[0m14:39:34.613893 [debug] [Thread-1 (]: SQL status: OK in 0.0 seconds
[0m14:39:34.618109 [debug] [Thread-1 (]: Using duckdb connection "model.nyc_parking_violations.gold_ticket_metrics"
[0m14:39:34.618705 [debug] [Thread-1 (]: On model.nyc_parking_violations.gold_ticket_metrics: /* {"app": "dbt", "dbt_version": "1.6.1", "profile_name": "nyc_parking_violations", "target_name": "dev", "node_id": "model.nyc_parking_violations.gold_ticket_metrics"} */
drop view if exists "nyc_parking_violations"."main"."gold_ticket_metrics__dbt_backup" cascade
[0m14:39:34.619776 [debug] [Thread-1 (]: SQL status: OK in 0.0 seconds
[0m14:39:34.620769 [debug] [Thread-1 (]: Timing info for model.nyc_parking_violations.gold_ticket_metrics (execute): 14:39:34.565422 => 14:39:34.620769
[0m14:39:34.621750 [debug] [Thread-1 (]: On model.nyc_parking_violations.gold_ticket_metrics: Close
[0m14:39:34.639162 [debug] [Thread-1 (]: Sending event: {'category': 'dbt', 'action': 'run_model', 'label': 'd4786260-1c9e-4880-8e34-a674c8bb1f90', 'context': [<snowplow_tracker.self_describing_json.SelfDescribingJson object at 0x000001E1A348A3E0>]}
[0m14:39:34.640157 [info ] [Thread-1 (]: 9 of 10 OK created sql view model main.gold_ticket_metrics ..................... [[32mOK[0m in 0.08s]
[0m14:39:34.640880 [debug] [Thread-1 (]: Finished running node model.nyc_parking_violations.gold_ticket_metrics
[0m14:39:34.641954 [debug] [Thread-1 (]: Began running node model.nyc_parking_violations.gold_vehicles_metrics
[0m14:39:34.642869 [info ] [Thread-1 (]: 10 of 10 START sql view model main.gold_vehicles_metrics ....................... [RUN]
[0m14:39:34.643658 [debug] [Thread-1 (]: Re-using an available connection from the pool (formerly model.nyc_parking_violations.gold_ticket_metrics, now model.nyc_parking_violations.gold_vehicles_metrics)
[0m14:39:34.644654 [debug] [Thread-1 (]: Began compiling node model.nyc_parking_violations.gold_vehicles_metrics
[0m14:39:34.649123 [debug] [Thread-1 (]: Writing injected SQL for node "model.nyc_parking_violations.gold_vehicles_metrics"
[0m14:39:34.651107 [debug] [Thread-1 (]: Timing info for model.nyc_parking_violations.gold_vehicles_metrics (compile): 14:39:34.644654 => 14:39:34.651107
[0m14:39:34.652096 [debug] [Thread-1 (]: Began executing node model.nyc_parking_violations.gold_vehicles_metrics
[0m14:39:34.657536 [debug] [Thread-1 (]: Writing runtime sql for node "model.nyc_parking_violations.gold_vehicles_metrics"
[0m14:39:34.660021 [debug] [Thread-1 (]: Using duckdb connection "model.nyc_parking_violations.gold_vehicles_metrics"
[0m14:39:34.661017 [debug] [Thread-1 (]: On model.nyc_parking_violations.gold_vehicles_metrics: BEGIN
[0m14:39:34.662005 [debug] [Thread-1 (]: Opening a new connection, currently in state closed
[0m14:39:34.679092 [debug] [Thread-1 (]: SQL status: OK in 0.0 seconds
[0m14:39:34.680372 [debug] [Thread-1 (]: Using duckdb connection "model.nyc_parking_violations.gold_vehicles_metrics"
[0m14:39:34.681711 [debug] [Thread-1 (]: On model.nyc_parking_violations.gold_vehicles_metrics: /* {"app": "dbt", "dbt_version": "1.6.1", "profile_name": "nyc_parking_violations", "target_name": "dev", "node_id": "model.nyc_parking_violations.gold_vehicles_metrics"} */

  
  create view "nyc_parking_violations"."main"."gold_vehicles_metrics__dbt_tmp" as (
    SELECT
    registration_state,
    COUNT(summons_number) AS ticket_count,
FROM
    "nyc_parking_violations"."main"."silver_violation_vehicles"
WHERE
    registration_state != 'NY'
GROUP BY
    registration_state
ORDER BY
    ticket_count DESC
  );

[0m14:39:34.683688 [debug] [Thread-1 (]: SQL status: OK in 0.0 seconds
[0m14:39:34.689146 [debug] [Thread-1 (]: Using duckdb connection "model.nyc_parking_violations.gold_vehicles_metrics"
[0m14:39:34.689146 [debug] [Thread-1 (]: On model.nyc_parking_violations.gold_vehicles_metrics: /* {"app": "dbt", "dbt_version": "1.6.1", "profile_name": "nyc_parking_violations", "target_name": "dev", "node_id": "model.nyc_parking_violations.gold_vehicles_metrics"} */
alter view "nyc_parking_violations"."main"."gold_vehicles_metrics__dbt_tmp" rename to "gold_vehicles_metrics"
[0m14:39:34.690134 [debug] [Thread-1 (]: SQL status: OK in 0.0 seconds
[0m14:39:34.693304 [debug] [Thread-1 (]: On model.nyc_parking_violations.gold_vehicles_metrics: COMMIT
[0m14:39:34.694292 [debug] [Thread-1 (]: Using duckdb connection "model.nyc_parking_violations.gold_vehicles_metrics"
[0m14:39:34.694292 [debug] [Thread-1 (]: On model.nyc_parking_violations.gold_vehicles_metrics: COMMIT
[0m14:39:34.698787 [debug] [Thread-1 (]: SQL status: OK in 0.0 seconds
[0m14:39:34.702749 [debug] [Thread-1 (]: Using duckdb connection "model.nyc_parking_violations.gold_vehicles_metrics"
[0m14:39:34.702749 [debug] [Thread-1 (]: On model.nyc_parking_violations.gold_vehicles_metrics: /* {"app": "dbt", "dbt_version": "1.6.1", "profile_name": "nyc_parking_violations", "target_name": "dev", "node_id": "model.nyc_parking_violations.gold_vehicles_metrics"} */
drop view if exists "nyc_parking_violations"."main"."gold_vehicles_metrics__dbt_backup" cascade
[0m14:39:34.704722 [debug] [Thread-1 (]: SQL status: OK in 0.0 seconds
[0m14:39:34.705712 [debug] [Thread-1 (]: Timing info for model.nyc_parking_violations.gold_vehicles_metrics (execute): 14:39:34.653084 => 14:39:34.705712
[0m14:39:34.705712 [debug] [Thread-1 (]: On model.nyc_parking_violations.gold_vehicles_metrics: Close
[0m14:39:34.722800 [debug] [Thread-1 (]: Sending event: {'category': 'dbt', 'action': 'run_model', 'label': 'd4786260-1c9e-4880-8e34-a674c8bb1f90', 'context': [<snowplow_tracker.self_describing_json.SelfDescribingJson object at 0x000001E1A44A1BD0>]}
[0m14:39:34.724794 [info ] [Thread-1 (]: 10 of 10 OK created sql view model main.gold_vehicles_metrics .................. [[32mOK[0m in 0.08s]
[0m14:39:34.725767 [debug] [Thread-1 (]: Finished running node model.nyc_parking_violations.gold_vehicles_metrics
[0m14:39:34.727275 [debug] [MainThread]: Using duckdb connection "master"
[0m14:39:34.728283 [debug] [MainThread]: On master: BEGIN
[0m14:39:34.729254 [debug] [MainThread]: Opening a new connection, currently in state closed
[0m14:39:34.747341 [debug] [MainThread]: SQL status: OK in 0.0 seconds
[0m14:39:34.748410 [debug] [MainThread]: On master: COMMIT
[0m14:39:34.749313 [debug] [MainThread]: Using duckdb connection "master"
[0m14:39:34.749313 [debug] [MainThread]: On master: COMMIT
[0m14:39:34.750347 [debug] [MainThread]: SQL status: OK in 0.0 seconds
[0m14:39:34.751289 [debug] [MainThread]: On master: Close
[0m14:39:34.754257 [debug] [MainThread]: Connection 'master' was properly closed.
[0m14:39:34.755244 [debug] [MainThread]: Connection 'create_nyc_parking_violations_main' was properly closed.
[0m14:39:34.756745 [debug] [MainThread]: Connection 'list_nyc_parking_violations_main' was properly closed.
[0m14:39:34.756745 [debug] [MainThread]: Connection 'model.nyc_parking_violations.gold_vehicles_metrics' was properly closed.
[0m14:39:34.758238 [info ] [MainThread]: 
[0m14:39:34.758893 [info ] [MainThread]: Finished running 10 view models in 0 hours 0 minutes and 1.12 seconds (1.12s).
[0m14:39:34.761982 [debug] [MainThread]: Command end result
[0m14:39:34.776299 [info ] [MainThread]: 
[0m14:39:34.777295 [info ] [MainThread]: [32mCompleted successfully[0m
[0m14:39:34.778289 [info ] [MainThread]: 
[0m14:39:34.779283 [info ] [MainThread]: Done. PASS=10 WARN=0 ERROR=0 SKIP=0 TOTAL=10
[0m14:39:34.781256 [debug] [MainThread]: Command `dbt run` succeeded at 14:39:34.780268 after 1.43 seconds
[0m14:39:34.781256 [debug] [MainThread]: Sending event: {'category': 'dbt', 'action': 'invocation', 'label': 'end', 'context': [<snowplow_tracker.self_describing_json.SelfDescribingJson object at 0x000001E1A027F4C0>, <snowplow_tracker.self_describing_json.SelfDescribingJson object at 0x000001E1A448FFA0>, <snowplow_tracker.self_describing_json.SelfDescribingJson object at 0x000001E1A334EE00>]}
[0m14:39:34.782298 [debug] [MainThread]: Flushing usage events
[0m14:40:08.882888 [debug] [MainThread]: Sending event: {'category': 'dbt', 'action': 'invocation', 'label': 'start', 'context': [<snowplow_tracker.self_describing_json.SelfDescribingJson object at 0x00000186C4E5F4F0>, <snowplow_tracker.self_describing_json.SelfDescribingJson object at 0x00000186C7C49ED0>, <snowplow_tracker.self_describing_json.SelfDescribingJson object at 0x00000186C7C49C30>]}


============================== 14:40:08.886923 | ab06add2-2aa1-4d16-abeb-fc76ac2769e6 ==============================
[0m14:40:08.886923 [info ] [MainThread]: Running with dbt=1.6.1
[0m14:40:08.886923 [debug] [MainThread]: running dbt with arguments {'invocation_command': 'dbt docs generate', 'log_format': 'default', 'target_path': 'None', 'profiles_dir': 'D:\\DBT CORE\\nyc_parking_violations', 'printer_width': '80', 'warn_error': 'None', 'static_parser': 'True', 'fail_fast': 'False', 'log_path': 'D:\\DBT CORE\\nyc_parking_violations\\logs', 'send_anonymous_usage_stats': 'True', 'partial_parse': 'True', 'warn_error_options': 'WarnErrorOptions(include=[], exclude=[])', 'indirect_selection': 'eager', 'version_check': 'True', 'use_experimental_parser': 'False', 'introspect': 'True', 'quiet': 'False', 'log_cache_events': 'False', 'debug': 'False', 'no_print': 'None', 'use_colors': 'True', 'cache_selected_only': 'False', 'write_json': 'True'}
[0m14:40:09.023048 [debug] [MainThread]: Sending event: {'category': 'dbt', 'action': 'project_id', 'label': 'ab06add2-2aa1-4d16-abeb-fc76ac2769e6', 'context': [<snowplow_tracker.self_describing_json.SelfDescribingJson object at 0x00000186C7C49FC0>]}
[0m14:40:09.036017 [debug] [MainThread]: Sending event: {'category': 'dbt', 'action': 'adapter_info', 'label': 'ab06add2-2aa1-4d16-abeb-fc76ac2769e6', 'context': [<snowplow_tracker.self_describing_json.SelfDescribingJson object at 0x00000186C7D2B070>]}
[0m14:40:09.036017 [info ] [MainThread]: Registered adapter: duckdb=1.6.0
[0m14:40:09.045195 [debug] [MainThread]: checksum: efe19d9f5b93d1a98cc804fbfcdb6b3aced98b974af664946fee1cde8837deb7, vars: {}, profile: , target: , version: 1.6.1
[0m14:40:09.126690 [debug] [MainThread]: Partial parsing enabled: 0 files deleted, 0 files added, 0 files changed.
[0m14:40:09.127680 [debug] [MainThread]: Partial parsing enabled, no changes found, skipping parsing
[0m14:40:09.134083 [debug] [MainThread]: Sending event: {'category': 'dbt', 'action': 'load_project', 'label': 'ab06add2-2aa1-4d16-abeb-fc76ac2769e6', 'context': [<snowplow_tracker.self_describing_json.SelfDescribingJson object at 0x00000186C7F040D0>]}
[0m14:40:09.138046 [debug] [MainThread]: Sending event: {'category': 'dbt', 'action': 'resource_counts', 'label': 'ab06add2-2aa1-4d16-abeb-fc76ac2769e6', 'context': [<snowplow_tracker.self_describing_json.SelfDescribingJson object at 0x00000186C7ED2320>]}
[0m14:40:09.139034 [info ] [MainThread]: Found 10 models, 0 sources, 0 exposures, 0 metrics, 348 macros, 0 groups, 0 semantic models
[0m14:40:09.140020 [debug] [MainThread]: Sending event: {'category': 'dbt', 'action': 'runnable_timing', 'label': 'ab06add2-2aa1-4d16-abeb-fc76ac2769e6', 'context': [<snowplow_tracker.self_describing_json.SelfDescribingJson object at 0x00000186C7ED21D0>]}
[0m14:40:09.141008 [info ] [MainThread]: 
[0m14:40:09.143055 [debug] [MainThread]: Acquiring new duckdb connection 'master'
[0m14:40:09.144064 [debug] [ThreadPool]: Acquiring new duckdb connection 'list_nyc_parking_violations_main'
[0m14:40:09.156669 [debug] [ThreadPool]: Using duckdb connection "list_nyc_parking_violations_main"
[0m14:40:09.158000 [debug] [ThreadPool]: On list_nyc_parking_violations_main: BEGIN
[0m14:40:09.159000 [debug] [ThreadPool]: Opening a new connection, currently in state init
[0m14:40:09.178677 [debug] [ThreadPool]: SQL status: OK in 0.0 seconds
[0m14:40:09.179674 [debug] [ThreadPool]: Using duckdb connection "list_nyc_parking_violations_main"
[0m14:40:09.181652 [debug] [ThreadPool]: On list_nyc_parking_violations_main: /* {"app": "dbt", "dbt_version": "1.6.1", "profile_name": "nyc_parking_violations", "target_name": "dev", "connection_name": "list_nyc_parking_violations_main"} */
select
      'nyc_parking_violations' as database,
      table_name as name,
      table_schema as schema,
      CASE table_type
        WHEN 'BASE TABLE' THEN 'table'
        WHEN 'VIEW' THEN 'view'
        WHEN 'LOCAL TEMPORARY' THEN 'table'
        END as type
    from system.information_schema.tables
    where table_schema = 'main'
    and table_catalog = 'nyc_parking_violations'
  
[0m14:40:09.200189 [debug] [ThreadPool]: SQL status: OK in 0.0 seconds
[0m14:40:09.200189 [debug] [ThreadPool]: On list_nyc_parking_violations_main: ROLLBACK
[0m14:40:09.203570 [debug] [ThreadPool]: Failed to rollback 'list_nyc_parking_violations_main'
[0m14:40:09.203570 [debug] [ThreadPool]: On list_nyc_parking_violations_main: Close
[0m14:40:09.203570 [debug] [MainThread]: Sending event: {'category': 'dbt', 'action': 'runnable_timing', 'label': 'ab06add2-2aa1-4d16-abeb-fc76ac2769e6', 'context': [<snowplow_tracker.self_describing_json.SelfDescribingJson object at 0x00000186C7ED2980>]}
[0m14:40:09.203570 [info ] [MainThread]: Concurrency: 1 threads (target='dev')
[0m14:40:09.203570 [info ] [MainThread]: 
[0m14:40:09.214858 [debug] [Thread-1 (]: Began running node model.nyc_parking_violations.bronze_parking_violation_codes
[0m14:40:09.216838 [debug] [Thread-1 (]: Acquiring new duckdb connection 'model.nyc_parking_violations.bronze_parking_violation_codes'
[0m14:40:09.217829 [debug] [Thread-1 (]: Began compiling node model.nyc_parking_violations.bronze_parking_violation_codes
[0m14:40:09.223299 [debug] [Thread-1 (]: Writing injected SQL for node "model.nyc_parking_violations.bronze_parking_violation_codes"
[0m14:40:09.225282 [debug] [Thread-1 (]: Timing info for model.nyc_parking_violations.bronze_parking_violation_codes (compile): 14:40:09.217829 => 14:40:09.225282
[0m14:40:09.226268 [debug] [Thread-1 (]: Began executing node model.nyc_parking_violations.bronze_parking_violation_codes
[0m14:40:09.226268 [debug] [Thread-1 (]: Timing info for model.nyc_parking_violations.bronze_parking_violation_codes (execute): 14:40:09.226268 => 14:40:09.226268
[0m14:40:09.227284 [debug] [Thread-1 (]: Finished running node model.nyc_parking_violations.bronze_parking_violation_codes
[0m14:40:09.228272 [debug] [Thread-1 (]: Began running node model.nyc_parking_violations.bronze_parking_violations
[0m14:40:09.229237 [debug] [Thread-1 (]: Re-using an available connection from the pool (formerly model.nyc_parking_violations.bronze_parking_violation_codes, now model.nyc_parking_violations.bronze_parking_violations)
[0m14:40:09.229237 [debug] [Thread-1 (]: Began compiling node model.nyc_parking_violations.bronze_parking_violations
[0m14:40:09.233075 [debug] [Thread-1 (]: Writing injected SQL for node "model.nyc_parking_violations.bronze_parking_violations"
[0m14:40:09.233075 [debug] [Thread-1 (]: Timing info for model.nyc_parking_violations.bronze_parking_violations (compile): 14:40:09.230224 => 14:40:09.233075
[0m14:40:09.233075 [debug] [Thread-1 (]: Began executing node model.nyc_parking_violations.bronze_parking_violations
[0m14:40:09.233075 [debug] [Thread-1 (]: Timing info for model.nyc_parking_violations.bronze_parking_violations (execute): 14:40:09.233075 => 14:40:09.233075
[0m14:40:09.233075 [debug] [Thread-1 (]: Finished running node model.nyc_parking_violations.bronze_parking_violations
[0m14:40:09.233075 [debug] [Thread-1 (]: Began running node model.nyc_parking_violations.first_model
[0m14:40:09.233075 [debug] [Thread-1 (]: Re-using an available connection from the pool (formerly model.nyc_parking_violations.bronze_parking_violations, now model.nyc_parking_violations.first_model)
[0m14:40:09.233075 [debug] [Thread-1 (]: Began compiling node model.nyc_parking_violations.first_model
[0m14:40:09.241030 [debug] [Thread-1 (]: Writing injected SQL for node "model.nyc_parking_violations.first_model"
[0m14:40:09.243042 [debug] [Thread-1 (]: Timing info for model.nyc_parking_violations.first_model (compile): 14:40:09.233075 => 14:40:09.243042
[0m14:40:09.243042 [debug] [Thread-1 (]: Began executing node model.nyc_parking_violations.first_model
[0m14:40:09.243042 [debug] [Thread-1 (]: Timing info for model.nyc_parking_violations.first_model (execute): 14:40:09.243042 => 14:40:09.243042
[0m14:40:09.243042 [debug] [Thread-1 (]: Finished running node model.nyc_parking_violations.first_model
[0m14:40:09.243042 [debug] [Thread-1 (]: Began running node model.nyc_parking_violations.silver_parking_violation_codes
[0m14:40:09.246763 [debug] [Thread-1 (]: Re-using an available connection from the pool (formerly model.nyc_parking_violations.first_model, now model.nyc_parking_violations.silver_parking_violation_codes)
[0m14:40:09.248021 [debug] [Thread-1 (]: Began compiling node model.nyc_parking_violations.silver_parking_violation_codes
[0m14:40:09.251199 [debug] [Thread-1 (]: Writing injected SQL for node "model.nyc_parking_violations.silver_parking_violation_codes"
[0m14:40:09.253690 [debug] [Thread-1 (]: Timing info for model.nyc_parking_violations.silver_parking_violation_codes (compile): 14:40:09.249021 => 14:40:09.252691
[0m14:40:09.254675 [debug] [Thread-1 (]: Began executing node model.nyc_parking_violations.silver_parking_violation_codes
[0m14:40:09.255724 [debug] [Thread-1 (]: Timing info for model.nyc_parking_violations.silver_parking_violation_codes (execute): 14:40:09.255724 => 14:40:09.255724
[0m14:40:09.257658 [debug] [Thread-1 (]: Finished running node model.nyc_parking_violations.silver_parking_violation_codes
[0m14:40:09.257658 [debug] [Thread-1 (]: Began running node model.nyc_parking_violations.silver_parking_violations
[0m14:40:09.258646 [debug] [Thread-1 (]: Re-using an available connection from the pool (formerly model.nyc_parking_violations.silver_parking_violation_codes, now model.nyc_parking_violations.silver_parking_violations)
[0m14:40:09.259634 [debug] [Thread-1 (]: Began compiling node model.nyc_parking_violations.silver_parking_violations
[0m14:40:09.261605 [debug] [Thread-1 (]: Writing injected SQL for node "model.nyc_parking_violations.silver_parking_violations"
[0m14:40:09.265366 [debug] [Thread-1 (]: Timing info for model.nyc_parking_violations.silver_parking_violations (compile): 14:40:09.259634 => 14:40:09.264577
[0m14:40:09.265366 [debug] [Thread-1 (]: Began executing node model.nyc_parking_violations.silver_parking_violations
[0m14:40:09.267256 [debug] [Thread-1 (]: Timing info for model.nyc_parking_violations.silver_parking_violations (execute): 14:40:09.265366 => 14:40:09.265366
[0m14:40:09.267256 [debug] [Thread-1 (]: Finished running node model.nyc_parking_violations.silver_parking_violations
[0m14:40:09.267256 [debug] [Thread-1 (]: Began running node model.nyc_parking_violations.ref_model
[0m14:40:09.269250 [debug] [Thread-1 (]: Re-using an available connection from the pool (formerly model.nyc_parking_violations.silver_parking_violations, now model.nyc_parking_violations.ref_model)
[0m14:40:09.269250 [debug] [Thread-1 (]: Began compiling node model.nyc_parking_violations.ref_model
[0m14:40:09.272268 [debug] [Thread-1 (]: Writing injected SQL for node "model.nyc_parking_violations.ref_model"
[0m14:40:09.274375 [debug] [Thread-1 (]: Timing info for model.nyc_parking_violations.ref_model (compile): 14:40:09.270709 => 14:40:09.274375
[0m14:40:09.275565 [debug] [Thread-1 (]: Began executing node model.nyc_parking_violations.ref_model
[0m14:40:09.275565 [debug] [Thread-1 (]: Timing info for model.nyc_parking_violations.ref_model (execute): 14:40:09.275565 => 14:40:09.275565
[0m14:40:09.275565 [debug] [Thread-1 (]: Finished running node model.nyc_parking_violations.ref_model
[0m14:40:09.277557 [debug] [Thread-1 (]: Began running node model.nyc_parking_violations.silver_violation_tickets
[0m14:40:09.277557 [debug] [Thread-1 (]: Re-using an available connection from the pool (formerly model.nyc_parking_violations.ref_model, now model.nyc_parking_violations.silver_violation_tickets)
[0m14:40:09.277557 [debug] [Thread-1 (]: Began compiling node model.nyc_parking_violations.silver_violation_tickets
[0m14:40:09.283123 [debug] [Thread-1 (]: Writing injected SQL for node "model.nyc_parking_violations.silver_violation_tickets"
[0m14:40:09.285105 [debug] [Thread-1 (]: Timing info for model.nyc_parking_violations.silver_violation_tickets (compile): 14:40:09.277557 => 14:40:09.285105
[0m14:40:09.286093 [debug] [Thread-1 (]: Began executing node model.nyc_parking_violations.silver_violation_tickets
[0m14:40:09.286093 [debug] [Thread-1 (]: Timing info for model.nyc_parking_violations.silver_violation_tickets (execute): 14:40:09.286093 => 14:40:09.286093
[0m14:40:09.287083 [debug] [Thread-1 (]: Finished running node model.nyc_parking_violations.silver_violation_tickets
[0m14:40:09.288071 [debug] [Thread-1 (]: Began running node model.nyc_parking_violations.silver_violation_vehicles
[0m14:40:09.289060 [debug] [Thread-1 (]: Re-using an available connection from the pool (formerly model.nyc_parking_violations.silver_violation_tickets, now model.nyc_parking_violations.silver_violation_vehicles)
[0m14:40:09.289060 [debug] [Thread-1 (]: Began compiling node model.nyc_parking_violations.silver_violation_vehicles
[0m14:40:09.292132 [debug] [Thread-1 (]: Writing injected SQL for node "model.nyc_parking_violations.silver_violation_vehicles"
[0m14:40:09.293715 [debug] [Thread-1 (]: Timing info for model.nyc_parking_violations.silver_violation_vehicles (compile): 14:40:09.290050 => 14:40:09.293715
[0m14:40:09.293715 [debug] [Thread-1 (]: Began executing node model.nyc_parking_violations.silver_violation_vehicles
[0m14:40:09.295692 [debug] [Thread-1 (]: Timing info for model.nyc_parking_violations.silver_violation_vehicles (execute): 14:40:09.294787 => 14:40:09.294787
[0m14:40:09.296680 [debug] [Thread-1 (]: Finished running node model.nyc_parking_violations.silver_violation_vehicles
[0m14:40:09.298657 [debug] [Thread-1 (]: Began running node model.nyc_parking_violations.gold_ticket_metrics
[0m14:40:09.299654 [debug] [Thread-1 (]: Re-using an available connection from the pool (formerly model.nyc_parking_violations.silver_violation_vehicles, now model.nyc_parking_violations.gold_ticket_metrics)
[0m14:40:09.300640 [debug] [Thread-1 (]: Began compiling node model.nyc_parking_violations.gold_ticket_metrics
[0m14:40:09.302759 [debug] [Thread-1 (]: Writing injected SQL for node "model.nyc_parking_violations.gold_ticket_metrics"
[0m14:40:09.304965 [debug] [Thread-1 (]: Timing info for model.nyc_parking_violations.gold_ticket_metrics (compile): 14:40:09.300640 => 14:40:09.304965
[0m14:40:09.305976 [debug] [Thread-1 (]: Began executing node model.nyc_parking_violations.gold_ticket_metrics
[0m14:40:09.305976 [debug] [Thread-1 (]: Timing info for model.nyc_parking_violations.gold_ticket_metrics (execute): 14:40:09.305976 => 14:40:09.305976
[0m14:40:09.306980 [debug] [Thread-1 (]: Finished running node model.nyc_parking_violations.gold_ticket_metrics
[0m14:40:09.306980 [debug] [Thread-1 (]: Began running node model.nyc_parking_violations.gold_vehicles_metrics
[0m14:40:09.308302 [debug] [Thread-1 (]: Re-using an available connection from the pool (formerly model.nyc_parking_violations.gold_ticket_metrics, now model.nyc_parking_violations.gold_vehicles_metrics)
[0m14:40:09.309307 [debug] [Thread-1 (]: Began compiling node model.nyc_parking_violations.gold_vehicles_metrics
[0m14:40:09.311893 [debug] [Thread-1 (]: Writing injected SQL for node "model.nyc_parking_violations.gold_vehicles_metrics"
[0m14:40:09.315159 [debug] [Thread-1 (]: Timing info for model.nyc_parking_violations.gold_vehicles_metrics (compile): 14:40:09.309307 => 14:40:09.315159
[0m14:40:09.316163 [debug] [Thread-1 (]: Began executing node model.nyc_parking_violations.gold_vehicles_metrics
[0m14:40:09.317086 [debug] [Thread-1 (]: Timing info for model.nyc_parking_violations.gold_vehicles_metrics (execute): 14:40:09.317086 => 14:40:09.317086
[0m14:40:09.318099 [debug] [Thread-1 (]: Finished running node model.nyc_parking_violations.gold_vehicles_metrics
[0m14:40:09.319068 [debug] [MainThread]: Connection 'master' was properly closed.
[0m14:40:09.320107 [debug] [MainThread]: Connection 'list_nyc_parking_violations_main' was properly closed.
[0m14:40:09.321105 [debug] [MainThread]: Connection 'model.nyc_parking_violations.gold_vehicles_metrics' was properly closed.
[0m14:40:09.323589 [debug] [MainThread]: Command end result
[0m14:40:09.342110 [debug] [MainThread]: Acquiring new duckdb connection 'generate_catalog'
[0m14:40:09.344096 [info ] [MainThread]: Building catalog
[0m14:40:09.346845 [debug] [ThreadPool]: Acquiring new duckdb connection 'nyc_parking_violations.information_schema'
[0m14:40:09.352527 [debug] [ThreadPool]: Using duckdb connection "nyc_parking_violations.information_schema"
[0m14:40:09.353502 [debug] [ThreadPool]: On nyc_parking_violations.information_schema: BEGIN
[0m14:40:09.354470 [debug] [ThreadPool]: Opening a new connection, currently in state init
[0m14:40:09.374750 [debug] [ThreadPool]: SQL status: OK in 0.0 seconds
[0m14:40:09.375894 [debug] [ThreadPool]: Using duckdb connection "nyc_parking_violations.information_schema"
[0m14:40:09.375894 [debug] [ThreadPool]: On nyc_parking_violations.information_schema: /* {"app": "dbt", "dbt_version": "1.6.1", "profile_name": "nyc_parking_violations", "target_name": "dev", "connection_name": "nyc_parking_violations.information_schema"} */
select
        'nyc_parking_violations' as table_database,
        t.table_schema,
        t.table_name,
        t.table_type,
        '' as table_comment,
        c.column_name,
        c.ordinal_position as column_index,
        c.data_type column_type,
        '' as column_comment,
        '' as table_owner
    FROM information_schema.tables t JOIN information_schema.columns c ON t.table_schema = c.table_schema AND t.table_name = c.table_name
    WHERE (upper(t.table_schema) = upper('main'))
    AND t.table_type IN ('BASE TABLE', 'VIEW')
    ORDER BY
        t.table_schema,
        t.table_name,
        c.ordinal_position
[0m14:40:09.419811 [debug] [ThreadPool]: SQL status: OK in 0.0 seconds
[0m14:40:09.430796 [debug] [ThreadPool]: On nyc_parking_violations.information_schema: ROLLBACK
[0m14:40:09.431790 [debug] [ThreadPool]: Failed to rollback 'nyc_parking_violations.information_schema'
[0m14:40:09.432783 [debug] [ThreadPool]: On nyc_parking_violations.information_schema: Close
[0m14:40:09.450488 [info ] [MainThread]: Catalog written to D:\DBT CORE\nyc_parking_violations\target\catalog.json
[0m14:40:09.450488 [debug] [MainThread]: Command `dbt docs generate` succeeded at 14:40:09.450488 after 0.61 seconds
[0m14:40:09.450488 [debug] [MainThread]: Connection 'generate_catalog' was properly closed.
[0m14:40:09.450488 [debug] [MainThread]: Connection 'nyc_parking_violations.information_schema' was properly closed.
[0m14:40:09.450488 [debug] [MainThread]: Sending event: {'category': 'dbt', 'action': 'invocation', 'label': 'end', 'context': [<snowplow_tracker.self_describing_json.SelfDescribingJson object at 0x00000186C4E5F4F0>, <snowplow_tracker.self_describing_json.SelfDescribingJson object at 0x00000186C7F908B0>, <snowplow_tracker.self_describing_json.SelfDescribingJson object at 0x00000186C7F90790>]}
[0m14:40:09.450488 [debug] [MainThread]: Flushing usage events
[0m14:40:22.987959 [debug] [MainThread]: Sending event: {'category': 'dbt', 'action': 'invocation', 'label': 'start', 'context': [<snowplow_tracker.self_describing_json.SelfDescribingJson object at 0x000001B9E4A8F550>, <snowplow_tracker.self_describing_json.SelfDescribingJson object at 0x000001B9E78E9DB0>, <snowplow_tracker.self_describing_json.SelfDescribingJson object at 0x000001B9E78E9AB0>]}


============================== 14:40:22.992917 | 9dc4968b-a42f-4ce0-9f51-32cd1e6d8405 ==============================
[0m14:40:22.992917 [info ] [MainThread]: Running with dbt=1.6.1
[0m14:40:22.994995 [debug] [MainThread]: running dbt with arguments {'cache_selected_only': 'False', 'log_format': 'default', 'profiles_dir': 'D:\\DBT CORE\\nyc_parking_violations', 'invocation_command': 'dbt docs serve', 'write_json': 'True', 'warn_error': 'None', 'log_path': 'D:\\DBT CORE\\nyc_parking_violations\\logs', 'partial_parse': 'True', 'fail_fast': 'False', 'send_anonymous_usage_stats': 'True', 'static_parser': 'True', 'warn_error_options': 'WarnErrorOptions(include=[], exclude=[])', 'indirect_selection': 'eager', 'use_experimental_parser': 'False', 'version_check': 'True', 'quiet': 'False', 'introspect': 'True', 'log_cache_events': 'False', 'debug': 'False', 'no_print': 'None', 'use_colors': 'True', 'printer_width': '80', 'target_path': 'None'}
[0m14:40:23.219386 [debug] [MainThread]: Sending event: {'category': 'dbt', 'action': 'project_id', 'label': '9dc4968b-a42f-4ce0-9f51-32cd1e6d8405', 'context': [<snowplow_tracker.self_describing_json.SelfDescribingJson object at 0x000001B9E78E9E70>]}
[0m14:40:23.239062 [debug] [MainThread]: Sending event: {'category': 'dbt', 'action': 'adapter_info', 'label': '9dc4968b-a42f-4ce0-9f51-32cd1e6d8405', 'context': [<snowplow_tracker.self_describing_json.SelfDescribingJson object at 0x000001B9E79CADA0>]}
[0m14:46:45.835403 [error] [MainThread]: Encountered an error:

[0m14:46:45.846486 [error] [MainThread]: Traceback (most recent call last):
  File "C:\Users\Manjiri\AppData\Local\Programs\Python\Python310\lib\site-packages\dbt\cli\requires.py", line 87, in wrapper
    result, success = func(*args, **kwargs)
  File "C:\Users\Manjiri\AppData\Local\Programs\Python\Python310\lib\site-packages\dbt\cli\requires.py", line 72, in wrapper
    return func(*args, **kwargs)
  File "C:\Users\Manjiri\AppData\Local\Programs\Python\Python310\lib\site-packages\dbt\cli\requires.py", line 143, in wrapper
    return func(*args, **kwargs)
  File "C:\Users\Manjiri\AppData\Local\Programs\Python\Python310\lib\site-packages\dbt\cli\requires.py", line 172, in wrapper
    return func(*args, **kwargs)
  File "C:\Users\Manjiri\AppData\Local\Programs\Python\Python310\lib\site-packages\dbt\cli\requires.py", line 219, in wrapper
    return func(*args, **kwargs)
  File "C:\Users\Manjiri\AppData\Local\Programs\Python\Python310\lib\site-packages\dbt\cli\main.py", line 307, in docs_serve
    results = task.run()
  File "C:\Users\Manjiri\AppData\Local\Programs\Python\Python310\lib\site-packages\dbt\task\serve.py", line 28, in run
    httpd.serve_forever()
  File "C:\Users\Manjiri\AppData\Local\Programs\Python\Python310\lib\socketserver.py", line 232, in serve_forever
    ready = selector.select(poll_interval)
  File "C:\Users\Manjiri\AppData\Local\Programs\Python\Python310\lib\selectors.py", line 324, in select
    r, w, _ = self._select(self._readers, self._writers, [], timeout)
  File "C:\Users\Manjiri\AppData\Local\Programs\Python\Python310\lib\selectors.py", line 315, in _select
    r, w, x = select.select(r, w, w, timeout)
KeyboardInterrupt

[0m14:46:45.847439 [debug] [MainThread]: Command `dbt docs serve` failed at 14:46:45.847439 after 385.77 seconds
[0m14:46:45.848442 [debug] [MainThread]: Sending event: {'category': 'dbt', 'action': 'invocation', 'label': 'end', 'context': [<snowplow_tracker.self_describing_json.SelfDescribingJson object at 0x000001B9E4A8F550>, <snowplow_tracker.self_describing_json.SelfDescribingJson object at 0x000001B9E79CA650>, <snowplow_tracker.self_describing_json.SelfDescribingJson object at 0x000001B9E79C8F10>]}
[0m14:46:45.848442 [debug] [MainThread]: Flushing usage events
[0m14:46:54.272209 [debug] [MainThread]: Sending event: {'category': 'dbt', 'action': 'invocation', 'label': 'start', 'context': [<snowplow_tracker.self_describing_json.SelfDescribingJson object at 0x0000021E3984F520>, <snowplow_tracker.self_describing_json.SelfDescribingJson object at 0x0000021E3C649CF0>, <snowplow_tracker.self_describing_json.SelfDescribingJson object at 0x0000021E3C649270>]}


============================== 14:46:54.275718 | 9ec13092-93c9-4b1c-9814-eb7cb1800c4b ==============================
[0m14:46:54.275718 [info ] [MainThread]: Running with dbt=1.6.1
[0m14:46:54.276248 [debug] [MainThread]: running dbt with arguments {'printer_width': '80', 'profiles_dir': 'D:\\DBT CORE\\nyc_parking_violations', 'target_path': 'None', 'invocation_command': 'dbt debug', 'log_format': 'default', 'warn_error': 'None', 'indirect_selection': 'eager', 'partial_parse': 'True', 'static_parser': 'True', 'send_anonymous_usage_stats': 'True', 'fail_fast': 'False', 'warn_error_options': 'WarnErrorOptions(include=[], exclude=[])', 'log_path': 'D:\\DBT CORE\\nyc_parking_violations\\logs', 'version_check': 'True', 'use_experimental_parser': 'False', 'introspect': 'True', 'quiet': 'False', 'log_cache_events': 'False', 'debug': 'False', 'no_print': 'None', 'use_colors': 'True', 'cache_selected_only': 'False', 'write_json': 'True'}
[0m14:46:54.277269 [info ] [MainThread]: dbt version: 1.6.1
[0m14:46:54.278332 [info ] [MainThread]: python version: 3.10.8
[0m14:46:54.278332 [info ] [MainThread]: python path: C:\Users\Manjiri\AppData\Local\Programs\Python\Python310\python.exe
[0m14:46:54.279292 [info ] [MainThread]: os info: Windows-10-10.0.26200-SP0
[0m14:46:54.360316 [info ] [MainThread]: Using profiles dir at D:\DBT CORE\nyc_parking_violations
[0m14:46:54.361321 [info ] [MainThread]: Using profiles.yml file at D:\DBT CORE\nyc_parking_violations\profiles.yml
[0m14:46:54.362538 [info ] [MainThread]: Using dbt_project.yml file at D:\DBT CORE\nyc_parking_violations\dbt_project.yml
[0m14:46:54.363548 [info ] [MainThread]: adapter type: duckdb
[0m14:46:54.364665 [info ] [MainThread]: adapter version: 1.6.0
[0m14:46:54.386647 [info ] [MainThread]: Configuration:
[0m14:46:54.387647 [info ] [MainThread]:   profiles.yml file [[32mOK found and valid[0m]
[0m14:46:54.388652 [info ] [MainThread]:   dbt_project.yml file [[32mOK found and valid[0m]
[0m14:46:54.390159 [info ] [MainThread]: Required dependencies:
[0m14:46:54.390912 [debug] [MainThread]: Executing "git --help"
[0m14:46:54.433765 [debug] [MainThread]: STDOUT: "b"usage: git [-v | --version] [-h | --help] [-C <path>] [-c <name>=<value>]\n           [--exec-path[=<path>]] [--html-path] [--man-path] [--info-path]\n           [-p | --paginate | -P | --no-pager] [--no-replace-objects] [--bare]\n           [--git-dir=<path>] [--work-tree=<path>] [--namespace=<name>]\n           [--config-env=<name>=<envvar>] <command> [<args>]\n\nThese are common Git commands used in various situations:\n\nstart a working area (see also: git help tutorial)\n   clone     Clone a repository into a new directory\n   init      Create an empty Git repository or reinitialize an existing one\n\nwork on the current change (see also: git help everyday)\n   add       Add file contents to the index\n   mv        Move or rename a file, a directory, or a symlink\n   restore   Restore working tree files\n   rm        Remove files from the working tree and from the index\n\nexamine the history and state (see also: git help revisions)\n   bisect    Use binary search to find the commit that introduced a bug\n   diff      Show changes between commits, commit and working tree, etc\n   grep      Print lines matching a pattern\n   log       Show commit logs\n   show      Show various types of objects\n   status    Show the working tree status\n\ngrow, mark and tweak your common history\n   branch    List, create, or delete branches\n   commit    Record changes to the repository\n   merge     Join two or more development histories together\n   rebase    Reapply commits on top of another base tip\n   reset     Reset current HEAD to the specified state\n   switch    Switch branches\n   tag       Create, list, delete or verify a tag object signed with GPG\n\ncollaborate (see also: git help workflows)\n   fetch     Download objects and refs from another repository\n   pull      Fetch from and integrate with another repository or a local branch\n   push      Update remote refs along with associated objects\n\n'git help -a' and 'git help -g' list available subcommands and some\nconcept guides. See 'git help <command>' or 'git help <concept>'\nto read about a specific subcommand or concept.\nSee 'git help git' for an overview of the system.\n""
[0m14:46:54.434772 [debug] [MainThread]: STDERR: "b''"
[0m14:46:54.435772 [info ] [MainThread]:  - git [[32mOK found[0m]

[0m14:46:54.436770 [info ] [MainThread]: Connection:
[0m14:46:54.437771 [info ] [MainThread]:   database: nyc_parking_violations
[0m14:46:54.437771 [info ] [MainThread]:   schema: main
[0m14:46:54.438928 [info ] [MainThread]:   path: ../data/nyc_parking_violations.db
[0m14:46:54.439587 [info ] [MainThread]:   config_options: None
[0m14:46:54.440093 [info ] [MainThread]:   extensions: None
[0m14:46:54.441099 [info ] [MainThread]:   settings: None
[0m14:46:54.442108 [info ] [MainThread]:   external_root: .
[0m14:46:54.442108 [info ] [MainThread]:   use_credential_provider: None
[0m14:46:54.443145 [info ] [MainThread]:   attach: None
[0m14:46:54.444098 [info ] [MainThread]:   filesystems: None
[0m14:46:54.444098 [info ] [MainThread]:   remote: None
[0m14:46:54.445100 [info ] [MainThread]:   plugins: None
[0m14:46:54.446097 [info ] [MainThread]:   disable_transactions: False
[0m14:46:54.446097 [info ] [MainThread]: Registered adapter: duckdb=1.6.0
[0m14:46:54.447098 [debug] [MainThread]: Acquiring new duckdb connection 'debug'
[0m14:46:54.448099 [debug] [MainThread]: Using duckdb connection "debug"
[0m14:46:54.448099 [debug] [MainThread]: On debug: select 1 as id
[0m14:46:54.449440 [debug] [MainThread]: Opening a new connection, currently in state init
[0m14:46:54.466980 [debug] [MainThread]: SQL status: OK in 0.0 seconds
[0m14:46:54.469074 [debug] [MainThread]: On debug: Close
[0m14:46:54.471652 [info ] [MainThread]:   Connection test: [[32mOK connection ok[0m]

[0m14:46:54.473656 [info ] [MainThread]: [32mAll checks passed![0m
[0m14:46:54.474653 [debug] [MainThread]: Command `dbt debug` succeeded at 14:46:54.474653 after 0.23 seconds
[0m14:46:54.474653 [debug] [MainThread]: Connection 'debug' was properly closed.
[0m14:46:54.475744 [debug] [MainThread]: Sending event: {'category': 'dbt', 'action': 'invocation', 'label': 'end', 'context': [<snowplow_tracker.self_describing_json.SelfDescribingJson object at 0x0000021E3984F520>, <snowplow_tracker.self_describing_json.SelfDescribingJson object at 0x0000021E3C7469B0>, <snowplow_tracker.self_describing_json.SelfDescribingJson object at 0x0000021E3C746B90>]}
[0m14:46:54.476345 [debug] [MainThread]: Flushing usage events
[0m14:47:03.204865 [debug] [MainThread]: Sending event: {'category': 'dbt', 'action': 'invocation', 'label': 'start', 'context': [<snowplow_tracker.self_describing_json.SelfDescribingJson object at 0x00000163CD33F520>, <snowplow_tracker.self_describing_json.SelfDescribingJson object at 0x00000163D00A9D50>, <snowplow_tracker.self_describing_json.SelfDescribingJson object at 0x00000163D00A8820>]}


============================== 14:47:03.207870 | 1d8da28e-0a07-4e38-a50f-07526eaece7a ==============================
[0m14:47:03.207870 [info ] [MainThread]: Running with dbt=1.6.1
[0m14:47:03.208828 [debug] [MainThread]: running dbt with arguments {'no_print': 'None', 'printer_width': '80', 'write_json': 'True', 'log_format': 'default', 'use_colors': 'True', 'warn_error': 'None', 'indirect_selection': 'eager', 'partial_parse': 'True', 'static_parser': 'True', 'send_anonymous_usage_stats': 'True', 'fail_fast': 'False', 'warn_error_options': 'WarnErrorOptions(include=[], exclude=[])', 'log_path': 'D:\\DBT CORE\\nyc_parking_violations\\logs', 'use_experimental_parser': 'False', 'version_check': 'True', 'introspect': 'True', 'quiet': 'False', 'log_cache_events': 'False', 'debug': 'False', 'profiles_dir': 'D:\\DBT CORE\\nyc_parking_violations', 'invocation_command': 'dbt compile', 'cache_selected_only': 'False', 'target_path': 'None'}
[0m14:47:03.336021 [debug] [MainThread]: Sending event: {'category': 'dbt', 'action': 'project_id', 'label': '1d8da28e-0a07-4e38-a50f-07526eaece7a', 'context': [<snowplow_tracker.self_describing_json.SelfDescribingJson object at 0x00000163D00A9ED0>]}
[0m14:47:03.350324 [debug] [MainThread]: Sending event: {'category': 'dbt', 'action': 'adapter_info', 'label': '1d8da28e-0a07-4e38-a50f-07526eaece7a', 'context': [<snowplow_tracker.self_describing_json.SelfDescribingJson object at 0x00000163D018AE60>]}
[0m14:47:03.351919 [info ] [MainThread]: Registered adapter: duckdb=1.6.0
[0m14:47:03.359270 [debug] [MainThread]: checksum: efe19d9f5b93d1a98cc804fbfcdb6b3aced98b974af664946fee1cde8837deb7, vars: {}, profile: , target: , version: 1.6.1
[0m14:47:03.367700 [info ] [MainThread]: Unable to do partial parsing because a project config has changed
[0m14:47:03.368964 [debug] [MainThread]: Sending event: {'category': 'dbt', 'action': 'partial_parser', 'label': '1d8da28e-0a07-4e38-a50f-07526eaece7a', 'context': [<snowplow_tracker.self_describing_json.SelfDescribingJson object at 0x00000163D018A6B0>]}
[0m14:47:04.013481 [warn ] [MainThread]: [[33mWARNING[0m]: Configuration paths exist in your dbt_project.yml file which do not apply to any resources.
There are 1 unused configuration paths:
- tests
[0m14:47:04.017584 [debug] [MainThread]: Sending event: {'category': 'dbt', 'action': 'load_project', 'label': '1d8da28e-0a07-4e38-a50f-07526eaece7a', 'context': [<snowplow_tracker.self_describing_json.SelfDescribingJson object at 0x00000163D02EB730>]}
[0m14:47:04.030189 [debug] [MainThread]: Sending event: {'category': 'dbt', 'action': 'resource_counts', 'label': '1d8da28e-0a07-4e38-a50f-07526eaece7a', 'context': [<snowplow_tracker.self_describing_json.SelfDescribingJson object at 0x00000163D02EB310>]}
[0m14:47:04.031170 [info ] [MainThread]: Found 10 models, 0 sources, 0 exposures, 0 metrics, 348 macros, 0 groups, 0 semantic models
[0m14:47:04.033268 [debug] [MainThread]: Sending event: {'category': 'dbt', 'action': 'runnable_timing', 'label': '1d8da28e-0a07-4e38-a50f-07526eaece7a', 'context': [<snowplow_tracker.self_describing_json.SelfDescribingJson object at 0x00000163D0186680>]}
[0m14:47:04.036505 [info ] [MainThread]: 
[0m14:47:04.039076 [debug] [MainThread]: Acquiring new duckdb connection 'master'
[0m14:47:04.041122 [debug] [ThreadPool]: Acquiring new duckdb connection 'list_nyc_parking_violations_main'
[0m14:47:04.051812 [debug] [ThreadPool]: Using duckdb connection "list_nyc_parking_violations_main"
[0m14:47:04.052815 [debug] [ThreadPool]: On list_nyc_parking_violations_main: BEGIN
[0m14:47:04.052815 [debug] [ThreadPool]: Opening a new connection, currently in state init
[0m14:47:04.070730 [debug] [ThreadPool]: SQL status: OK in 0.0 seconds
[0m14:47:04.071818 [debug] [ThreadPool]: Using duckdb connection "list_nyc_parking_violations_main"
[0m14:47:04.071818 [debug] [ThreadPool]: On list_nyc_parking_violations_main: /* {"app": "dbt", "dbt_version": "1.6.1", "profile_name": "nyc_parking_violations", "target_name": "dev", "connection_name": "list_nyc_parking_violations_main"} */
select
      'nyc_parking_violations' as database,
      table_name as name,
      table_schema as schema,
      CASE table_type
        WHEN 'BASE TABLE' THEN 'table'
        WHEN 'VIEW' THEN 'view'
        WHEN 'LOCAL TEMPORARY' THEN 'table'
        END as type
    from system.information_schema.tables
    where table_schema = 'main'
    and table_catalog = 'nyc_parking_violations'
  
[0m14:47:04.085361 [debug] [ThreadPool]: SQL status: OK in 0.0 seconds
[0m14:47:04.087361 [debug] [ThreadPool]: On list_nyc_parking_violations_main: ROLLBACK
[0m14:47:04.088465 [debug] [ThreadPool]: Failed to rollback 'list_nyc_parking_violations_main'
[0m14:47:04.088465 [debug] [ThreadPool]: On list_nyc_parking_violations_main: Close
[0m14:47:04.093867 [debug] [MainThread]: Sending event: {'category': 'dbt', 'action': 'runnable_timing', 'label': '1d8da28e-0a07-4e38-a50f-07526eaece7a', 'context': [<snowplow_tracker.self_describing_json.SelfDescribingJson object at 0x00000163D0186680>]}
[0m14:47:04.093867 [info ] [MainThread]: Concurrency: 1 threads (target='dev')
[0m14:47:04.094812 [info ] [MainThread]: 
[0m14:47:04.100180 [debug] [Thread-1 (]: Began running node model.nyc_parking_violations.bronze_parking_violation_codes
[0m14:47:04.100180 [debug] [Thread-1 (]: Acquiring new duckdb connection 'model.nyc_parking_violations.bronze_parking_violation_codes'
[0m14:47:04.100180 [debug] [Thread-1 (]: Began compiling node model.nyc_parking_violations.bronze_parking_violation_codes
[0m14:47:04.105041 [debug] [Thread-1 (]: Writing injected SQL for node "model.nyc_parking_violations.bronze_parking_violation_codes"
[0m14:47:04.105041 [debug] [Thread-1 (]: Timing info for model.nyc_parking_violations.bronze_parking_violation_codes (compile): 14:47:04.100180 => 14:47:04.105041
[0m14:47:04.105041 [debug] [Thread-1 (]: Began executing node model.nyc_parking_violations.bronze_parking_violation_codes
[0m14:47:04.105041 [debug] [Thread-1 (]: Timing info for model.nyc_parking_violations.bronze_parking_violation_codes (execute): 14:47:04.105041 => 14:47:04.105041
[0m14:47:04.110216 [debug] [Thread-1 (]: Finished running node model.nyc_parking_violations.bronze_parking_violation_codes
[0m14:47:04.110216 [debug] [Thread-1 (]: Began running node model.nyc_parking_violations.bronze_parking_violations
[0m14:47:04.113515 [debug] [Thread-1 (]: Re-using an available connection from the pool (formerly model.nyc_parking_violations.bronze_parking_violation_codes, now model.nyc_parking_violations.bronze_parking_violations)
[0m14:47:04.114515 [debug] [Thread-1 (]: Began compiling node model.nyc_parking_violations.bronze_parking_violations
[0m14:47:04.116523 [debug] [Thread-1 (]: Writing injected SQL for node "model.nyc_parking_violations.bronze_parking_violations"
[0m14:47:04.118515 [debug] [Thread-1 (]: Timing info for model.nyc_parking_violations.bronze_parking_violations (compile): 14:47:04.114515 => 14:47:04.118515
[0m14:47:04.120104 [debug] [Thread-1 (]: Began executing node model.nyc_parking_violations.bronze_parking_violations
[0m14:47:04.120104 [debug] [Thread-1 (]: Timing info for model.nyc_parking_violations.bronze_parking_violations (execute): 14:47:04.120104 => 14:47:04.120104
[0m14:47:04.121199 [debug] [Thread-1 (]: Finished running node model.nyc_parking_violations.bronze_parking_violations
[0m14:47:04.122205 [debug] [Thread-1 (]: Began running node model.nyc_parking_violations.first_model
[0m14:47:04.123111 [debug] [Thread-1 (]: Re-using an available connection from the pool (formerly model.nyc_parking_violations.bronze_parking_violations, now model.nyc_parking_violations.first_model)
[0m14:47:04.123111 [debug] [Thread-1 (]: Began compiling node model.nyc_parking_violations.first_model
[0m14:47:04.125203 [debug] [Thread-1 (]: Writing injected SQL for node "model.nyc_parking_violations.first_model"
[0m14:47:04.127129 [debug] [Thread-1 (]: Timing info for model.nyc_parking_violations.first_model (compile): 14:47:04.124127 => 14:47:04.127129
[0m14:47:04.128600 [debug] [Thread-1 (]: Finished running node model.nyc_parking_violations.first_model
[0m14:47:04.130105 [debug] [Thread-1 (]: Began running node model.nyc_parking_violations.silver_parking_violation_codes
[0m14:47:04.131119 [debug] [Thread-1 (]: Re-using an available connection from the pool (formerly model.nyc_parking_violations.first_model, now model.nyc_parking_violations.silver_parking_violation_codes)
[0m14:47:04.132118 [debug] [Thread-1 (]: Began compiling node model.nyc_parking_violations.silver_parking_violation_codes
[0m14:47:04.135124 [debug] [Thread-1 (]: Writing injected SQL for node "model.nyc_parking_violations.silver_parking_violation_codes"
[0m14:47:04.137202 [debug] [Thread-1 (]: Timing info for model.nyc_parking_violations.silver_parking_violation_codes (compile): 14:47:04.132118 => 14:47:04.136123
[0m14:47:04.138111 [debug] [Thread-1 (]: Finished running node model.nyc_parking_violations.silver_parking_violation_codes
[0m14:47:04.138111 [debug] [Thread-1 (]: Began running node model.nyc_parking_violations.silver_parking_violations
[0m14:47:04.139335 [debug] [Thread-1 (]: Re-using an available connection from the pool (formerly model.nyc_parking_violations.silver_parking_violation_codes, now model.nyc_parking_violations.silver_parking_violations)
[0m14:47:04.139335 [debug] [Thread-1 (]: Began compiling node model.nyc_parking_violations.silver_parking_violations
[0m14:47:04.142445 [debug] [Thread-1 (]: Writing injected SQL for node "model.nyc_parking_violations.silver_parking_violations"
[0m14:47:04.143398 [debug] [Thread-1 (]: Timing info for model.nyc_parking_violations.silver_parking_violations (compile): 14:47:04.140345 => 14:47:04.143398
[0m14:47:04.144355 [debug] [Thread-1 (]: Finished running node model.nyc_parking_violations.silver_parking_violations
[0m14:47:04.145658 [debug] [Thread-1 (]: Began running node model.nyc_parking_violations.ref_model
[0m14:47:04.146550 [debug] [Thread-1 (]: Re-using an available connection from the pool (formerly model.nyc_parking_violations.silver_parking_violations, now model.nyc_parking_violations.ref_model)
[0m14:47:04.147557 [debug] [Thread-1 (]: Began compiling node model.nyc_parking_violations.ref_model
[0m14:47:04.151066 [debug] [Thread-1 (]: Writing injected SQL for node "model.nyc_parking_violations.ref_model"
[0m14:47:04.152332 [debug] [Thread-1 (]: Timing info for model.nyc_parking_violations.ref_model (compile): 14:47:04.148556 => 14:47:04.152332
[0m14:47:04.153339 [debug] [Thread-1 (]: Finished running node model.nyc_parking_violations.ref_model
[0m14:47:04.153339 [debug] [Thread-1 (]: Began running node model.nyc_parking_violations.silver_violation_tickets
[0m14:47:04.154339 [debug] [Thread-1 (]: Re-using an available connection from the pool (formerly model.nyc_parking_violations.ref_model, now model.nyc_parking_violations.silver_violation_tickets)
[0m14:47:04.154339 [debug] [Thread-1 (]: Began compiling node model.nyc_parking_violations.silver_violation_tickets
[0m14:47:04.161113 [debug] [Thread-1 (]: Writing injected SQL for node "model.nyc_parking_violations.silver_violation_tickets"
[0m14:47:04.164101 [debug] [Thread-1 (]: Timing info for model.nyc_parking_violations.silver_violation_tickets (compile): 14:47:04.155341 => 14:47:04.164101
[0m14:47:04.165099 [debug] [Thread-1 (]: Began executing node model.nyc_parking_violations.silver_violation_tickets
[0m14:47:04.165099 [debug] [Thread-1 (]: Timing info for model.nyc_parking_violations.silver_violation_tickets (execute): 14:47:04.165099 => 14:47:04.165099
[0m14:47:04.166098 [debug] [Thread-1 (]: Finished running node model.nyc_parking_violations.silver_violation_tickets
[0m14:47:04.167099 [debug] [Thread-1 (]: Began running node model.nyc_parking_violations.silver_violation_vehicles
[0m14:47:04.168221 [debug] [Thread-1 (]: Re-using an available connection from the pool (formerly model.nyc_parking_violations.silver_violation_tickets, now model.nyc_parking_violations.silver_violation_vehicles)
[0m14:47:04.168221 [debug] [Thread-1 (]: Began compiling node model.nyc_parking_violations.silver_violation_vehicles
[0m14:47:04.171887 [debug] [Thread-1 (]: Writing injected SQL for node "model.nyc_parking_violations.silver_violation_vehicles"
[0m14:47:04.173789 [debug] [Thread-1 (]: Timing info for model.nyc_parking_violations.silver_violation_vehicles (compile): 14:47:04.169135 => 14:47:04.173789
[0m14:47:04.173789 [debug] [Thread-1 (]: Began executing node model.nyc_parking_violations.silver_violation_vehicles
[0m14:47:04.174785 [debug] [Thread-1 (]: Timing info for model.nyc_parking_violations.silver_violation_vehicles (execute): 14:47:04.174785 => 14:47:04.174785
[0m14:47:04.175784 [debug] [Thread-1 (]: Finished running node model.nyc_parking_violations.silver_violation_vehicles
[0m14:47:04.175784 [debug] [Thread-1 (]: Began running node model.nyc_parking_violations.gold_ticket_metrics
[0m14:47:04.177150 [debug] [Thread-1 (]: Re-using an available connection from the pool (formerly model.nyc_parking_violations.silver_violation_vehicles, now model.nyc_parking_violations.gold_ticket_metrics)
[0m14:47:04.177150 [debug] [Thread-1 (]: Began compiling node model.nyc_parking_violations.gold_ticket_metrics
[0m14:47:04.180003 [debug] [Thread-1 (]: Writing injected SQL for node "model.nyc_parking_violations.gold_ticket_metrics"
[0m14:47:04.182008 [debug] [Thread-1 (]: Timing info for model.nyc_parking_violations.gold_ticket_metrics (compile): 14:47:04.178157 => 14:47:04.182008
[0m14:47:04.182008 [debug] [Thread-1 (]: Began executing node model.nyc_parking_violations.gold_ticket_metrics
[0m14:47:04.183008 [debug] [Thread-1 (]: Timing info for model.nyc_parking_violations.gold_ticket_metrics (execute): 14:47:04.183008 => 14:47:04.183008
[0m14:47:04.184008 [debug] [Thread-1 (]: Finished running node model.nyc_parking_violations.gold_ticket_metrics
[0m14:47:04.184008 [debug] [Thread-1 (]: Began running node model.nyc_parking_violations.gold_vehicles_metrics
[0m14:47:04.185008 [debug] [Thread-1 (]: Re-using an available connection from the pool (formerly model.nyc_parking_violations.gold_ticket_metrics, now model.nyc_parking_violations.gold_vehicles_metrics)
[0m14:47:04.185008 [debug] [Thread-1 (]: Began compiling node model.nyc_parking_violations.gold_vehicles_metrics
[0m14:47:04.187008 [debug] [Thread-1 (]: Writing injected SQL for node "model.nyc_parking_violations.gold_vehicles_metrics"
[0m14:47:04.190007 [debug] [Thread-1 (]: Timing info for model.nyc_parking_violations.gold_vehicles_metrics (compile): 14:47:04.186008 => 14:47:04.190007
[0m14:47:04.191503 [debug] [Thread-1 (]: Began executing node model.nyc_parking_violations.gold_vehicles_metrics
[0m14:47:04.192503 [debug] [Thread-1 (]: Timing info for model.nyc_parking_violations.gold_vehicles_metrics (execute): 14:47:04.191503 => 14:47:04.191503
[0m14:47:04.193576 [debug] [Thread-1 (]: Finished running node model.nyc_parking_violations.gold_vehicles_metrics
[0m14:47:04.194546 [debug] [MainThread]: Connection 'master' was properly closed.
[0m14:47:04.194546 [debug] [MainThread]: Connection 'list_nyc_parking_violations_main' was properly closed.
[0m14:47:04.195547 [debug] [MainThread]: Connection 'model.nyc_parking_violations.gold_vehicles_metrics' was properly closed.
[0m14:47:04.197505 [debug] [MainThread]: Command end result
[0m14:47:04.207077 [debug] [MainThread]: Command `dbt compile` succeeded at 14:47:04.207077 after 1.03 seconds
[0m14:47:04.208126 [debug] [MainThread]: Sending event: {'category': 'dbt', 'action': 'invocation', 'label': 'end', 'context': [<snowplow_tracker.self_describing_json.SelfDescribingJson object at 0x00000163CD33F520>, <snowplow_tracker.self_describing_json.SelfDescribingJson object at 0x00000163D018AAA0>, <snowplow_tracker.self_describing_json.SelfDescribingJson object at 0x00000163D018AB00>]}
[0m14:47:04.208126 [debug] [MainThread]: Flushing usage events
[0m14:47:14.900000 [debug] [MainThread]: Sending event: {'category': 'dbt', 'action': 'invocation', 'label': 'start', 'context': [<snowplow_tracker.self_describing_json.SelfDescribingJson object at 0x000001D99674F4F0>, <snowplow_tracker.self_describing_json.SelfDescribingJson object at 0x000001D999599D80>, <snowplow_tracker.self_describing_json.SelfDescribingJson object at 0x000001D999598850>]}


============================== 14:47:14.912042 | 404b4931-5d37-4c47-a7c3-0f291db45e2d ==============================
[0m14:47:14.912042 [info ] [MainThread]: Running with dbt=1.6.1
[0m14:47:14.913620 [debug] [MainThread]: running dbt with arguments {'target_path': 'None', 'no_print': 'None', 'log_format': 'default', 'cache_selected_only': 'False', 'invocation_command': 'dbt run', 'warn_error': 'None', 'static_parser': 'True', 'fail_fast': 'False', 'indirect_selection': 'eager', 'send_anonymous_usage_stats': 'True', 'partial_parse': 'True', 'warn_error_options': 'WarnErrorOptions(include=[], exclude=[])', 'log_path': 'D:\\DBT CORE\\nyc_parking_violations\\logs', 'version_check': 'True', 'use_experimental_parser': 'False', 'introspect': 'True', 'quiet': 'False', 'log_cache_events': 'False', 'debug': 'False', 'profiles_dir': 'D:\\DBT CORE\\nyc_parking_violations', 'use_colors': 'True', 'printer_width': '80', 'write_json': 'True'}
[0m14:47:15.050089 [debug] [MainThread]: Sending event: {'category': 'dbt', 'action': 'project_id', 'label': '404b4931-5d37-4c47-a7c3-0f291db45e2d', 'context': [<snowplow_tracker.self_describing_json.SelfDescribingJson object at 0x000001D999599F00>]}
[0m14:47:15.062365 [debug] [MainThread]: Sending event: {'category': 'dbt', 'action': 'adapter_info', 'label': '404b4931-5d37-4c47-a7c3-0f291db45e2d', 'context': [<snowplow_tracker.self_describing_json.SelfDescribingJson object at 0x000001D99967ADA0>]}
[0m14:47:15.062365 [info ] [MainThread]: Registered adapter: duckdb=1.6.0
[0m14:47:15.070373 [debug] [MainThread]: checksum: efe19d9f5b93d1a98cc804fbfcdb6b3aced98b974af664946fee1cde8837deb7, vars: {}, profile: , target: , version: 1.6.1
[0m14:47:15.145187 [debug] [MainThread]: Partial parsing enabled: 0 files deleted, 0 files added, 0 files changed.
[0m14:47:15.146186 [debug] [MainThread]: Partial parsing enabled, no changes found, skipping parsing
[0m14:47:15.147190 [warn ] [MainThread]: [[33mWARNING[0m]: Configuration paths exist in your dbt_project.yml file which do not apply to any resources.
There are 1 unused configuration paths:
- tests
[0m14:47:15.151897 [debug] [MainThread]: Sending event: {'category': 'dbt', 'action': 'load_project', 'label': '404b4931-5d37-4c47-a7c3-0f291db45e2d', 'context': [<snowplow_tracker.self_describing_json.SelfDescribingJson object at 0x000001D9998580D0>]}
[0m14:47:15.164164 [debug] [MainThread]: Sending event: {'category': 'dbt', 'action': 'resource_counts', 'label': '404b4931-5d37-4c47-a7c3-0f291db45e2d', 'context': [<snowplow_tracker.self_describing_json.SelfDescribingJson object at 0x000001D999821ED0>]}
[0m14:47:15.164164 [info ] [MainThread]: Found 10 models, 0 sources, 0 exposures, 0 metrics, 348 macros, 0 groups, 0 semantic models
[0m14:47:15.164164 [debug] [MainThread]: Sending event: {'category': 'dbt', 'action': 'runnable_timing', 'label': '404b4931-5d37-4c47-a7c3-0f291db45e2d', 'context': [<snowplow_tracker.self_describing_json.SelfDescribingJson object at 0x000001D999821EA0>]}
[0m14:47:15.164164 [info ] [MainThread]: 
[0m14:47:15.170146 [debug] [MainThread]: Acquiring new duckdb connection 'master'
[0m14:47:15.170146 [debug] [ThreadPool]: Acquiring new duckdb connection 'list_nyc_parking_violations'
[0m14:47:15.184350 [debug] [ThreadPool]: Using duckdb connection "list_nyc_parking_violations"
[0m14:47:15.184350 [debug] [ThreadPool]: On list_nyc_parking_violations: /* {"app": "dbt", "dbt_version": "1.6.1", "profile_name": "nyc_parking_violations", "target_name": "dev", "connection_name": "list_nyc_parking_violations"} */

    
    select schema_name
    from system.information_schema.schemata
    
    where catalog_name = '"nyc_parking_violations"'
    
  
  
[0m14:47:15.185388 [debug] [ThreadPool]: Opening a new connection, currently in state init
[0m14:47:15.201151 [debug] [ThreadPool]: SQL status: OK in 0.0 seconds
[0m14:47:15.203143 [debug] [ThreadPool]: On list_nyc_parking_violations: Close
[0m14:47:15.206572 [debug] [ThreadPool]: Re-using an available connection from the pool (formerly list_nyc_parking_violations, now create_nyc_parking_violations_main)
[0m14:47:15.207577 [debug] [ThreadPool]: Creating schema "database: "nyc_parking_violations"
schema: "main"
"
[0m14:47:15.212217 [debug] [ThreadPool]: Using duckdb connection "create_nyc_parking_violations_main"
[0m14:47:15.213216 [debug] [ThreadPool]: On create_nyc_parking_violations_main: BEGIN
[0m14:47:15.213216 [debug] [ThreadPool]: Opening a new connection, currently in state closed
[0m14:47:15.229326 [debug] [ThreadPool]: SQL status: OK in 0.0 seconds
[0m14:47:15.229326 [debug] [ThreadPool]: Using duckdb connection "create_nyc_parking_violations_main"
[0m14:47:15.230424 [debug] [ThreadPool]: On create_nyc_parking_violations_main: /* {"app": "dbt", "dbt_version": "1.6.1", "profile_name": "nyc_parking_violations", "target_name": "dev", "connection_name": "create_nyc_parking_violations_main"} */
create schema if not exists "nyc_parking_violations"."main"
[0m14:47:15.231430 [debug] [ThreadPool]: SQL status: OK in 0.0 seconds
[0m14:47:15.231430 [debug] [ThreadPool]: On create_nyc_parking_violations_main: COMMIT
[0m14:47:15.232524 [debug] [ThreadPool]: Using duckdb connection "create_nyc_parking_violations_main"
[0m14:47:15.232524 [debug] [ThreadPool]: On create_nyc_parking_violations_main: COMMIT
[0m14:47:15.233474 [debug] [ThreadPool]: SQL status: OK in 0.0 seconds
[0m14:47:15.233474 [debug] [ThreadPool]: On create_nyc_parking_violations_main: Close
[0m14:47:15.237973 [debug] [ThreadPool]: Acquiring new duckdb connection 'list_nyc_parking_violations_main'
[0m14:47:15.242830 [debug] [ThreadPool]: Using duckdb connection "list_nyc_parking_violations_main"
[0m14:47:15.243831 [debug] [ThreadPool]: On list_nyc_parking_violations_main: BEGIN
[0m14:47:15.244867 [debug] [ThreadPool]: Opening a new connection, currently in state init
[0m14:47:15.257453 [debug] [ThreadPool]: SQL status: OK in 0.0 seconds
[0m14:47:15.257453 [debug] [ThreadPool]: Using duckdb connection "list_nyc_parking_violations_main"
[0m14:47:15.258354 [debug] [ThreadPool]: On list_nyc_parking_violations_main: /* {"app": "dbt", "dbt_version": "1.6.1", "profile_name": "nyc_parking_violations", "target_name": "dev", "connection_name": "list_nyc_parking_violations_main"} */
select
      'nyc_parking_violations' as database,
      table_name as name,
      table_schema as schema,
      CASE table_type
        WHEN 'BASE TABLE' THEN 'table'
        WHEN 'VIEW' THEN 'view'
        WHEN 'LOCAL TEMPORARY' THEN 'table'
        END as type
    from system.information_schema.tables
    where table_schema = 'main'
    and table_catalog = 'nyc_parking_violations'
  
[0m14:47:15.271539 [debug] [ThreadPool]: SQL status: OK in 0.0 seconds
[0m14:47:15.272537 [debug] [ThreadPool]: On list_nyc_parking_violations_main: ROLLBACK
[0m14:47:15.273584 [debug] [ThreadPool]: Failed to rollback 'list_nyc_parking_violations_main'
[0m14:47:15.273584 [debug] [ThreadPool]: On list_nyc_parking_violations_main: Close
[0m14:47:15.276966 [debug] [MainThread]: Sending event: {'category': 'dbt', 'action': 'runnable_timing', 'label': '404b4931-5d37-4c47-a7c3-0f291db45e2d', 'context': [<snowplow_tracker.self_describing_json.SelfDescribingJson object at 0x000001D999843AF0>]}
[0m14:47:15.280318 [debug] [MainThread]: Using duckdb connection "master"
[0m14:47:15.280318 [debug] [MainThread]: On master: BEGIN
[0m14:47:15.280318 [debug] [MainThread]: Opening a new connection, currently in state init
[0m14:47:15.293657 [debug] [MainThread]: SQL status: OK in 0.0 seconds
[0m14:47:15.294701 [debug] [MainThread]: On master: COMMIT
[0m14:47:15.294701 [debug] [MainThread]: Using duckdb connection "master"
[0m14:47:15.295704 [debug] [MainThread]: On master: COMMIT
[0m14:47:15.295704 [debug] [MainThread]: SQL status: OK in 0.0 seconds
[0m14:47:15.296742 [debug] [MainThread]: On master: Close
[0m14:47:15.298657 [info ] [MainThread]: Concurrency: 1 threads (target='dev')
[0m14:47:15.300370 [info ] [MainThread]: 
[0m14:47:15.304110 [debug] [Thread-1 (]: Began running node model.nyc_parking_violations.bronze_parking_violation_codes
[0m14:47:15.305201 [info ] [Thread-1 (]: 1 of 6 START sql view model main.bronze_parking_violation_codes ................ [RUN]
[0m14:47:15.306115 [debug] [Thread-1 (]: Acquiring new duckdb connection 'model.nyc_parking_violations.bronze_parking_violation_codes'
[0m14:47:15.307113 [debug] [Thread-1 (]: Began compiling node model.nyc_parking_violations.bronze_parking_violation_codes
[0m14:47:15.338925 [debug] [Thread-1 (]: Writing injected SQL for node "model.nyc_parking_violations.bronze_parking_violation_codes"
[0m14:47:15.345470 [debug] [Thread-1 (]: Timing info for model.nyc_parking_violations.bronze_parking_violation_codes (compile): 14:47:15.307113 => 14:47:15.345470
[0m14:47:15.346471 [debug] [Thread-1 (]: Began executing node model.nyc_parking_violations.bronze_parking_violation_codes
[0m14:47:15.380081 [debug] [Thread-1 (]: Writing runtime sql for node "model.nyc_parking_violations.bronze_parking_violation_codes"
[0m14:47:15.381742 [debug] [Thread-1 (]: Using duckdb connection "model.nyc_parking_violations.bronze_parking_violation_codes"
[0m14:47:15.382735 [debug] [Thread-1 (]: On model.nyc_parking_violations.bronze_parking_violation_codes: BEGIN
[0m14:47:15.382735 [debug] [Thread-1 (]: Opening a new connection, currently in state init
[0m14:47:15.396294 [debug] [Thread-1 (]: SQL status: OK in 0.0 seconds
[0m14:47:15.397309 [debug] [Thread-1 (]: Using duckdb connection "model.nyc_parking_violations.bronze_parking_violation_codes"
[0m14:47:15.397309 [debug] [Thread-1 (]: On model.nyc_parking_violations.bronze_parking_violation_codes: /* {"app": "dbt", "dbt_version": "1.6.1", "profile_name": "nyc_parking_violations", "target_name": "dev", "node_id": "model.nyc_parking_violations.bronze_parking_violation_codes"} */

  
  create view "nyc_parking_violations"."main"."bronze_parking_violation_codes__dbt_tmp" as (
    SELECT
    code AS violation_code,
    definition,
    manhattan_96th_st_below,
    all_other_areas
FROM
    parking_violation_codes
  );

[0m14:47:15.398296 [debug] [Thread-1 (]: SQL status: OK in 0.0 seconds
[0m14:47:15.403813 [debug] [Thread-1 (]: Using duckdb connection "model.nyc_parking_violations.bronze_parking_violation_codes"
[0m14:47:15.403813 [debug] [Thread-1 (]: On model.nyc_parking_violations.bronze_parking_violation_codes: /* {"app": "dbt", "dbt_version": "1.6.1", "profile_name": "nyc_parking_violations", "target_name": "dev", "node_id": "model.nyc_parking_violations.bronze_parking_violation_codes"} */
alter view "nyc_parking_violations"."main"."bronze_parking_violation_codes" rename to "bronze_parking_violation_codes__dbt_backup"
[0m14:47:15.404816 [debug] [Thread-1 (]: SQL status: OK in 0.0 seconds
[0m14:47:15.409948 [debug] [Thread-1 (]: Using duckdb connection "model.nyc_parking_violations.bronze_parking_violation_codes"
[0m14:47:15.410960 [debug] [Thread-1 (]: On model.nyc_parking_violations.bronze_parking_violation_codes: /* {"app": "dbt", "dbt_version": "1.6.1", "profile_name": "nyc_parking_violations", "target_name": "dev", "node_id": "model.nyc_parking_violations.bronze_parking_violation_codes"} */
alter view "nyc_parking_violations"."main"."bronze_parking_violation_codes__dbt_tmp" rename to "bronze_parking_violation_codes"
[0m14:47:15.411953 [debug] [Thread-1 (]: SQL status: OK in 0.0 seconds
[0m14:47:15.424736 [debug] [Thread-1 (]: On model.nyc_parking_violations.bronze_parking_violation_codes: COMMIT
[0m14:47:15.425644 [debug] [Thread-1 (]: Using duckdb connection "model.nyc_parking_violations.bronze_parking_violation_codes"
[0m14:47:15.426637 [debug] [Thread-1 (]: On model.nyc_parking_violations.bronze_parking_violation_codes: COMMIT
[0m14:47:15.427073 [debug] [Thread-1 (]: SQL status: OK in 0.0 seconds
[0m14:47:15.430241 [debug] [Thread-1 (]: Using duckdb connection "model.nyc_parking_violations.bronze_parking_violation_codes"
[0m14:47:15.430241 [debug] [Thread-1 (]: On model.nyc_parking_violations.bronze_parking_violation_codes: /* {"app": "dbt", "dbt_version": "1.6.1", "profile_name": "nyc_parking_violations", "target_name": "dev", "node_id": "model.nyc_parking_violations.bronze_parking_violation_codes"} */
drop view if exists "nyc_parking_violations"."main"."bronze_parking_violation_codes__dbt_backup" cascade
[0m14:47:15.435238 [debug] [Thread-1 (]: SQL status: OK in 0.0 seconds
[0m14:47:15.435238 [debug] [Thread-1 (]: Timing info for model.nyc_parking_violations.bronze_parking_violation_codes (execute): 14:47:15.347523 => 14:47:15.435238
[0m14:47:15.435238 [debug] [Thread-1 (]: On model.nyc_parking_violations.bronze_parking_violation_codes: Close
[0m14:47:15.450998 [debug] [Thread-1 (]: Sending event: {'category': 'dbt', 'action': 'run_model', 'label': '404b4931-5d37-4c47-a7c3-0f291db45e2d', 'context': [<snowplow_tracker.self_describing_json.SelfDescribingJson object at 0x000001D999917FA0>]}
[0m14:47:15.452000 [info ] [Thread-1 (]: 1 of 6 OK created sql view model main.bronze_parking_violation_codes ........... [[32mOK[0m in 0.15s]
[0m14:47:15.453006 [debug] [Thread-1 (]: Finished running node model.nyc_parking_violations.bronze_parking_violation_codes
[0m14:47:15.454005 [debug] [Thread-1 (]: Began running node model.nyc_parking_violations.bronze_parking_violations
[0m14:47:15.455006 [info ] [Thread-1 (]: 2 of 6 START sql view model main.bronze_parking_violations ..................... [RUN]
[0m14:47:15.456005 [debug] [Thread-1 (]: Re-using an available connection from the pool (formerly model.nyc_parking_violations.bronze_parking_violation_codes, now model.nyc_parking_violations.bronze_parking_violations)
[0m14:47:15.456005 [debug] [Thread-1 (]: Began compiling node model.nyc_parking_violations.bronze_parking_violations
[0m14:47:15.458090 [debug] [Thread-1 (]: Writing injected SQL for node "model.nyc_parking_violations.bronze_parking_violations"
[0m14:47:15.460318 [debug] [Thread-1 (]: Timing info for model.nyc_parking_violations.bronze_parking_violations (compile): 14:47:15.457037 => 14:47:15.459312
[0m14:47:15.461325 [debug] [Thread-1 (]: Began executing node model.nyc_parking_violations.bronze_parking_violations
[0m14:47:15.465617 [debug] [Thread-1 (]: Writing runtime sql for node "model.nyc_parking_violations.bronze_parking_violations"
[0m14:47:15.465617 [debug] [Thread-1 (]: Using duckdb connection "model.nyc_parking_violations.bronze_parking_violations"
[0m14:47:15.465617 [debug] [Thread-1 (]: On model.nyc_parking_violations.bronze_parking_violations: BEGIN
[0m14:47:15.469983 [debug] [Thread-1 (]: Opening a new connection, currently in state closed
[0m14:47:15.485350 [debug] [Thread-1 (]: SQL status: OK in 0.0 seconds
[0m14:47:15.485350 [debug] [Thread-1 (]: Using duckdb connection "model.nyc_parking_violations.bronze_parking_violations"
[0m14:47:15.486440 [debug] [Thread-1 (]: On model.nyc_parking_violations.bronze_parking_violations: /* {"app": "dbt", "dbt_version": "1.6.1", "profile_name": "nyc_parking_violations", "target_name": "dev", "node_id": "model.nyc_parking_violations.bronze_parking_violations"} */

  
  create view "nyc_parking_violations"."main"."bronze_parking_violations__dbt_tmp" as (
    SELECT
    summons_number,
    registration_state,
    plate_type,
    issue_date,
    violation_code,
    vehicle_body_type,
    vehicle_make,
    issuing_agency,
    vehicle_expiration_date,
    violation_location,
    violation_precinct,
    issuer_precinct,
    issuer_code,
    issuer_command,
    issuer_squad,
    violation_time,
    violation_county,
    violation_legal_code,
    vehicle_color,
    vehicle_year,
FROM
    parking_violations_2023
  );

[0m14:47:15.487417 [debug] [Thread-1 (]: SQL status: OK in 0.0 seconds
[0m14:47:15.490036 [debug] [Thread-1 (]: Using duckdb connection "model.nyc_parking_violations.bronze_parking_violations"
[0m14:47:15.490036 [debug] [Thread-1 (]: On model.nyc_parking_violations.bronze_parking_violations: /* {"app": "dbt", "dbt_version": "1.6.1", "profile_name": "nyc_parking_violations", "target_name": "dev", "node_id": "model.nyc_parking_violations.bronze_parking_violations"} */
alter view "nyc_parking_violations"."main"."bronze_parking_violations" rename to "bronze_parking_violations__dbt_backup"
[0m14:47:15.491042 [debug] [Thread-1 (]: SQL status: OK in 0.0 seconds
[0m14:47:15.495084 [debug] [Thread-1 (]: Using duckdb connection "model.nyc_parking_violations.bronze_parking_violations"
[0m14:47:15.495084 [debug] [Thread-1 (]: On model.nyc_parking_violations.bronze_parking_violations: /* {"app": "dbt", "dbt_version": "1.6.1", "profile_name": "nyc_parking_violations", "target_name": "dev", "node_id": "model.nyc_parking_violations.bronze_parking_violations"} */
alter view "nyc_parking_violations"."main"."bronze_parking_violations__dbt_tmp" rename to "bronze_parking_violations"
[0m14:47:15.497043 [debug] [Thread-1 (]: SQL status: OK in 0.0 seconds
[0m14:47:15.497374 [debug] [Thread-1 (]: On model.nyc_parking_violations.bronze_parking_violations: COMMIT
[0m14:47:15.500269 [debug] [Thread-1 (]: Using duckdb connection "model.nyc_parking_violations.bronze_parking_violations"
[0m14:47:15.500269 [debug] [Thread-1 (]: On model.nyc_parking_violations.bronze_parking_violations: COMMIT
[0m14:47:15.500269 [debug] [Thread-1 (]: SQL status: OK in 0.0 seconds
[0m14:47:15.500269 [debug] [Thread-1 (]: Using duckdb connection "model.nyc_parking_violations.bronze_parking_violations"
[0m14:47:15.500269 [debug] [Thread-1 (]: On model.nyc_parking_violations.bronze_parking_violations: /* {"app": "dbt", "dbt_version": "1.6.1", "profile_name": "nyc_parking_violations", "target_name": "dev", "node_id": "model.nyc_parking_violations.bronze_parking_violations"} */
drop view if exists "nyc_parking_violations"."main"."bronze_parking_violations__dbt_backup" cascade
[0m14:47:15.508451 [debug] [Thread-1 (]: SQL status: OK in 0.0 seconds
[0m14:47:15.510963 [debug] [Thread-1 (]: Timing info for model.nyc_parking_violations.bronze_parking_violations (execute): 14:47:15.462329 => 14:47:15.510963
[0m14:47:15.510963 [debug] [Thread-1 (]: On model.nyc_parking_violations.bronze_parking_violations: Close
[0m14:47:15.525495 [debug] [Thread-1 (]: Sending event: {'category': 'dbt', 'action': 'run_model', 'label': '404b4931-5d37-4c47-a7c3-0f291db45e2d', 'context': [<snowplow_tracker.self_describing_json.SelfDescribingJson object at 0x000001D9998DF3D0>]}
[0m14:47:15.527502 [info ] [Thread-1 (]: 2 of 6 OK created sql view model main.bronze_parking_violations ................ [[32mOK[0m in 0.07s]
[0m14:47:15.528500 [debug] [Thread-1 (]: Finished running node model.nyc_parking_violations.bronze_parking_violations
[0m14:47:15.528500 [debug] [Thread-1 (]: Began running node model.nyc_parking_violations.first_model
[0m14:47:15.530088 [debug] [Thread-1 (]: Re-using an available connection from the pool (formerly model.nyc_parking_violations.bronze_parking_violations, now model.nyc_parking_violations.first_model)
[0m14:47:15.531092 [debug] [Thread-1 (]: Began compiling node model.nyc_parking_violations.first_model
[0m14:47:15.532132 [debug] [Thread-1 (]: Writing injected SQL for node "model.nyc_parking_violations.first_model"
[0m14:47:15.534095 [debug] [Thread-1 (]: Timing info for model.nyc_parking_violations.first_model (compile): 14:47:15.531092 => 14:47:15.534095
[0m14:47:15.535126 [debug] [Thread-1 (]: Finished running node model.nyc_parking_violations.first_model
[0m14:47:15.536093 [debug] [Thread-1 (]: Began running node model.nyc_parking_violations.silver_parking_violation_codes
[0m14:47:15.536093 [debug] [Thread-1 (]: Re-using an available connection from the pool (formerly model.nyc_parking_violations.first_model, now model.nyc_parking_violations.silver_parking_violation_codes)
[0m14:47:15.537197 [debug] [Thread-1 (]: Began compiling node model.nyc_parking_violations.silver_parking_violation_codes
[0m14:47:15.540390 [debug] [Thread-1 (]: Writing injected SQL for node "model.nyc_parking_violations.silver_parking_violation_codes"
[0m14:47:15.543431 [debug] [Thread-1 (]: Timing info for model.nyc_parking_violations.silver_parking_violation_codes (compile): 14:47:15.537197 => 14:47:15.542405
[0m14:47:15.545403 [debug] [Thread-1 (]: Finished running node model.nyc_parking_violations.silver_parking_violation_codes
[0m14:47:15.546404 [debug] [Thread-1 (]: Began running node model.nyc_parking_violations.silver_parking_violations
[0m14:47:15.546404 [debug] [Thread-1 (]: Re-using an available connection from the pool (formerly model.nyc_parking_violations.silver_parking_violation_codes, now model.nyc_parking_violations.silver_parking_violations)
[0m14:47:15.547498 [debug] [Thread-1 (]: Began compiling node model.nyc_parking_violations.silver_parking_violations
[0m14:47:15.549998 [debug] [Thread-1 (]: Writing injected SQL for node "model.nyc_parking_violations.silver_parking_violations"
[0m14:47:15.551006 [debug] [Thread-1 (]: Timing info for model.nyc_parking_violations.silver_parking_violations (compile): 14:47:15.547498 => 14:47:15.551006
[0m14:47:15.552003 [debug] [Thread-1 (]: Finished running node model.nyc_parking_violations.silver_parking_violations
[0m14:47:15.553095 [debug] [Thread-1 (]: Began running node model.nyc_parking_violations.ref_model
[0m14:47:15.554002 [debug] [Thread-1 (]: Re-using an available connection from the pool (formerly model.nyc_parking_violations.silver_parking_violations, now model.nyc_parking_violations.ref_model)
[0m14:47:15.554002 [debug] [Thread-1 (]: Began compiling node model.nyc_parking_violations.ref_model
[0m14:47:15.557003 [debug] [Thread-1 (]: Writing injected SQL for node "model.nyc_parking_violations.ref_model"
[0m14:47:15.559003 [debug] [Thread-1 (]: Timing info for model.nyc_parking_violations.ref_model (compile): 14:47:15.555003 => 14:47:15.559003
[0m14:47:15.561545 [debug] [Thread-1 (]: Finished running node model.nyc_parking_violations.ref_model
[0m14:47:15.562998 [debug] [Thread-1 (]: Began running node model.nyc_parking_violations.silver_violation_tickets
[0m14:47:15.563991 [info ] [Thread-1 (]: 3 of 6 START sql view model main.silver_violation_tickets ...................... [RUN]
[0m14:47:15.565167 [debug] [Thread-1 (]: Re-using an available connection from the pool (formerly model.nyc_parking_violations.ref_model, now model.nyc_parking_violations.silver_violation_tickets)
[0m14:47:15.565167 [debug] [Thread-1 (]: Began compiling node model.nyc_parking_violations.silver_violation_tickets
[0m14:47:15.573382 [debug] [Thread-1 (]: Writing injected SQL for node "model.nyc_parking_violations.silver_violation_tickets"
[0m14:47:15.575762 [debug] [Thread-1 (]: Timing info for model.nyc_parking_violations.silver_violation_tickets (compile): 14:47:15.565167 => 14:47:15.575762
[0m14:47:15.577226 [debug] [Thread-1 (]: Began executing node model.nyc_parking_violations.silver_violation_tickets
[0m14:47:15.581562 [debug] [Thread-1 (]: Writing runtime sql for node "model.nyc_parking_violations.silver_violation_tickets"
[0m14:47:15.581562 [debug] [Thread-1 (]: Using duckdb connection "model.nyc_parking_violations.silver_violation_tickets"
[0m14:47:15.581562 [debug] [Thread-1 (]: On model.nyc_parking_violations.silver_violation_tickets: BEGIN
[0m14:47:15.581562 [debug] [Thread-1 (]: Opening a new connection, currently in state closed
[0m14:47:15.600711 [debug] [Thread-1 (]: SQL status: OK in 0.0 seconds
[0m14:47:15.601827 [debug] [Thread-1 (]: Using duckdb connection "model.nyc_parking_violations.silver_violation_tickets"
[0m14:47:15.602717 [debug] [Thread-1 (]: On model.nyc_parking_violations.silver_violation_tickets: /* {"app": "dbt", "dbt_version": "1.6.1", "profile_name": "nyc_parking_violations", "target_name": "dev", "node_id": "model.nyc_parking_violations.silver_violation_tickets"} */

  
  create view "nyc_parking_violations"."main"."silver_violation_tickets__dbt_tmp" as (
    with __dbt__cte__silver_parking_violations as (
SELECT
    summons_number,
    registration_state,
    plate_type,
    issue_date,
    violation_code,
    vehicle_body_type,
    vehicle_make,
    issuing_agency,
    vehicle_expiration_date,
    violation_location,
    violation_precinct,
    issuer_precinct,
    issuer_code,
    issuer_command,
    issuer_squad,
    violation_time,
    violation_county,
    violation_legal_code,
    vehicle_color,
    vehicle_year,
    CASE WHEN
        violation_county == 'MN'
        THEN TRUE
        ELSE FALSE
        END AS is_manhattan_96th_st_below
FROM
    "nyc_parking_violations"."main"."bronze_parking_violations"
),  __dbt__cte__silver_parking_violation_codes as (
WITH manhattan_violation_codes AS (
    SELECT
        violation_code,
        definition,
        TRUE AS is_manhattan_96th_st_below,
        manhattan_96th_st_below AS fee_usd,
    FROM
        "nyc_parking_violations"."main"."bronze_parking_violation_codes"
),

all_other_violation_codes AS (
    SELECT
        violation_code,
        definition,
        FALSE AS is_manhattan_96th_st_below,
        all_other_areas AS fee_usd,
    FROM
        "nyc_parking_violations"."main"."bronze_parking_violation_codes"
)

SELECT * FROM manhattan_violation_codes
UNION ALL
SELECT * FROM all_other_violation_codes
ORDER BY violation_code ASC
) SELECT
    violations.summons_number,
    violations.issue_date,
    violations.violation_code,
    violations.is_manhattan_96th_st_below,
    violations.issuing_agency,
    violations.violation_location,
    violations.violation_precinct,
    violations.issuer_precinct,
    violations.issuer_code,
    violations.issuer_command,
    violations.issuer_squad,
    violations.violation_time,
    violations.violation_county,
    violations.violation_legal_code,
    codes.fee_usd
FROM
    __dbt__cte__silver_parking_violations AS violations
LEFT JOIN
    __dbt__cte__silver_parking_violation_codes AS codes ON
    violations.violation_code = codes.violation_code AND
    violations.is_manhattan_96th_st_below = codes.is_manhattan_96th_st_below
  );

[0m14:47:15.604824 [debug] [Thread-1 (]: SQL status: OK in 0.0 seconds
[0m14:47:15.606803 [debug] [Thread-1 (]: Using duckdb connection "model.nyc_parking_violations.silver_violation_tickets"
[0m14:47:15.607806 [debug] [Thread-1 (]: On model.nyc_parking_violations.silver_violation_tickets: /* {"app": "dbt", "dbt_version": "1.6.1", "profile_name": "nyc_parking_violations", "target_name": "dev", "node_id": "model.nyc_parking_violations.silver_violation_tickets"} */
alter view "nyc_parking_violations"."main"."silver_violation_tickets" rename to "silver_violation_tickets__dbt_backup"
[0m14:47:15.609988 [debug] [Thread-1 (]: SQL status: OK in 0.0 seconds
[0m14:47:15.612096 [debug] [Thread-1 (]: Using duckdb connection "model.nyc_parking_violations.silver_violation_tickets"
[0m14:47:15.614001 [debug] [Thread-1 (]: On model.nyc_parking_violations.silver_violation_tickets: /* {"app": "dbt", "dbt_version": "1.6.1", "profile_name": "nyc_parking_violations", "target_name": "dev", "node_id": "model.nyc_parking_violations.silver_violation_tickets"} */
alter view "nyc_parking_violations"."main"."silver_violation_tickets__dbt_tmp" rename to "silver_violation_tickets"
[0m14:47:15.615008 [debug] [Thread-1 (]: SQL status: OK in 0.0 seconds
[0m14:47:15.618083 [debug] [Thread-1 (]: On model.nyc_parking_violations.silver_violation_tickets: COMMIT
[0m14:47:15.618083 [debug] [Thread-1 (]: Using duckdb connection "model.nyc_parking_violations.silver_violation_tickets"
[0m14:47:15.618998 [debug] [Thread-1 (]: On model.nyc_parking_violations.silver_violation_tickets: COMMIT
[0m14:47:15.622557 [debug] [Thread-1 (]: SQL status: OK in 0.0 seconds
[0m14:47:15.626083 [debug] [Thread-1 (]: Using duckdb connection "model.nyc_parking_violations.silver_violation_tickets"
[0m14:47:15.627086 [debug] [Thread-1 (]: On model.nyc_parking_violations.silver_violation_tickets: /* {"app": "dbt", "dbt_version": "1.6.1", "profile_name": "nyc_parking_violations", "target_name": "dev", "node_id": "model.nyc_parking_violations.silver_violation_tickets"} */
drop view if exists "nyc_parking_violations"."main"."silver_violation_tickets__dbt_backup" cascade
[0m14:47:15.629370 [debug] [Thread-1 (]: SQL status: OK in 0.0 seconds
[0m14:47:15.631040 [debug] [Thread-1 (]: Timing info for model.nyc_parking_violations.silver_violation_tickets (execute): 14:47:15.578296 => 14:47:15.631040
[0m14:47:15.632052 [debug] [Thread-1 (]: On model.nyc_parking_violations.silver_violation_tickets: Close
[0m14:47:15.645796 [debug] [Thread-1 (]: Sending event: {'category': 'dbt', 'action': 'run_model', 'label': '404b4931-5d37-4c47-a7c3-0f291db45e2d', 'context': [<snowplow_tracker.self_describing_json.SelfDescribingJson object at 0x000001D999893310>]}
[0m14:47:15.645796 [info ] [Thread-1 (]: 3 of 6 OK created sql view model main.silver_violation_tickets ................. [[32mOK[0m in 0.08s]
[0m14:47:15.647886 [debug] [Thread-1 (]: Finished running node model.nyc_parking_violations.silver_violation_tickets
[0m14:47:15.648890 [debug] [Thread-1 (]: Began running node model.nyc_parking_violations.silver_violation_vehicles
[0m14:47:15.648890 [info ] [Thread-1 (]: 4 of 6 START sql view model main.silver_violation_vehicles ..................... [RUN]
[0m14:47:15.650394 [debug] [Thread-1 (]: Re-using an available connection from the pool (formerly model.nyc_parking_violations.silver_violation_tickets, now model.nyc_parking_violations.silver_violation_vehicles)
[0m14:47:15.651407 [debug] [Thread-1 (]: Began compiling node model.nyc_parking_violations.silver_violation_vehicles
[0m14:47:15.655412 [debug] [Thread-1 (]: Writing injected SQL for node "model.nyc_parking_violations.silver_violation_vehicles"
[0m14:47:15.657503 [debug] [Thread-1 (]: Timing info for model.nyc_parking_violations.silver_violation_vehicles (compile): 14:47:15.651407 => 14:47:15.657503
[0m14:47:15.658412 [debug] [Thread-1 (]: Began executing node model.nyc_parking_violations.silver_violation_vehicles
[0m14:47:15.702842 [debug] [Thread-1 (]: Writing runtime sql for node "model.nyc_parking_violations.silver_violation_vehicles"
[0m14:47:15.704153 [debug] [Thread-1 (]: Using duckdb connection "model.nyc_parking_violations.silver_violation_vehicles"
[0m14:47:15.705161 [debug] [Thread-1 (]: On model.nyc_parking_violations.silver_violation_vehicles: BEGIN
[0m14:47:15.705161 [debug] [Thread-1 (]: Opening a new connection, currently in state closed
[0m14:47:15.720509 [debug] [Thread-1 (]: SQL status: OK in 0.0 seconds
[0m14:47:15.721515 [debug] [Thread-1 (]: Using duckdb connection "model.nyc_parking_violations.silver_violation_vehicles"
[0m14:47:15.722515 [debug] [Thread-1 (]: On model.nyc_parking_violations.silver_violation_vehicles: /* {"app": "dbt", "dbt_version": "1.6.1", "profile_name": "nyc_parking_violations", "target_name": "dev", "node_id": "model.nyc_parking_violations.silver_violation_vehicles"} */

  
  create view "nyc_parking_violations"."main"."silver_violation_vehicles__dbt_tmp" as (
    with __dbt__cte__silver_parking_violations as (
SELECT
    summons_number,
    registration_state,
    plate_type,
    issue_date,
    violation_code,
    vehicle_body_type,
    vehicle_make,
    issuing_agency,
    vehicle_expiration_date,
    violation_location,
    violation_precinct,
    issuer_precinct,
    issuer_code,
    issuer_command,
    issuer_squad,
    violation_time,
    violation_county,
    violation_legal_code,
    vehicle_color,
    vehicle_year,
    CASE WHEN
        violation_county == 'MN'
        THEN TRUE
        ELSE FALSE
        END AS is_manhattan_96th_st_below
FROM
    "nyc_parking_violations"."main"."bronze_parking_violations"
) SELECT
    summons_number,
    registration_state,
    plate_type,
    vehicle_body_type,
    vehicle_make,
    vehicle_expiration_date,
    vehicle_color,
    vehicle_year
FROM
    __dbt__cte__silver_parking_violations
  );

[0m14:47:15.723515 [debug] [Thread-1 (]: SQL status: OK in 0.0 seconds
[0m14:47:15.726998 [debug] [Thread-1 (]: Using duckdb connection "model.nyc_parking_violations.silver_violation_vehicles"
[0m14:47:15.727957 [debug] [Thread-1 (]: On model.nyc_parking_violations.silver_violation_vehicles: /* {"app": "dbt", "dbt_version": "1.6.1", "profile_name": "nyc_parking_violations", "target_name": "dev", "node_id": "model.nyc_parking_violations.silver_violation_vehicles"} */
alter view "nyc_parking_violations"."main"."silver_violation_vehicles" rename to "silver_violation_vehicles__dbt_backup"
[0m14:47:15.728908 [debug] [Thread-1 (]: SQL status: OK in 0.0 seconds
[0m14:47:15.731620 [debug] [Thread-1 (]: Using duckdb connection "model.nyc_parking_violations.silver_violation_vehicles"
[0m14:47:15.732532 [debug] [Thread-1 (]: On model.nyc_parking_violations.silver_violation_vehicles: /* {"app": "dbt", "dbt_version": "1.6.1", "profile_name": "nyc_parking_violations", "target_name": "dev", "node_id": "model.nyc_parking_violations.silver_violation_vehicles"} */
alter view "nyc_parking_violations"."main"."silver_violation_vehicles__dbt_tmp" rename to "silver_violation_vehicles"
[0m14:47:15.732532 [debug] [Thread-1 (]: SQL status: OK in 0.0 seconds
[0m14:47:15.734625 [debug] [Thread-1 (]: On model.nyc_parking_violations.silver_violation_vehicles: COMMIT
[0m14:47:15.735630 [debug] [Thread-1 (]: Using duckdb connection "model.nyc_parking_violations.silver_violation_vehicles"
[0m14:47:15.735630 [debug] [Thread-1 (]: On model.nyc_parking_violations.silver_violation_vehicles: COMMIT
[0m14:47:15.738462 [debug] [Thread-1 (]: SQL status: OK in 0.0 seconds
[0m14:47:15.740634 [debug] [Thread-1 (]: Using duckdb connection "model.nyc_parking_violations.silver_violation_vehicles"
[0m14:47:15.742394 [debug] [Thread-1 (]: On model.nyc_parking_violations.silver_violation_vehicles: /* {"app": "dbt", "dbt_version": "1.6.1", "profile_name": "nyc_parking_violations", "target_name": "dev", "node_id": "model.nyc_parking_violations.silver_violation_vehicles"} */
drop view if exists "nyc_parking_violations"."main"."silver_violation_vehicles__dbt_backup" cascade
[0m14:47:15.742394 [debug] [Thread-1 (]: SQL status: OK in 0.0 seconds
[0m14:47:15.742394 [debug] [Thread-1 (]: Timing info for model.nyc_parking_violations.silver_violation_vehicles (execute): 14:47:15.659420 => 14:47:15.742394
[0m14:47:15.742394 [debug] [Thread-1 (]: On model.nyc_parking_violations.silver_violation_vehicles: Close
[0m14:47:15.761032 [debug] [Thread-1 (]: Sending event: {'category': 'dbt', 'action': 'run_model', 'label': '404b4931-5d37-4c47-a7c3-0f291db45e2d', 'context': [<snowplow_tracker.self_describing_json.SelfDescribingJson object at 0x000001D9928E62C0>]}
[0m14:47:15.762032 [info ] [Thread-1 (]: 4 of 6 OK created sql view model main.silver_violation_vehicles ................ [[32mOK[0m in 0.11s]
[0m14:47:15.763026 [debug] [Thread-1 (]: Finished running node model.nyc_parking_violations.silver_violation_vehicles
[0m14:47:15.764120 [debug] [Thread-1 (]: Began running node model.nyc_parking_violations.gold_ticket_metrics
[0m14:47:15.764120 [info ] [Thread-1 (]: 5 of 6 START sql table model main.gold_ticket_metrics .......................... [RUN]
[0m14:47:15.765074 [debug] [Thread-1 (]: Re-using an available connection from the pool (formerly model.nyc_parking_violations.silver_violation_vehicles, now model.nyc_parking_violations.gold_ticket_metrics)
[0m14:47:15.766071 [debug] [Thread-1 (]: Began compiling node model.nyc_parking_violations.gold_ticket_metrics
[0m14:47:15.768117 [debug] [Thread-1 (]: Writing injected SQL for node "model.nyc_parking_violations.gold_ticket_metrics"
[0m14:47:15.770186 [debug] [Thread-1 (]: Timing info for model.nyc_parking_violations.gold_ticket_metrics (compile): 14:47:15.766071 => 14:47:15.770186
[0m14:47:15.770186 [debug] [Thread-1 (]: Began executing node model.nyc_parking_violations.gold_ticket_metrics
[0m14:47:15.788179 [debug] [Thread-1 (]: Writing runtime sql for node "model.nyc_parking_violations.gold_ticket_metrics"
[0m14:47:15.789179 [debug] [Thread-1 (]: Using duckdb connection "model.nyc_parking_violations.gold_ticket_metrics"
[0m14:47:15.790268 [debug] [Thread-1 (]: On model.nyc_parking_violations.gold_ticket_metrics: BEGIN
[0m14:47:15.791578 [debug] [Thread-1 (]: Opening a new connection, currently in state closed
[0m14:47:15.804496 [debug] [Thread-1 (]: SQL status: OK in 0.0 seconds
[0m14:47:15.805440 [debug] [Thread-1 (]: Using duckdb connection "model.nyc_parking_violations.gold_ticket_metrics"
[0m14:47:15.806500 [debug] [Thread-1 (]: On model.nyc_parking_violations.gold_ticket_metrics: /* {"app": "dbt", "dbt_version": "1.6.1", "profile_name": "nyc_parking_violations", "target_name": "dev", "node_id": "model.nyc_parking_violations.gold_ticket_metrics"} */

  
    
    

    create  table
      "nyc_parking_violations"."main"."gold_ticket_metrics__dbt_tmp"
  
    as (
      SELECT
    violation_code,
    COUNT(summons_number) AS ticket_count,
    SUM(fee_usd) AS total_revenue_usd
FROM
    "nyc_parking_violations"."main"."silver_violation_tickets"
GROUP BY
    violation_code
ORDER BY
    total_revenue_usd DESC
    );
  
  
[0m14:47:15.839242 [debug] [Thread-1 (]: SQL status: OK in 0.0 seconds
[0m14:47:15.843260 [debug] [Thread-1 (]: Using duckdb connection "model.nyc_parking_violations.gold_ticket_metrics"
[0m14:47:15.844260 [debug] [Thread-1 (]: On model.nyc_parking_violations.gold_ticket_metrics: /* {"app": "dbt", "dbt_version": "1.6.1", "profile_name": "nyc_parking_violations", "target_name": "dev", "node_id": "model.nyc_parking_violations.gold_ticket_metrics"} */
alter view "nyc_parking_violations"."main"."gold_ticket_metrics" rename to "gold_ticket_metrics__dbt_backup"
[0m14:47:15.845258 [debug] [Thread-1 (]: SQL status: OK in 0.0 seconds
[0m14:47:15.847275 [debug] [Thread-1 (]: Using duckdb connection "model.nyc_parking_violations.gold_ticket_metrics"
[0m14:47:15.847275 [debug] [Thread-1 (]: On model.nyc_parking_violations.gold_ticket_metrics: /* {"app": "dbt", "dbt_version": "1.6.1", "profile_name": "nyc_parking_violations", "target_name": "dev", "node_id": "model.nyc_parking_violations.gold_ticket_metrics"} */
alter table "nyc_parking_violations"."main"."gold_ticket_metrics__dbt_tmp" rename to "gold_ticket_metrics"
[0m14:47:15.849011 [debug] [Thread-1 (]: SQL status: OK in 0.0 seconds
[0m14:47:15.854205 [debug] [Thread-1 (]: On model.nyc_parking_violations.gold_ticket_metrics: COMMIT
[0m14:47:15.855226 [debug] [Thread-1 (]: Using duckdb connection "model.nyc_parking_violations.gold_ticket_metrics"
[0m14:47:15.855226 [debug] [Thread-1 (]: On model.nyc_parking_violations.gold_ticket_metrics: COMMIT
[0m14:47:15.859068 [debug] [Thread-1 (]: SQL status: OK in 0.0 seconds
[0m14:47:15.861646 [debug] [Thread-1 (]: Using duckdb connection "model.nyc_parking_violations.gold_ticket_metrics"
[0m14:47:15.861646 [debug] [Thread-1 (]: On model.nyc_parking_violations.gold_ticket_metrics: /* {"app": "dbt", "dbt_version": "1.6.1", "profile_name": "nyc_parking_violations", "target_name": "dev", "node_id": "model.nyc_parking_violations.gold_ticket_metrics"} */
drop view if exists "nyc_parking_violations"."main"."gold_ticket_metrics__dbt_backup" cascade
[0m14:47:15.863643 [debug] [Thread-1 (]: SQL status: OK in 0.0 seconds
[0m14:47:15.865740 [debug] [Thread-1 (]: Timing info for model.nyc_parking_violations.gold_ticket_metrics (execute): 14:47:15.771193 => 14:47:15.865740
[0m14:47:15.865740 [debug] [Thread-1 (]: On model.nyc_parking_violations.gold_ticket_metrics: Close
[0m14:47:15.885211 [debug] [Thread-1 (]: Sending event: {'category': 'dbt', 'action': 'run_model', 'label': '404b4931-5d37-4c47-a7c3-0f291db45e2d', 'context': [<snowplow_tracker.self_describing_json.SelfDescribingJson object at 0x000001D9998A4F70>]}
[0m14:47:15.886275 [info ] [Thread-1 (]: 5 of 6 OK created sql table model main.gold_ticket_metrics ..................... [[32mOK[0m in 0.12s]
[0m14:47:15.887077 [debug] [Thread-1 (]: Finished running node model.nyc_parking_violations.gold_ticket_metrics
[0m14:47:15.888083 [debug] [Thread-1 (]: Began running node model.nyc_parking_violations.gold_vehicles_metrics
[0m14:47:15.888083 [info ] [Thread-1 (]: 6 of 6 START sql table model main.gold_vehicles_metrics ........................ [RUN]
[0m14:47:15.889373 [debug] [Thread-1 (]: Re-using an available connection from the pool (formerly model.nyc_parking_violations.gold_ticket_metrics, now model.nyc_parking_violations.gold_vehicles_metrics)
[0m14:47:15.890466 [debug] [Thread-1 (]: Began compiling node model.nyc_parking_violations.gold_vehicles_metrics
[0m14:47:15.892867 [debug] [Thread-1 (]: Writing injected SQL for node "model.nyc_parking_violations.gold_vehicles_metrics"
[0m14:47:15.894862 [debug] [Thread-1 (]: Timing info for model.nyc_parking_violations.gold_vehicles_metrics (compile): 14:47:15.890466 => 14:47:15.893880
[0m14:47:15.894862 [debug] [Thread-1 (]: Began executing node model.nyc_parking_violations.gold_vehicles_metrics
[0m14:47:15.897878 [debug] [Thread-1 (]: Writing runtime sql for node "model.nyc_parking_violations.gold_vehicles_metrics"
[0m14:47:15.898869 [debug] [Thread-1 (]: Using duckdb connection "model.nyc_parking_violations.gold_vehicles_metrics"
[0m14:47:15.900377 [debug] [Thread-1 (]: On model.nyc_parking_violations.gold_vehicles_metrics: BEGIN
[0m14:47:15.900377 [debug] [Thread-1 (]: Opening a new connection, currently in state closed
[0m14:47:15.916312 [debug] [Thread-1 (]: SQL status: OK in 0.0 seconds
[0m14:47:15.917295 [debug] [Thread-1 (]: Using duckdb connection "model.nyc_parking_violations.gold_vehicles_metrics"
[0m14:47:15.917295 [debug] [Thread-1 (]: On model.nyc_parking_violations.gold_vehicles_metrics: /* {"app": "dbt", "dbt_version": "1.6.1", "profile_name": "nyc_parking_violations", "target_name": "dev", "node_id": "model.nyc_parking_violations.gold_vehicles_metrics"} */

  
    
    

    create  table
      "nyc_parking_violations"."main"."gold_vehicles_metrics__dbt_tmp"
  
    as (
      SELECT
    registration_state,
    COUNT(summons_number) AS ticket_count,
FROM
    "nyc_parking_violations"."main"."silver_violation_vehicles"
WHERE
    registration_state != 'NY'
GROUP BY
    registration_state
ORDER BY
    ticket_count DESC
    );
  
  
[0m14:47:15.926605 [debug] [Thread-1 (]: SQL status: OK in 0.0 seconds
[0m14:47:15.930101 [debug] [Thread-1 (]: Using duckdb connection "model.nyc_parking_violations.gold_vehicles_metrics"
[0m14:47:15.931108 [debug] [Thread-1 (]: On model.nyc_parking_violations.gold_vehicles_metrics: /* {"app": "dbt", "dbt_version": "1.6.1", "profile_name": "nyc_parking_violations", "target_name": "dev", "node_id": "model.nyc_parking_violations.gold_vehicles_metrics"} */
alter view "nyc_parking_violations"."main"."gold_vehicles_metrics" rename to "gold_vehicles_metrics__dbt_backup"
[0m14:47:15.932107 [debug] [Thread-1 (]: SQL status: OK in 0.0 seconds
[0m14:47:15.933425 [debug] [Thread-1 (]: Using duckdb connection "model.nyc_parking_violations.gold_vehicles_metrics"
[0m14:47:15.933425 [debug] [Thread-1 (]: On model.nyc_parking_violations.gold_vehicles_metrics: /* {"app": "dbt", "dbt_version": "1.6.1", "profile_name": "nyc_parking_violations", "target_name": "dev", "node_id": "model.nyc_parking_violations.gold_vehicles_metrics"} */
alter table "nyc_parking_violations"."main"."gold_vehicles_metrics__dbt_tmp" rename to "gold_vehicles_metrics"
[0m14:47:15.933425 [debug] [Thread-1 (]: SQL status: OK in 0.0 seconds
[0m14:47:15.933425 [debug] [Thread-1 (]: On model.nyc_parking_violations.gold_vehicles_metrics: COMMIT
[0m14:47:15.939587 [debug] [Thread-1 (]: Using duckdb connection "model.nyc_parking_violations.gold_vehicles_metrics"
[0m14:47:15.939587 [debug] [Thread-1 (]: On model.nyc_parking_violations.gold_vehicles_metrics: COMMIT
[0m14:47:15.943025 [debug] [Thread-1 (]: SQL status: OK in 0.0 seconds
[0m14:47:15.946032 [debug] [Thread-1 (]: Using duckdb connection "model.nyc_parking_violations.gold_vehicles_metrics"
[0m14:47:15.946032 [debug] [Thread-1 (]: On model.nyc_parking_violations.gold_vehicles_metrics: /* {"app": "dbt", "dbt_version": "1.6.1", "profile_name": "nyc_parking_violations", "target_name": "dev", "node_id": "model.nyc_parking_violations.gold_vehicles_metrics"} */
drop view if exists "nyc_parking_violations"."main"."gold_vehicles_metrics__dbt_backup" cascade
[0m14:47:15.948168 [debug] [Thread-1 (]: SQL status: OK in 0.0 seconds
[0m14:47:15.950816 [debug] [Thread-1 (]: Timing info for model.nyc_parking_violations.gold_vehicles_metrics (execute): 14:47:15.894862 => 14:47:15.950215
[0m14:47:15.950816 [debug] [Thread-1 (]: On model.nyc_parking_violations.gold_vehicles_metrics: Close
[0m14:47:15.968040 [debug] [Thread-1 (]: Sending event: {'category': 'dbt', 'action': 'run_model', 'label': '404b4931-5d37-4c47-a7c3-0f291db45e2d', 'context': [<snowplow_tracker.self_describing_json.SelfDescribingJson object at 0x000001D99985B130>]}
[0m14:47:15.968040 [info ] [Thread-1 (]: 6 of 6 OK created sql table model main.gold_vehicles_metrics ................... [[32mOK[0m in 0.08s]
[0m14:47:15.969993 [debug] [Thread-1 (]: Finished running node model.nyc_parking_violations.gold_vehicles_metrics
[0m14:47:15.972055 [debug] [MainThread]: Using duckdb connection "master"
[0m14:47:15.972055 [debug] [MainThread]: On master: BEGIN
[0m14:47:15.972055 [debug] [MainThread]: Opening a new connection, currently in state closed
[0m14:47:15.988989 [debug] [MainThread]: SQL status: OK in 0.0 seconds
[0m14:47:15.989989 [debug] [MainThread]: On master: COMMIT
[0m14:47:15.990493 [debug] [MainThread]: Using duckdb connection "master"
[0m14:47:15.990493 [debug] [MainThread]: On master: COMMIT
[0m14:47:15.991499 [debug] [MainThread]: SQL status: OK in 0.0 seconds
[0m14:47:15.992661 [debug] [MainThread]: On master: Close
[0m14:47:15.995750 [debug] [MainThread]: Connection 'master' was properly closed.
[0m14:47:15.997102 [debug] [MainThread]: Connection 'create_nyc_parking_violations_main' was properly closed.
[0m14:47:15.997612 [debug] [MainThread]: Connection 'list_nyc_parking_violations_main' was properly closed.
[0m14:47:15.997978 [debug] [MainThread]: Connection 'model.nyc_parking_violations.gold_vehicles_metrics' was properly closed.
[0m14:47:15.997978 [info ] [MainThread]: 
[0m14:47:15.997978 [info ] [MainThread]: Finished running 4 view models, 2 table models in 0 hours 0 minutes and 0.83 seconds (0.83s).
[0m14:47:16.000276 [debug] [MainThread]: Command end result
[0m14:47:16.012359 [info ] [MainThread]: 
[0m14:47:16.013274 [info ] [MainThread]: [32mCompleted successfully[0m
[0m14:47:16.014271 [info ] [MainThread]: 
[0m14:47:16.015288 [info ] [MainThread]: Done. PASS=6 WARN=0 ERROR=0 SKIP=0 TOTAL=6
[0m14:47:16.016270 [debug] [MainThread]: Command `dbt run` succeeded at 14:47:16.016270 after 1.13 seconds
[0m14:47:16.017275 [debug] [MainThread]: Sending event: {'category': 'dbt', 'action': 'invocation', 'label': 'end', 'context': [<snowplow_tracker.self_describing_json.SelfDescribingJson object at 0x000001D99674F4F0>, <snowplow_tracker.self_describing_json.SelfDescribingJson object at 0x000001D99967ADA0>, <snowplow_tracker.self_describing_json.SelfDescribingJson object at 0x000001D999822DA0>]}
[0m14:47:16.017275 [debug] [MainThread]: Flushing usage events
[0m14:47:45.552031 [debug] [MainThread]: Sending event: {'category': 'dbt', 'action': 'invocation', 'label': 'start', 'context': [<snowplow_tracker.self_describing_json.SelfDescribingJson object at 0x000002D58747F4C0>, <snowplow_tracker.self_describing_json.SelfDescribingJson object at 0x000002D58A2C9F30>, <snowplow_tracker.self_describing_json.SelfDescribingJson object at 0x000002D58A2C9C90>]}


============================== 14:47:45.566363 | 239bc9a4-26e8-4fda-998a-10aaeb1b7608 ==============================
[0m14:47:45.566363 [info ] [MainThread]: Running with dbt=1.6.1
[0m14:47:45.566363 [debug] [MainThread]: running dbt with arguments {'target_path': 'None', 'no_print': 'None', 'cache_selected_only': 'False', 'log_format': 'default', 'use_colors': 'True', 'warn_error': 'None', 'static_parser': 'True', 'partial_parse': 'True', 'indirect_selection': 'eager', 'send_anonymous_usage_stats': 'True', 'fail_fast': 'False', 'warn_error_options': 'WarnErrorOptions(include=[], exclude=[])', 'log_path': 'D:\\DBT CORE\\nyc_parking_violations\\logs', 'version_check': 'True', 'use_experimental_parser': 'False', 'quiet': 'False', 'introspect': 'True', 'log_cache_events': 'False', 'debug': 'False', 'profiles_dir': 'D:\\DBT CORE\\nyc_parking_violations', 'invocation_command': 'dbt docs generate', 'printer_width': '80', 'write_json': 'True'}
[0m14:47:45.680559 [debug] [MainThread]: Sending event: {'category': 'dbt', 'action': 'project_id', 'label': '239bc9a4-26e8-4fda-998a-10aaeb1b7608', 'context': [<snowplow_tracker.self_describing_json.SelfDescribingJson object at 0x000002D58A2C9FC0>]}
[0m14:47:45.696320 [debug] [MainThread]: Sending event: {'category': 'dbt', 'action': 'adapter_info', 'label': '239bc9a4-26e8-4fda-998a-10aaeb1b7608', 'context': [<snowplow_tracker.self_describing_json.SelfDescribingJson object at 0x000002D58A3AB100>]}
[0m14:47:45.696320 [info ] [MainThread]: Registered adapter: duckdb=1.6.0
[0m14:47:45.696320 [debug] [MainThread]: checksum: efe19d9f5b93d1a98cc804fbfcdb6b3aced98b974af664946fee1cde8837deb7, vars: {}, profile: , target: , version: 1.6.1
[0m14:47:45.772878 [debug] [MainThread]: Partial parsing enabled: 0 files deleted, 0 files added, 0 files changed.
[0m14:47:45.772878 [debug] [MainThread]: Partial parsing enabled, no changes found, skipping parsing
[0m14:47:45.773882 [warn ] [MainThread]: [[33mWARNING[0m]: Configuration paths exist in your dbt_project.yml file which do not apply to any resources.
There are 1 unused configuration paths:
- tests
[0m14:47:45.778895 [debug] [MainThread]: Sending event: {'category': 'dbt', 'action': 'load_project', 'label': '239bc9a4-26e8-4fda-998a-10aaeb1b7608', 'context': [<snowplow_tracker.self_describing_json.SelfDescribingJson object at 0x000002D58A5900D0>]}
[0m14:47:45.783471 [debug] [MainThread]: Sending event: {'category': 'dbt', 'action': 'resource_counts', 'label': '239bc9a4-26e8-4fda-998a-10aaeb1b7608', 'context': [<snowplow_tracker.self_describing_json.SelfDescribingJson object at 0x000002D58A556350>]}
[0m14:47:45.784520 [info ] [MainThread]: Found 10 models, 0 sources, 0 exposures, 0 metrics, 348 macros, 0 groups, 0 semantic models
[0m14:47:45.785644 [debug] [MainThread]: Sending event: {'category': 'dbt', 'action': 'runnable_timing', 'label': '239bc9a4-26e8-4fda-998a-10aaeb1b7608', 'context': [<snowplow_tracker.self_describing_json.SelfDescribingJson object at 0x000002D58A556320>]}
[0m14:47:45.786891 [info ] [MainThread]: 
[0m14:47:45.786891 [debug] [MainThread]: Acquiring new duckdb connection 'master'
[0m14:47:45.790816 [debug] [ThreadPool]: Acquiring new duckdb connection 'list_nyc_parking_violations_main'
[0m14:47:45.799778 [debug] [ThreadPool]: Using duckdb connection "list_nyc_parking_violations_main"
[0m14:47:45.800872 [debug] [ThreadPool]: On list_nyc_parking_violations_main: BEGIN
[0m14:47:45.801872 [debug] [ThreadPool]: Opening a new connection, currently in state init
[0m14:47:45.816268 [debug] [ThreadPool]: SQL status: OK in 0.0 seconds
[0m14:47:45.817286 [debug] [ThreadPool]: Using duckdb connection "list_nyc_parking_violations_main"
[0m14:47:45.818358 [debug] [ThreadPool]: On list_nyc_parking_violations_main: /* {"app": "dbt", "dbt_version": "1.6.1", "profile_name": "nyc_parking_violations", "target_name": "dev", "connection_name": "list_nyc_parking_violations_main"} */
select
      'nyc_parking_violations' as database,
      table_name as name,
      table_schema as schema,
      CASE table_type
        WHEN 'BASE TABLE' THEN 'table'
        WHEN 'VIEW' THEN 'view'
        WHEN 'LOCAL TEMPORARY' THEN 'table'
        END as type
    from system.information_schema.tables
    where table_schema = 'main'
    and table_catalog = 'nyc_parking_violations'
  
[0m14:47:45.826810 [debug] [ThreadPool]: SQL status: OK in 0.0 seconds
[0m14:47:45.832695 [debug] [ThreadPool]: On list_nyc_parking_violations_main: ROLLBACK
[0m14:47:45.833791 [debug] [ThreadPool]: Failed to rollback 'list_nyc_parking_violations_main'
[0m14:47:45.834782 [debug] [ThreadPool]: On list_nyc_parking_violations_main: Close
[0m14:47:45.836694 [debug] [MainThread]: Sending event: {'category': 'dbt', 'action': 'runnable_timing', 'label': '239bc9a4-26e8-4fda-998a-10aaeb1b7608', 'context': [<snowplow_tracker.self_describing_json.SelfDescribingJson object at 0x000002D58A556A40>]}
[0m14:47:45.836694 [info ] [MainThread]: Concurrency: 1 threads (target='dev')
[0m14:47:45.836694 [info ] [MainThread]: 
[0m14:47:45.836694 [debug] [Thread-1 (]: Began running node model.nyc_parking_violations.bronze_parking_violation_codes
[0m14:47:45.848001 [debug] [Thread-1 (]: Acquiring new duckdb connection 'model.nyc_parking_violations.bronze_parking_violation_codes'
[0m14:47:45.849103 [debug] [Thread-1 (]: Began compiling node model.nyc_parking_violations.bronze_parking_violation_codes
[0m14:47:45.854699 [debug] [Thread-1 (]: Writing injected SQL for node "model.nyc_parking_violations.bronze_parking_violation_codes"
[0m14:47:45.855771 [debug] [Thread-1 (]: Timing info for model.nyc_parking_violations.bronze_parking_violation_codes (compile): 14:47:45.849103 => 14:47:45.855771
[0m14:47:45.855771 [debug] [Thread-1 (]: Began executing node model.nyc_parking_violations.bronze_parking_violation_codes
[0m14:47:45.855771 [debug] [Thread-1 (]: Timing info for model.nyc_parking_violations.bronze_parking_violation_codes (execute): 14:47:45.855771 => 14:47:45.855771
[0m14:47:45.855771 [debug] [Thread-1 (]: Finished running node model.nyc_parking_violations.bronze_parking_violation_codes
[0m14:47:45.855771 [debug] [Thread-1 (]: Began running node model.nyc_parking_violations.bronze_parking_violations
[0m14:47:45.855771 [debug] [Thread-1 (]: Re-using an available connection from the pool (formerly model.nyc_parking_violations.bronze_parking_violation_codes, now model.nyc_parking_violations.bronze_parking_violations)
[0m14:47:45.855771 [debug] [Thread-1 (]: Began compiling node model.nyc_parking_violations.bronze_parking_violations
[0m14:47:45.855771 [debug] [Thread-1 (]: Writing injected SQL for node "model.nyc_parking_violations.bronze_parking_violations"
[0m14:47:45.855771 [debug] [Thread-1 (]: Timing info for model.nyc_parking_violations.bronze_parking_violations (compile): 14:47:45.855771 => 14:47:45.855771
[0m14:47:45.855771 [debug] [Thread-1 (]: Began executing node model.nyc_parking_violations.bronze_parking_violations
[0m14:47:45.855771 [debug] [Thread-1 (]: Timing info for model.nyc_parking_violations.bronze_parking_violations (execute): 14:47:45.855771 => 14:47:45.855771
[0m14:47:45.865800 [debug] [Thread-1 (]: Finished running node model.nyc_parking_violations.bronze_parking_violations
[0m14:47:45.866800 [debug] [Thread-1 (]: Began running node model.nyc_parking_violations.first_model
[0m14:47:45.867801 [debug] [Thread-1 (]: Re-using an available connection from the pool (formerly model.nyc_parking_violations.bronze_parking_violations, now model.nyc_parking_violations.first_model)
[0m14:47:45.868799 [debug] [Thread-1 (]: Began compiling node model.nyc_parking_violations.first_model
[0m14:47:45.870799 [debug] [Thread-1 (]: Writing injected SQL for node "model.nyc_parking_violations.first_model"
[0m14:47:45.872167 [debug] [Thread-1 (]: Timing info for model.nyc_parking_violations.first_model (compile): 14:47:45.868799 => 14:47:45.872167
[0m14:47:45.872167 [debug] [Thread-1 (]: Finished running node model.nyc_parking_violations.first_model
[0m14:47:45.872167 [debug] [Thread-1 (]: Began running node model.nyc_parking_violations.silver_parking_violation_codes
[0m14:47:45.872167 [debug] [Thread-1 (]: Re-using an available connection from the pool (formerly model.nyc_parking_violations.first_model, now model.nyc_parking_violations.silver_parking_violation_codes)
[0m14:47:45.872167 [debug] [Thread-1 (]: Began compiling node model.nyc_parking_violations.silver_parking_violation_codes
[0m14:47:45.872167 [debug] [Thread-1 (]: Writing injected SQL for node "model.nyc_parking_violations.silver_parking_violation_codes"
[0m14:47:45.872167 [debug] [Thread-1 (]: Timing info for model.nyc_parking_violations.silver_parking_violation_codes (compile): 14:47:45.872167 => 14:47:45.872167
[0m14:47:45.872167 [debug] [Thread-1 (]: Finished running node model.nyc_parking_violations.silver_parking_violation_codes
[0m14:47:45.882565 [debug] [Thread-1 (]: Began running node model.nyc_parking_violations.silver_parking_violations
[0m14:47:45.883513 [debug] [Thread-1 (]: Re-using an available connection from the pool (formerly model.nyc_parking_violations.silver_parking_violation_codes, now model.nyc_parking_violations.silver_parking_violations)
[0m14:47:45.883513 [debug] [Thread-1 (]: Began compiling node model.nyc_parking_violations.silver_parking_violations
[0m14:47:45.885662 [debug] [Thread-1 (]: Writing injected SQL for node "model.nyc_parking_violations.silver_parking_violations"
[0m14:47:45.887609 [debug] [Thread-1 (]: Timing info for model.nyc_parking_violations.silver_parking_violations (compile): 14:47:45.884664 => 14:47:45.887609
[0m14:47:45.888656 [debug] [Thread-1 (]: Finished running node model.nyc_parking_violations.silver_parking_violations
[0m14:47:45.888656 [debug] [Thread-1 (]: Began running node model.nyc_parking_violations.ref_model
[0m14:47:45.888656 [debug] [Thread-1 (]: Re-using an available connection from the pool (formerly model.nyc_parking_violations.silver_parking_violations, now model.nyc_parking_violations.ref_model)
[0m14:47:45.888656 [debug] [Thread-1 (]: Began compiling node model.nyc_parking_violations.ref_model
[0m14:47:45.888656 [debug] [Thread-1 (]: Writing injected SQL for node "model.nyc_parking_violations.ref_model"
[0m14:47:45.888656 [debug] [Thread-1 (]: Timing info for model.nyc_parking_violations.ref_model (compile): 14:47:45.888656 => 14:47:45.888656
[0m14:47:45.888656 [debug] [Thread-1 (]: Finished running node model.nyc_parking_violations.ref_model
[0m14:47:45.888656 [debug] [Thread-1 (]: Began running node model.nyc_parking_violations.silver_violation_tickets
[0m14:47:45.888656 [debug] [Thread-1 (]: Re-using an available connection from the pool (formerly model.nyc_parking_violations.ref_model, now model.nyc_parking_violations.silver_violation_tickets)
[0m14:47:45.888656 [debug] [Thread-1 (]: Began compiling node model.nyc_parking_violations.silver_violation_tickets
[0m14:47:45.906123 [debug] [Thread-1 (]: Writing injected SQL for node "model.nyc_parking_violations.silver_violation_tickets"
[0m14:47:45.906673 [debug] [Thread-1 (]: Timing info for model.nyc_parking_violations.silver_violation_tickets (compile): 14:47:45.888656 => 14:47:45.906673
[0m14:47:45.906673 [debug] [Thread-1 (]: Began executing node model.nyc_parking_violations.silver_violation_tickets
[0m14:47:45.906673 [debug] [Thread-1 (]: Timing info for model.nyc_parking_violations.silver_violation_tickets (execute): 14:47:45.906673 => 14:47:45.906673
[0m14:47:45.906673 [debug] [Thread-1 (]: Finished running node model.nyc_parking_violations.silver_violation_tickets
[0m14:47:45.906673 [debug] [Thread-1 (]: Began running node model.nyc_parking_violations.silver_violation_vehicles
[0m14:47:45.906673 [debug] [Thread-1 (]: Re-using an available connection from the pool (formerly model.nyc_parking_violations.silver_violation_tickets, now model.nyc_parking_violations.silver_violation_vehicles)
[0m14:47:45.906673 [debug] [Thread-1 (]: Began compiling node model.nyc_parking_violations.silver_violation_vehicles
[0m14:47:45.916257 [debug] [Thread-1 (]: Writing injected SQL for node "model.nyc_parking_violations.silver_violation_vehicles"
[0m14:47:45.916257 [debug] [Thread-1 (]: Timing info for model.nyc_parking_violations.silver_violation_vehicles (compile): 14:47:45.906673 => 14:47:45.916257
[0m14:47:45.916257 [debug] [Thread-1 (]: Began executing node model.nyc_parking_violations.silver_violation_vehicles
[0m14:47:45.916257 [debug] [Thread-1 (]: Timing info for model.nyc_parking_violations.silver_violation_vehicles (execute): 14:47:45.916257 => 14:47:45.916257
[0m14:47:45.916257 [debug] [Thread-1 (]: Finished running node model.nyc_parking_violations.silver_violation_vehicles
[0m14:47:45.916257 [debug] [Thread-1 (]: Began running node model.nyc_parking_violations.gold_ticket_metrics
[0m14:47:45.916257 [debug] [Thread-1 (]: Re-using an available connection from the pool (formerly model.nyc_parking_violations.silver_violation_vehicles, now model.nyc_parking_violations.gold_ticket_metrics)
[0m14:47:45.916257 [debug] [Thread-1 (]: Began compiling node model.nyc_parking_violations.gold_ticket_metrics
[0m14:47:45.925088 [debug] [Thread-1 (]: Writing injected SQL for node "model.nyc_parking_violations.gold_ticket_metrics"
[0m14:47:45.925088 [debug] [Thread-1 (]: Timing info for model.nyc_parking_violations.gold_ticket_metrics (compile): 14:47:45.923083 => 14:47:45.925088
[0m14:47:45.925088 [debug] [Thread-1 (]: Began executing node model.nyc_parking_violations.gold_ticket_metrics
[0m14:47:45.925088 [debug] [Thread-1 (]: Timing info for model.nyc_parking_violations.gold_ticket_metrics (execute): 14:47:45.925088 => 14:47:45.925088
[0m14:47:45.925088 [debug] [Thread-1 (]: Finished running node model.nyc_parking_violations.gold_ticket_metrics
[0m14:47:45.925088 [debug] [Thread-1 (]: Began running node model.nyc_parking_violations.gold_vehicles_metrics
[0m14:47:45.925088 [debug] [Thread-1 (]: Re-using an available connection from the pool (formerly model.nyc_parking_violations.gold_ticket_metrics, now model.nyc_parking_violations.gold_vehicles_metrics)
[0m14:47:45.925088 [debug] [Thread-1 (]: Began compiling node model.nyc_parking_violations.gold_vehicles_metrics
[0m14:47:45.933820 [debug] [Thread-1 (]: Writing injected SQL for node "model.nyc_parking_violations.gold_vehicles_metrics"
[0m14:47:45.934820 [debug] [Thread-1 (]: Timing info for model.nyc_parking_violations.gold_vehicles_metrics (compile): 14:47:45.925088 => 14:47:45.934820
[0m14:47:45.935822 [debug] [Thread-1 (]: Began executing node model.nyc_parking_violations.gold_vehicles_metrics
[0m14:47:45.936823 [debug] [Thread-1 (]: Timing info for model.nyc_parking_violations.gold_vehicles_metrics (execute): 14:47:45.935822 => 14:47:45.935822
[0m14:47:45.936823 [debug] [Thread-1 (]: Finished running node model.nyc_parking_violations.gold_vehicles_metrics
[0m14:47:45.938829 [debug] [MainThread]: Connection 'master' was properly closed.
[0m14:47:45.938829 [debug] [MainThread]: Connection 'list_nyc_parking_violations_main' was properly closed.
[0m14:47:45.938829 [debug] [MainThread]: Connection 'model.nyc_parking_violations.gold_vehicles_metrics' was properly closed.
[0m14:47:45.940910 [debug] [MainThread]: Command end result
[0m14:47:45.952606 [debug] [MainThread]: Acquiring new duckdb connection 'generate_catalog'
[0m14:47:45.952606 [info ] [MainThread]: Building catalog
[0m14:47:45.955286 [debug] [ThreadPool]: Acquiring new duckdb connection 'nyc_parking_violations.information_schema'
[0m14:47:45.960291 [debug] [ThreadPool]: Using duckdb connection "nyc_parking_violations.information_schema"
[0m14:47:45.960291 [debug] [ThreadPool]: On nyc_parking_violations.information_schema: BEGIN
[0m14:47:45.960291 [debug] [ThreadPool]: Opening a new connection, currently in state init
[0m14:47:45.972688 [debug] [ThreadPool]: SQL status: OK in 0.0 seconds
[0m14:47:45.972688 [debug] [ThreadPool]: Using duckdb connection "nyc_parking_violations.information_schema"
[0m14:47:45.972688 [debug] [ThreadPool]: On nyc_parking_violations.information_schema: /* {"app": "dbt", "dbt_version": "1.6.1", "profile_name": "nyc_parking_violations", "target_name": "dev", "connection_name": "nyc_parking_violations.information_schema"} */
select
        'nyc_parking_violations' as table_database,
        t.table_schema,
        t.table_name,
        t.table_type,
        '' as table_comment,
        c.column_name,
        c.ordinal_position as column_index,
        c.data_type column_type,
        '' as column_comment,
        '' as table_owner
    FROM information_schema.tables t JOIN information_schema.columns c ON t.table_schema = c.table_schema AND t.table_name = c.table_name
    WHERE (upper(t.table_schema) = upper('main'))
    AND t.table_type IN ('BASE TABLE', 'VIEW')
    ORDER BY
        t.table_schema,
        t.table_name,
        c.ordinal_position
[0m14:47:45.993474 [debug] [ThreadPool]: SQL status: OK in 0.0 seconds
[0m14:47:46.001151 [debug] [ThreadPool]: On nyc_parking_violations.information_schema: ROLLBACK
[0m14:47:46.002062 [debug] [ThreadPool]: Failed to rollback 'nyc_parking_violations.information_schema'
[0m14:47:46.002062 [debug] [ThreadPool]: On nyc_parking_violations.information_schema: Close
[0m14:47:46.017981 [info ] [MainThread]: Catalog written to D:\DBT CORE\nyc_parking_violations\target\catalog.json
[0m14:47:46.018991 [debug] [MainThread]: Command `dbt docs generate` succeeded at 14:47:46.018991 after 0.48 seconds
[0m14:47:46.019897 [debug] [MainThread]: Connection 'generate_catalog' was properly closed.
[0m14:47:46.019897 [debug] [MainThread]: Connection 'nyc_parking_violations.information_schema' was properly closed.
[0m14:47:46.020893 [debug] [MainThread]: Sending event: {'category': 'dbt', 'action': 'invocation', 'label': 'end', 'context': [<snowplow_tracker.self_describing_json.SelfDescribingJson object at 0x000002D58747F4C0>, <snowplow_tracker.self_describing_json.SelfDescribingJson object at 0x000002D58A609540>, <snowplow_tracker.self_describing_json.SelfDescribingJson object at 0x000002D58A609510>]}
[0m14:47:46.021893 [debug] [MainThread]: Flushing usage events
[0m14:47:53.854102 [debug] [MainThread]: Sending event: {'category': 'dbt', 'action': 'invocation', 'label': 'start', 'context': [<snowplow_tracker.self_describing_json.SelfDescribingJson object at 0x0000028468A5F4C0>, <snowplow_tracker.self_describing_json.SelfDescribingJson object at 0x000002846B879E70>, <snowplow_tracker.self_describing_json.SelfDescribingJson object at 0x000002846B879B70>]}


============================== 14:47:53.857232 | 50bb259c-64ca-4f7e-b02b-0b48cf51e10a ==============================
[0m14:47:53.857232 [info ] [MainThread]: Running with dbt=1.6.1
[0m14:47:53.859237 [debug] [MainThread]: running dbt with arguments {'write_json': 'True', 'invocation_command': 'dbt docs serve', 'profiles_dir': 'D:\\DBT CORE\\nyc_parking_violations', 'no_print': 'None', 'printer_width': '80', 'warn_error': 'None', 'log_path': 'D:\\DBT CORE\\nyc_parking_violations\\logs', 'fail_fast': 'False', 'partial_parse': 'True', 'send_anonymous_usage_stats': 'True', 'indirect_selection': 'eager', 'warn_error_options': 'WarnErrorOptions(include=[], exclude=[])', 'static_parser': 'True', 'use_experimental_parser': 'False', 'version_check': 'True', 'introspect': 'True', 'quiet': 'False', 'log_cache_events': 'False', 'debug': 'False', 'log_format': 'default', 'use_colors': 'True', 'cache_selected_only': 'False', 'target_path': 'None'}
[0m14:47:53.976460 [debug] [MainThread]: Sending event: {'category': 'dbt', 'action': 'project_id', 'label': '50bb259c-64ca-4f7e-b02b-0b48cf51e10a', 'context': [<snowplow_tracker.self_describing_json.SelfDescribingJson object at 0x000002846B879F30>]}
[0m14:47:53.992498 [debug] [MainThread]: Sending event: {'category': 'dbt', 'action': 'adapter_info', 'label': '50bb259c-64ca-4f7e-b02b-0b48cf51e10a', 'context': [<snowplow_tracker.self_describing_json.SelfDescribingJson object at 0x000002846B956EC0>]}
[0m15:16:56.316104 [error] [MainThread]: Encountered an error:

[0m15:16:56.319990 [error] [MainThread]: Traceback (most recent call last):
  File "C:\Users\Manjiri\AppData\Local\Programs\Python\Python310\lib\site-packages\dbt\cli\requires.py", line 87, in wrapper
    result, success = func(*args, **kwargs)
  File "C:\Users\Manjiri\AppData\Local\Programs\Python\Python310\lib\site-packages\dbt\cli\requires.py", line 72, in wrapper
    return func(*args, **kwargs)
  File "C:\Users\Manjiri\AppData\Local\Programs\Python\Python310\lib\site-packages\dbt\cli\requires.py", line 143, in wrapper
    return func(*args, **kwargs)
  File "C:\Users\Manjiri\AppData\Local\Programs\Python\Python310\lib\site-packages\dbt\cli\requires.py", line 172, in wrapper
    return func(*args, **kwargs)
  File "C:\Users\Manjiri\AppData\Local\Programs\Python\Python310\lib\site-packages\dbt\cli\requires.py", line 219, in wrapper
    return func(*args, **kwargs)
  File "C:\Users\Manjiri\AppData\Local\Programs\Python\Python310\lib\site-packages\dbt\cli\main.py", line 307, in docs_serve
    results = task.run()
  File "C:\Users\Manjiri\AppData\Local\Programs\Python\Python310\lib\site-packages\dbt\task\serve.py", line 28, in run
    httpd.serve_forever()
  File "C:\Users\Manjiri\AppData\Local\Programs\Python\Python310\lib\socketserver.py", line 232, in serve_forever
    ready = selector.select(poll_interval)
  File "C:\Users\Manjiri\AppData\Local\Programs\Python\Python310\lib\selectors.py", line 324, in select
    r, w, _ = self._select(self._readers, self._writers, [], timeout)
  File "C:\Users\Manjiri\AppData\Local\Programs\Python\Python310\lib\selectors.py", line 315, in _select
    r, w, x = select.select(r, w, w, timeout)
KeyboardInterrupt

[0m15:16:56.319990 [debug] [MainThread]: Command `dbt docs serve` failed at 15:16:56.319990 after 1742.50 seconds
[0m15:16:56.319990 [debug] [MainThread]: Sending event: {'category': 'dbt', 'action': 'invocation', 'label': 'end', 'context': [<snowplow_tracker.self_describing_json.SelfDescribingJson object at 0x0000028468A5F4C0>, <snowplow_tracker.self_describing_json.SelfDescribingJson object at 0x000002846B956770>, <snowplow_tracker.self_describing_json.SelfDescribingJson object at 0x000002846B954F70>]}
[0m15:16:56.319990 [debug] [MainThread]: Flushing usage events
[0m15:17:08.088438 [debug] [MainThread]: Sending event: {'category': 'dbt', 'action': 'invocation', 'label': 'start', 'context': [<snowplow_tracker.self_describing_json.SelfDescribingJson object at 0x0000026B84CAF4C0>, <snowplow_tracker.self_describing_json.SelfDescribingJson object at 0x0000026B87A59F30>, <snowplow_tracker.self_describing_json.SelfDescribingJson object at 0x0000026B87A59C90>]}


============================== 15:17:08.091497 | c25f6c80-1cb5-43da-a9ee-92dd59f1b80a ==============================
[0m15:17:08.091497 [info ] [MainThread]: Running with dbt=1.6.1
[0m15:17:08.092401 [debug] [MainThread]: running dbt with arguments {'profiles_dir': 'D:\\DBT CORE\\nyc_parking_violations', 'no_print': 'None', 'use_colors': 'True', 'write_json': 'True', 'printer_width': '80', 'warn_error': 'None', 'static_parser': 'True', 'partial_parse': 'True', 'log_path': 'D:\\DBT CORE\\nyc_parking_violations\\logs', 'send_anonymous_usage_stats': 'True', 'fail_fast': 'False', 'warn_error_options': 'WarnErrorOptions(include=[], exclude=[])', 'indirect_selection': 'eager', 'version_check': 'True', 'use_experimental_parser': 'False', 'quiet': 'False', 'introspect': 'True', 'log_cache_events': 'False', 'debug': 'False', 'log_format': 'default', 'invocation_command': 'dbt docs generate', 'cache_selected_only': 'False', 'target_path': 'None'}
[0m15:17:08.217213 [debug] [MainThread]: Sending event: {'category': 'dbt', 'action': 'project_id', 'label': 'c25f6c80-1cb5-43da-a9ee-92dd59f1b80a', 'context': [<snowplow_tracker.self_describing_json.SelfDescribingJson object at 0x0000026B87A59FC0>]}
[0m15:17:08.229980 [debug] [MainThread]: Sending event: {'category': 'dbt', 'action': 'adapter_info', 'label': 'c25f6c80-1cb5-43da-a9ee-92dd59f1b80a', 'context': [<snowplow_tracker.self_describing_json.SelfDescribingJson object at 0x0000026B87B3B100>]}
[0m15:17:08.231076 [info ] [MainThread]: Registered adapter: duckdb=1.6.0
[0m15:17:08.239085 [debug] [MainThread]: checksum: efe19d9f5b93d1a98cc804fbfcdb6b3aced98b974af664946fee1cde8837deb7, vars: {}, profile: , target: , version: 1.6.1
[0m15:17:08.305826 [debug] [MainThread]: Partial parsing enabled: 0 files deleted, 0 files added, 0 files changed.
[0m15:17:08.306837 [debug] [MainThread]: Partial parsing enabled, no changes found, skipping parsing
[0m15:17:08.307786 [warn ] [MainThread]: [[33mWARNING[0m]: Configuration paths exist in your dbt_project.yml file which do not apply to any resources.
There are 1 unused configuration paths:
- tests
[0m15:17:08.312491 [debug] [MainThread]: Sending event: {'category': 'dbt', 'action': 'load_project', 'label': 'c25f6c80-1cb5-43da-a9ee-92dd59f1b80a', 'context': [<snowplow_tracker.self_describing_json.SelfDescribingJson object at 0x0000026B87D1C0D0>]}
[0m15:17:08.316686 [debug] [MainThread]: Sending event: {'category': 'dbt', 'action': 'resource_counts', 'label': 'c25f6c80-1cb5-43da-a9ee-92dd59f1b80a', 'context': [<snowplow_tracker.self_describing_json.SelfDescribingJson object at 0x0000026B87CE6350>]}
[0m15:17:08.317781 [info ] [MainThread]: Found 10 models, 0 sources, 0 exposures, 0 metrics, 348 macros, 0 groups, 0 semantic models
[0m15:17:08.318362 [debug] [MainThread]: Sending event: {'category': 'dbt', 'action': 'runnable_timing', 'label': 'c25f6c80-1cb5-43da-a9ee-92dd59f1b80a', 'context': [<snowplow_tracker.self_describing_json.SelfDescribingJson object at 0x0000026B87CE6320>]}
[0m15:17:08.320806 [info ] [MainThread]: 
[0m15:17:08.321722 [debug] [MainThread]: Acquiring new duckdb connection 'master'
[0m15:17:08.323241 [debug] [ThreadPool]: Acquiring new duckdb connection 'list_nyc_parking_violations_main'
[0m15:17:08.331853 [debug] [ThreadPool]: Using duckdb connection "list_nyc_parking_violations_main"
[0m15:17:08.332853 [debug] [ThreadPool]: On list_nyc_parking_violations_main: BEGIN
[0m15:17:08.332853 [debug] [ThreadPool]: Opening a new connection, currently in state init
[0m15:17:08.349927 [debug] [ThreadPool]: SQL status: OK in 0.0 seconds
[0m15:17:08.349927 [debug] [ThreadPool]: Using duckdb connection "list_nyc_parking_violations_main"
[0m15:17:08.350904 [debug] [ThreadPool]: On list_nyc_parking_violations_main: /* {"app": "dbt", "dbt_version": "1.6.1", "profile_name": "nyc_parking_violations", "target_name": "dev", "connection_name": "list_nyc_parking_violations_main"} */
select
      'nyc_parking_violations' as database,
      table_name as name,
      table_schema as schema,
      CASE table_type
        WHEN 'BASE TABLE' THEN 'table'
        WHEN 'VIEW' THEN 'view'
        WHEN 'LOCAL TEMPORARY' THEN 'table'
        END as type
    from system.information_schema.tables
    where table_schema = 'main'
    and table_catalog = 'nyc_parking_violations'
  
[0m15:17:08.365563 [debug] [ThreadPool]: SQL status: OK in 0.0 seconds
[0m15:17:08.366575 [debug] [ThreadPool]: On list_nyc_parking_violations_main: ROLLBACK
[0m15:17:08.368080 [debug] [ThreadPool]: Failed to rollback 'list_nyc_parking_violations_main'
[0m15:17:08.368080 [debug] [ThreadPool]: On list_nyc_parking_violations_main: Close
[0m15:17:08.372374 [debug] [MainThread]: Sending event: {'category': 'dbt', 'action': 'runnable_timing', 'label': 'c25f6c80-1cb5-43da-a9ee-92dd59f1b80a', 'context': [<snowplow_tracker.self_describing_json.SelfDescribingJson object at 0x0000026B87CE6A40>]}
[0m15:17:08.373281 [info ] [MainThread]: Concurrency: 1 threads (target='dev')
[0m15:17:08.374301 [info ] [MainThread]: 
[0m15:17:08.378283 [debug] [Thread-1 (]: Began running node model.nyc_parking_violations.bronze_parking_violation_codes
[0m15:17:08.379569 [debug] [Thread-1 (]: Acquiring new duckdb connection 'model.nyc_parking_violations.bronze_parking_violation_codes'
[0m15:17:08.380663 [debug] [Thread-1 (]: Began compiling node model.nyc_parking_violations.bronze_parking_violation_codes
[0m15:17:08.385698 [debug] [Thread-1 (]: Writing injected SQL for node "model.nyc_parking_violations.bronze_parking_violation_codes"
[0m15:17:08.387575 [debug] [Thread-1 (]: Timing info for model.nyc_parking_violations.bronze_parking_violation_codes (compile): 15:17:08.380663 => 15:17:08.387575
[0m15:17:08.387575 [debug] [Thread-1 (]: Began executing node model.nyc_parking_violations.bronze_parking_violation_codes
[0m15:17:08.388574 [debug] [Thread-1 (]: Timing info for model.nyc_parking_violations.bronze_parking_violation_codes (execute): 15:17:08.388574 => 15:17:08.388574
[0m15:17:08.389576 [debug] [Thread-1 (]: Finished running node model.nyc_parking_violations.bronze_parking_violation_codes
[0m15:17:08.389576 [debug] [Thread-1 (]: Began running node model.nyc_parking_violations.bronze_parking_violations
[0m15:17:08.390623 [debug] [Thread-1 (]: Re-using an available connection from the pool (formerly model.nyc_parking_violations.bronze_parking_violation_codes, now model.nyc_parking_violations.bronze_parking_violations)
[0m15:17:08.391665 [debug] [Thread-1 (]: Began compiling node model.nyc_parking_violations.bronze_parking_violations
[0m15:17:08.392667 [debug] [Thread-1 (]: Writing injected SQL for node "model.nyc_parking_violations.bronze_parking_violations"
[0m15:17:08.394575 [debug] [Thread-1 (]: Timing info for model.nyc_parking_violations.bronze_parking_violations (compile): 15:17:08.391665 => 15:17:08.393688
[0m15:17:08.394575 [debug] [Thread-1 (]: Began executing node model.nyc_parking_violations.bronze_parking_violations
[0m15:17:08.396043 [debug] [Thread-1 (]: Timing info for model.nyc_parking_violations.bronze_parking_violations (execute): 15:17:08.396043 => 15:17:08.396043
[0m15:17:08.397048 [debug] [Thread-1 (]: Finished running node model.nyc_parking_violations.bronze_parking_violations
[0m15:17:08.397048 [debug] [Thread-1 (]: Began running node model.nyc_parking_violations.first_model
[0m15:17:08.398088 [debug] [Thread-1 (]: Re-using an available connection from the pool (formerly model.nyc_parking_violations.bronze_parking_violations, now model.nyc_parking_violations.first_model)
[0m15:17:08.399136 [debug] [Thread-1 (]: Began compiling node model.nyc_parking_violations.first_model
[0m15:17:08.401048 [debug] [Thread-1 (]: Writing injected SQL for node "model.nyc_parking_violations.first_model"
[0m15:17:08.403144 [debug] [Thread-1 (]: Timing info for model.nyc_parking_violations.first_model (compile): 15:17:08.399136 => 15:17:08.402050
[0m15:17:08.404142 [debug] [Thread-1 (]: Finished running node model.nyc_parking_violations.first_model
[0m15:17:08.405140 [debug] [Thread-1 (]: Began running node model.nyc_parking_violations.silver_parking_violation_codes
[0m15:17:08.405140 [debug] [Thread-1 (]: Re-using an available connection from the pool (formerly model.nyc_parking_violations.first_model, now model.nyc_parking_violations.silver_parking_violation_codes)
[0m15:17:08.406499 [debug] [Thread-1 (]: Began compiling node model.nyc_parking_violations.silver_parking_violation_codes
[0m15:17:08.409506 [debug] [Thread-1 (]: Writing injected SQL for node "model.nyc_parking_violations.silver_parking_violation_codes"
[0m15:17:08.410549 [debug] [Thread-1 (]: Timing info for model.nyc_parking_violations.silver_parking_violation_codes (compile): 15:17:08.406499 => 15:17:08.410549
[0m15:17:08.412425 [debug] [Thread-1 (]: Finished running node model.nyc_parking_violations.silver_parking_violation_codes
[0m15:17:08.412425 [debug] [Thread-1 (]: Began running node model.nyc_parking_violations.silver_parking_violations
[0m15:17:08.412425 [debug] [Thread-1 (]: Re-using an available connection from the pool (formerly model.nyc_parking_violations.silver_parking_violation_codes, now model.nyc_parking_violations.silver_parking_violations)
[0m15:17:08.412425 [debug] [Thread-1 (]: Began compiling node model.nyc_parking_violations.silver_parking_violations
[0m15:17:08.412425 [debug] [Thread-1 (]: Writing injected SQL for node "model.nyc_parking_violations.silver_parking_violations"
[0m15:17:08.412425 [debug] [Thread-1 (]: Timing info for model.nyc_parking_violations.silver_parking_violations (compile): 15:17:08.412425 => 15:17:08.412425
[0m15:17:08.412425 [debug] [Thread-1 (]: Finished running node model.nyc_parking_violations.silver_parking_violations
[0m15:17:08.420625 [debug] [Thread-1 (]: Began running node model.nyc_parking_violations.ref_model
[0m15:17:08.420625 [debug] [Thread-1 (]: Re-using an available connection from the pool (formerly model.nyc_parking_violations.silver_parking_violations, now model.nyc_parking_violations.ref_model)
[0m15:17:08.420625 [debug] [Thread-1 (]: Began compiling node model.nyc_parking_violations.ref_model
[0m15:17:08.423209 [debug] [Thread-1 (]: Writing injected SQL for node "model.nyc_parking_violations.ref_model"
[0m15:17:08.425214 [debug] [Thread-1 (]: Timing info for model.nyc_parking_violations.ref_model (compile): 15:17:08.420625 => 15:17:08.425214
[0m15:17:08.425214 [debug] [Thread-1 (]: Finished running node model.nyc_parking_violations.ref_model
[0m15:17:08.427218 [debug] [Thread-1 (]: Began running node model.nyc_parking_violations.silver_violation_tickets
[0m15:17:08.427218 [debug] [Thread-1 (]: Re-using an available connection from the pool (formerly model.nyc_parking_violations.ref_model, now model.nyc_parking_violations.silver_violation_tickets)
[0m15:17:08.428754 [debug] [Thread-1 (]: Began compiling node model.nyc_parking_violations.silver_violation_tickets
[0m15:17:08.434860 [debug] [Thread-1 (]: Writing injected SQL for node "model.nyc_parking_violations.silver_violation_tickets"
[0m15:17:08.437760 [debug] [Thread-1 (]: Timing info for model.nyc_parking_violations.silver_violation_tickets (compile): 15:17:08.429763 => 15:17:08.436834
[0m15:17:08.437760 [debug] [Thread-1 (]: Began executing node model.nyc_parking_violations.silver_violation_tickets
[0m15:17:08.438759 [debug] [Thread-1 (]: Timing info for model.nyc_parking_violations.silver_violation_tickets (execute): 15:17:08.437760 => 15:17:08.437760
[0m15:17:08.438759 [debug] [Thread-1 (]: Finished running node model.nyc_parking_violations.silver_violation_tickets
[0m15:17:08.439760 [debug] [Thread-1 (]: Began running node model.nyc_parking_violations.silver_violation_vehicles
[0m15:17:08.440826 [debug] [Thread-1 (]: Re-using an available connection from the pool (formerly model.nyc_parking_violations.silver_violation_tickets, now model.nyc_parking_violations.silver_violation_vehicles)
[0m15:17:08.440826 [debug] [Thread-1 (]: Began compiling node model.nyc_parking_violations.silver_violation_vehicles
[0m15:17:08.444830 [debug] [Thread-1 (]: Writing injected SQL for node "model.nyc_parking_violations.silver_violation_vehicles"
[0m15:17:08.445932 [debug] [Thread-1 (]: Timing info for model.nyc_parking_violations.silver_violation_vehicles (compile): 15:17:08.441832 => 15:17:08.445932
[0m15:17:08.445932 [debug] [Thread-1 (]: Began executing node model.nyc_parking_violations.silver_violation_vehicles
[0m15:17:08.445932 [debug] [Thread-1 (]: Timing info for model.nyc_parking_violations.silver_violation_vehicles (execute): 15:17:08.445932 => 15:17:08.445932
[0m15:17:08.445932 [debug] [Thread-1 (]: Finished running node model.nyc_parking_violations.silver_violation_vehicles
[0m15:17:08.445932 [debug] [Thread-1 (]: Began running node model.nyc_parking_violations.gold_ticket_metrics
[0m15:17:08.445932 [debug] [Thread-1 (]: Re-using an available connection from the pool (formerly model.nyc_parking_violations.silver_violation_vehicles, now model.nyc_parking_violations.gold_ticket_metrics)
[0m15:17:08.445932 [debug] [Thread-1 (]: Began compiling node model.nyc_parking_violations.gold_ticket_metrics
[0m15:17:08.452345 [debug] [Thread-1 (]: Writing injected SQL for node "model.nyc_parking_violations.gold_ticket_metrics"
[0m15:17:08.454351 [debug] [Thread-1 (]: Timing info for model.nyc_parking_violations.gold_ticket_metrics (compile): 15:17:08.445932 => 15:17:08.454351
[0m15:17:08.454351 [debug] [Thread-1 (]: Began executing node model.nyc_parking_violations.gold_ticket_metrics
[0m15:17:08.454351 [debug] [Thread-1 (]: Timing info for model.nyc_parking_violations.gold_ticket_metrics (execute): 15:17:08.454351 => 15:17:08.454351
[0m15:17:08.454351 [debug] [Thread-1 (]: Finished running node model.nyc_parking_violations.gold_ticket_metrics
[0m15:17:08.454351 [debug] [Thread-1 (]: Began running node model.nyc_parking_violations.gold_vehicles_metrics
[0m15:17:08.454351 [debug] [Thread-1 (]: Re-using an available connection from the pool (formerly model.nyc_parking_violations.gold_ticket_metrics, now model.nyc_parking_violations.gold_vehicles_metrics)
[0m15:17:08.454351 [debug] [Thread-1 (]: Began compiling node model.nyc_parking_violations.gold_vehicles_metrics
[0m15:17:08.460715 [debug] [Thread-1 (]: Writing injected SQL for node "model.nyc_parking_violations.gold_vehicles_metrics"
[0m15:17:08.463036 [debug] [Thread-1 (]: Timing info for model.nyc_parking_violations.gold_vehicles_metrics (compile): 15:17:08.454351 => 15:17:08.463036
[0m15:17:08.464225 [debug] [Thread-1 (]: Began executing node model.nyc_parking_violations.gold_vehicles_metrics
[0m15:17:08.464225 [debug] [Thread-1 (]: Timing info for model.nyc_parking_violations.gold_vehicles_metrics (execute): 15:17:08.464225 => 15:17:08.464225
[0m15:17:08.465219 [debug] [Thread-1 (]: Finished running node model.nyc_parking_violations.gold_vehicles_metrics
[0m15:17:08.467135 [debug] [MainThread]: Connection 'master' was properly closed.
[0m15:17:08.467135 [debug] [MainThread]: Connection 'list_nyc_parking_violations_main' was properly closed.
[0m15:17:08.467135 [debug] [MainThread]: Connection 'model.nyc_parking_violations.gold_vehicles_metrics' was properly closed.
[0m15:17:08.468856 [debug] [MainThread]: Command end result
[0m15:17:08.481861 [debug] [MainThread]: Acquiring new duckdb connection 'generate_catalog'
[0m15:17:08.481861 [info ] [MainThread]: Building catalog
[0m15:17:08.484779 [debug] [ThreadPool]: Acquiring new duckdb connection 'nyc_parking_violations.information_schema'
[0m15:17:08.489784 [debug] [ThreadPool]: Using duckdb connection "nyc_parking_violations.information_schema"
[0m15:17:08.489784 [debug] [ThreadPool]: On nyc_parking_violations.information_schema: BEGIN
[0m15:17:08.489784 [debug] [ThreadPool]: Opening a new connection, currently in state init
[0m15:17:08.504356 [debug] [ThreadPool]: SQL status: OK in 0.0 seconds
[0m15:17:08.504356 [debug] [ThreadPool]: Using duckdb connection "nyc_parking_violations.information_schema"
[0m15:17:08.505497 [debug] [ThreadPool]: On nyc_parking_violations.information_schema: /* {"app": "dbt", "dbt_version": "1.6.1", "profile_name": "nyc_parking_violations", "target_name": "dev", "connection_name": "nyc_parking_violations.information_schema"} */
select
        'nyc_parking_violations' as table_database,
        t.table_schema,
        t.table_name,
        t.table_type,
        '' as table_comment,
        c.column_name,
        c.ordinal_position as column_index,
        c.data_type column_type,
        '' as column_comment,
        '' as table_owner
    FROM information_schema.tables t JOIN information_schema.columns c ON t.table_schema = c.table_schema AND t.table_name = c.table_name
    WHERE (upper(t.table_schema) = upper('main'))
    AND t.table_type IN ('BASE TABLE', 'VIEW')
    ORDER BY
        t.table_schema,
        t.table_name,
        c.ordinal_position
[0m15:17:08.522566 [debug] [ThreadPool]: SQL status: OK in 0.0 seconds
[0m15:17:08.531615 [debug] [ThreadPool]: On nyc_parking_violations.information_schema: ROLLBACK
[0m15:17:08.531615 [debug] [ThreadPool]: Failed to rollback 'nyc_parking_violations.information_schema'
[0m15:17:08.532617 [debug] [ThreadPool]: On nyc_parking_violations.information_schema: Close
[0m15:17:08.549252 [info ] [MainThread]: Catalog written to D:\DBT CORE\nyc_parking_violations\target\catalog.json
[0m15:17:08.549956 [debug] [MainThread]: Command `dbt docs generate` succeeded at 15:17:08.549956 after 0.49 seconds
[0m15:17:08.551051 [debug] [MainThread]: Connection 'generate_catalog' was properly closed.
[0m15:17:08.551051 [debug] [MainThread]: Connection 'nyc_parking_violations.information_schema' was properly closed.
[0m15:17:08.551963 [debug] [MainThread]: Sending event: {'category': 'dbt', 'action': 'invocation', 'label': 'end', 'context': [<snowplow_tracker.self_describing_json.SelfDescribingJson object at 0x0000026B84CAF4C0>, <snowplow_tracker.self_describing_json.SelfDescribingJson object at 0x0000026B87B3B100>, <snowplow_tracker.self_describing_json.SelfDescribingJson object at 0x0000026B87DA23B0>]}
[0m15:17:08.551963 [debug] [MainThread]: Flushing usage events
[0m15:17:17.112767 [debug] [MainThread]: Sending event: {'category': 'dbt', 'action': 'invocation', 'label': 'start', 'context': [<snowplow_tracker.self_describing_json.SelfDescribingJson object at 0x0000025E2EABFFD0>, <snowplow_tracker.self_describing_json.SelfDescribingJson object at 0x0000025E31909D20>, <snowplow_tracker.self_describing_json.SelfDescribingJson object at 0x0000025E31909A20>]}


============================== 15:17:17.119488 | 54ea7af2-5f38-42ab-bf62-adfee558689e ==============================
[0m15:17:17.119488 [info ] [MainThread]: Running with dbt=1.6.1
[0m15:17:17.119488 [debug] [MainThread]: running dbt with arguments {'log_format': 'default', 'printer_width': '80', 'target_path': 'None', 'profiles_dir': 'D:\\DBT CORE\\nyc_parking_violations', 'use_colors': 'True', 'warn_error': 'None', 'indirect_selection': 'eager', 'fail_fast': 'False', 'log_path': 'D:\\DBT CORE\\nyc_parking_violations\\logs', 'send_anonymous_usage_stats': 'True', 'static_parser': 'True', 'warn_error_options': 'WarnErrorOptions(include=[], exclude=[])', 'partial_parse': 'True', 'version_check': 'True', 'use_experimental_parser': 'False', 'quiet': 'False', 'introspect': 'True', 'log_cache_events': 'False', 'debug': 'False', 'no_print': 'None', 'invocation_command': 'dbt docs serve', 'cache_selected_only': 'False', 'write_json': 'True'}
[0m15:17:17.250695 [debug] [MainThread]: Sending event: {'category': 'dbt', 'action': 'project_id', 'label': '54ea7af2-5f38-42ab-bf62-adfee558689e', 'context': [<snowplow_tracker.self_describing_json.SelfDescribingJson object at 0x0000025E31909DE0>]}
[0m15:17:17.268010 [debug] [MainThread]: Sending event: {'category': 'dbt', 'action': 'adapter_info', 'label': '54ea7af2-5f38-42ab-bf62-adfee558689e', 'context': [<snowplow_tracker.self_describing_json.SelfDescribingJson object at 0x0000025E319EAC50>]}
[0m15:19:50.007202 [error] [MainThread]: Encountered an error:

[0m15:19:50.007202 [error] [MainThread]: Traceback (most recent call last):
  File "C:\Users\Manjiri\AppData\Local\Programs\Python\Python310\lib\site-packages\dbt\cli\requires.py", line 87, in wrapper
    result, success = func(*args, **kwargs)
  File "C:\Users\Manjiri\AppData\Local\Programs\Python\Python310\lib\site-packages\dbt\cli\requires.py", line 72, in wrapper
    return func(*args, **kwargs)
  File "C:\Users\Manjiri\AppData\Local\Programs\Python\Python310\lib\site-packages\dbt\cli\requires.py", line 143, in wrapper
    return func(*args, **kwargs)
  File "C:\Users\Manjiri\AppData\Local\Programs\Python\Python310\lib\site-packages\dbt\cli\requires.py", line 172, in wrapper
    return func(*args, **kwargs)
  File "C:\Users\Manjiri\AppData\Local\Programs\Python\Python310\lib\site-packages\dbt\cli\requires.py", line 219, in wrapper
    return func(*args, **kwargs)
  File "C:\Users\Manjiri\AppData\Local\Programs\Python\Python310\lib\site-packages\dbt\cli\main.py", line 307, in docs_serve
    results = task.run()
  File "C:\Users\Manjiri\AppData\Local\Programs\Python\Python310\lib\site-packages\dbt\task\serve.py", line 28, in run
    httpd.serve_forever()
  File "C:\Users\Manjiri\AppData\Local\Programs\Python\Python310\lib\socketserver.py", line 232, in serve_forever
    ready = selector.select(poll_interval)
  File "C:\Users\Manjiri\AppData\Local\Programs\Python\Python310\lib\selectors.py", line 324, in select
    r, w, _ = self._select(self._readers, self._writers, [], timeout)
  File "C:\Users\Manjiri\AppData\Local\Programs\Python\Python310\lib\selectors.py", line 315, in _select
    r, w, x = select.select(r, w, w, timeout)
KeyboardInterrupt

[0m15:19:50.007202 [debug] [MainThread]: Command `dbt docs serve` failed at 15:19:50.007202 after 152.93 seconds
[0m15:19:50.013025 [debug] [MainThread]: Sending event: {'category': 'dbt', 'action': 'invocation', 'label': 'end', 'context': [<snowplow_tracker.self_describing_json.SelfDescribingJson object at 0x0000025E2EABFFD0>, <snowplow_tracker.self_describing_json.SelfDescribingJson object at 0x0000025E319EA500>, <snowplow_tracker.self_describing_json.SelfDescribingJson object at 0x0000025E319E8700>]}
[0m15:19:50.013025 [debug] [MainThread]: Flushing usage events
[0m15:34:56.678732 [debug] [MainThread]: Sending event: {'category': 'dbt', 'action': 'invocation', 'label': 'start', 'context': [<snowplow_tracker.self_describing_json.SelfDescribingJson object at 0x00000278B65CF4F0>, <snowplow_tracker.self_describing_json.SelfDescribingJson object at 0x00000278B93A9D80>, <snowplow_tracker.self_describing_json.SelfDescribingJson object at 0x00000278B93A8850>]}


============================== 15:34:56.682236 | c383f0b7-385e-4bf4-a0bf-f2243907fd50 ==============================
[0m15:34:56.682236 [info ] [MainThread]: Running with dbt=1.6.1
[0m15:34:56.683243 [debug] [MainThread]: running dbt with arguments {'cache_selected_only': 'False', 'no_print': 'None', 'write_json': 'True', 'log_format': 'default', 'invocation_command': 'dbt test', 'warn_error': 'None', 'indirect_selection': 'eager', 'partial_parse': 'True', 'static_parser': 'True', 'send_anonymous_usage_stats': 'True', 'fail_fast': 'False', 'warn_error_options': 'WarnErrorOptions(include=[], exclude=[])', 'log_path': 'D:\\DBT CORE\\nyc_parking_violations\\logs', 'use_experimental_parser': 'False', 'version_check': 'True', 'quiet': 'False', 'introspect': 'True', 'log_cache_events': 'False', 'debug': 'False', 'profiles_dir': 'D:\\DBT CORE\\nyc_parking_violations', 'use_colors': 'True', 'printer_width': '80', 'target_path': 'None'}
[0m15:34:56.834829 [debug] [MainThread]: Sending event: {'category': 'dbt', 'action': 'project_id', 'label': 'c383f0b7-385e-4bf4-a0bf-f2243907fd50', 'context': [<snowplow_tracker.self_describing_json.SelfDescribingJson object at 0x00000278B93A9F00>]}
[0m15:34:56.850301 [debug] [MainThread]: Sending event: {'category': 'dbt', 'action': 'adapter_info', 'label': 'c383f0b7-385e-4bf4-a0bf-f2243907fd50', 'context': [<snowplow_tracker.self_describing_json.SelfDescribingJson object at 0x00000278B948ADA0>]}
[0m15:34:56.852811 [info ] [MainThread]: Registered adapter: duckdb=1.6.0
[0m15:34:56.864379 [debug] [MainThread]: checksum: efe19d9f5b93d1a98cc804fbfcdb6b3aced98b974af664946fee1cde8837deb7, vars: {}, profile: , target: , version: 1.6.1
[0m15:34:56.952594 [debug] [MainThread]: Partial parsing enabled: 0 files deleted, 3 files added, 0 files changed.
[0m15:34:56.953604 [debug] [MainThread]: Partial parsing: added file: nyc_parking_violations://tests\violation_codes_revenue.sql
[0m15:34:56.954630 [debug] [MainThread]: Partial parsing: added file: nyc_parking_violations://models\docs\schema.yml
[0m15:34:56.956130 [debug] [MainThread]: Partial parsing: added file: nyc_parking_violations://models\docs\docs_block.md
[0m15:34:57.092008 [debug] [MainThread]: Sending event: {'category': 'dbt', 'action': 'load_project', 'label': 'c383f0b7-385e-4bf4-a0bf-f2243907fd50', 'context': [<snowplow_tracker.self_describing_json.SelfDescribingJson object at 0x00000278B978FFD0>]}
[0m15:34:57.108529 [debug] [MainThread]: Sending event: {'category': 'dbt', 'action': 'resource_counts', 'label': 'c383f0b7-385e-4bf4-a0bf-f2243907fd50', 'context': [<snowplow_tracker.self_describing_json.SelfDescribingJson object at 0x00000278B9626FB0>]}
[0m15:34:57.109426 [info ] [MainThread]: Found 10 models, 4 tests, 0 sources, 0 exposures, 0 metrics, 348 macros, 0 groups, 0 semantic models
[0m15:34:57.109426 [debug] [MainThread]: Sending event: {'category': 'dbt', 'action': 'runnable_timing', 'label': 'c383f0b7-385e-4bf4-a0bf-f2243907fd50', 'context': [<snowplow_tracker.self_describing_json.SelfDescribingJson object at 0x00000278B9626EF0>]}
[0m15:34:57.112942 [info ] [MainThread]: 
[0m15:34:57.113940 [debug] [MainThread]: Acquiring new duckdb connection 'master'
[0m15:34:57.114988 [debug] [ThreadPool]: Acquiring new duckdb connection 'list_nyc_parking_violations'
[0m15:34:57.126926 [debug] [ThreadPool]: Using duckdb connection "list_nyc_parking_violations"
[0m15:34:57.127843 [debug] [ThreadPool]: On list_nyc_parking_violations: /* {"app": "dbt", "dbt_version": "1.6.1", "profile_name": "nyc_parking_violations", "target_name": "dev", "connection_name": "list_nyc_parking_violations"} */

    
    select schema_name
    from system.information_schema.schemata
    
    where catalog_name = '"nyc_parking_violations"'
    
  
  
[0m15:34:57.128839 [debug] [ThreadPool]: Opening a new connection, currently in state init
[0m15:34:57.144767 [debug] [ThreadPool]: SQL status: OK in 0.0 seconds
[0m15:34:57.144767 [debug] [ThreadPool]: On list_nyc_parking_violations: Close
[0m15:34:57.153761 [debug] [ThreadPool]: Re-using an available connection from the pool (formerly list_nyc_parking_violations, now create_nyc_parking_violations_main_dbt_test__audit)
[0m15:34:57.155773 [debug] [ThreadPool]: Creating schema "database: "nyc_parking_violations"
schema: "main_dbt_test__audit"
"
[0m15:34:57.162004 [debug] [ThreadPool]: Using duckdb connection "create_nyc_parking_violations_main_dbt_test__audit"
[0m15:34:57.162004 [debug] [ThreadPool]: On create_nyc_parking_violations_main_dbt_test__audit: BEGIN
[0m15:34:57.162004 [debug] [ThreadPool]: Opening a new connection, currently in state closed
[0m15:34:57.183052 [debug] [ThreadPool]: SQL status: OK in 0.0 seconds
[0m15:34:57.184064 [debug] [ThreadPool]: Using duckdb connection "create_nyc_parking_violations_main_dbt_test__audit"
[0m15:34:57.185065 [debug] [ThreadPool]: On create_nyc_parking_violations_main_dbt_test__audit: /* {"app": "dbt", "dbt_version": "1.6.1", "profile_name": "nyc_parking_violations", "target_name": "dev", "connection_name": "create_nyc_parking_violations_main_dbt_test__audit"} */
create schema if not exists "nyc_parking_violations"."main_dbt_test__audit"
[0m15:34:57.188168 [debug] [ThreadPool]: SQL status: OK in 0.0 seconds
[0m15:34:57.189178 [debug] [ThreadPool]: On create_nyc_parking_violations_main_dbt_test__audit: COMMIT
[0m15:34:57.190184 [debug] [ThreadPool]: Using duckdb connection "create_nyc_parking_violations_main_dbt_test__audit"
[0m15:34:57.190184 [debug] [ThreadPool]: On create_nyc_parking_violations_main_dbt_test__audit: COMMIT
[0m15:34:57.195874 [debug] [ThreadPool]: SQL status: OK in 0.0 seconds
[0m15:34:57.196784 [debug] [ThreadPool]: On create_nyc_parking_violations_main_dbt_test__audit: Close
[0m15:34:57.220383 [debug] [ThreadPool]: Acquiring new duckdb connection 'list_nyc_parking_violations_main'
[0m15:34:57.229146 [debug] [ThreadPool]: Using duckdb connection "list_nyc_parking_violations_main"
[0m15:34:57.230191 [debug] [ThreadPool]: On list_nyc_parking_violations_main: BEGIN
[0m15:34:57.230191 [debug] [ThreadPool]: Opening a new connection, currently in state init
[0m15:34:57.241830 [debug] [ThreadPool]: SQL status: OK in 0.0 seconds
[0m15:34:57.241830 [debug] [ThreadPool]: Using duckdb connection "list_nyc_parking_violations_main"
[0m15:34:57.241830 [debug] [ThreadPool]: On list_nyc_parking_violations_main: /* {"app": "dbt", "dbt_version": "1.6.1", "profile_name": "nyc_parking_violations", "target_name": "dev", "connection_name": "list_nyc_parking_violations_main"} */
select
      'nyc_parking_violations' as database,
      table_name as name,
      table_schema as schema,
      CASE table_type
        WHEN 'BASE TABLE' THEN 'table'
        WHEN 'VIEW' THEN 'view'
        WHEN 'LOCAL TEMPORARY' THEN 'table'
        END as type
    from system.information_schema.tables
    where table_schema = 'main'
    and table_catalog = 'nyc_parking_violations'
  
[0m15:34:57.263525 [debug] [ThreadPool]: SQL status: OK in 0.0 seconds
[0m15:34:57.264523 [debug] [ThreadPool]: On list_nyc_parking_violations_main: ROLLBACK
[0m15:34:57.265539 [debug] [ThreadPool]: Failed to rollback 'list_nyc_parking_violations_main'
[0m15:34:57.266438 [debug] [ThreadPool]: On list_nyc_parking_violations_main: Close
[0m15:34:57.271100 [debug] [ThreadPool]: Re-using an available connection from the pool (formerly list_nyc_parking_violations_main, now list_nyc_parking_violations_main_dbt_test__audit)
[0m15:34:57.313576 [debug] [ThreadPool]: Using duckdb connection "list_nyc_parking_violations_main_dbt_test__audit"
[0m15:34:57.314576 [debug] [ThreadPool]: On list_nyc_parking_violations_main_dbt_test__audit: BEGIN
[0m15:34:57.314576 [debug] [ThreadPool]: Opening a new connection, currently in state closed
[0m15:34:57.330938 [debug] [ThreadPool]: SQL status: OK in 0.0 seconds
[0m15:34:57.330938 [debug] [ThreadPool]: Using duckdb connection "list_nyc_parking_violations_main_dbt_test__audit"
[0m15:34:57.331939 [debug] [ThreadPool]: On list_nyc_parking_violations_main_dbt_test__audit: /* {"app": "dbt", "dbt_version": "1.6.1", "profile_name": "nyc_parking_violations", "target_name": "dev", "connection_name": "list_nyc_parking_violations_main_dbt_test__audit"} */
select
      'nyc_parking_violations' as database,
      table_name as name,
      table_schema as schema,
      CASE table_type
        WHEN 'BASE TABLE' THEN 'table'
        WHEN 'VIEW' THEN 'view'
        WHEN 'LOCAL TEMPORARY' THEN 'table'
        END as type
    from system.information_schema.tables
    where table_schema = 'main_dbt_test__audit'
    and table_catalog = 'nyc_parking_violations'
  
[0m15:34:57.352095 [debug] [ThreadPool]: SQL status: OK in 0.0 seconds
[0m15:34:57.354249 [debug] [ThreadPool]: On list_nyc_parking_violations_main_dbt_test__audit: ROLLBACK
[0m15:34:57.356369 [debug] [ThreadPool]: Failed to rollback 'list_nyc_parking_violations_main_dbt_test__audit'
[0m15:34:57.357434 [debug] [ThreadPool]: On list_nyc_parking_violations_main_dbt_test__audit: Close
[0m15:34:57.365043 [debug] [MainThread]: Sending event: {'category': 'dbt', 'action': 'runnable_timing', 'label': 'c383f0b7-385e-4bf4-a0bf-f2243907fd50', 'context': [<snowplow_tracker.self_describing_json.SelfDescribingJson object at 0x00000278B9799960>]}
[0m15:34:57.366049 [debug] [MainThread]: Using duckdb connection "master"
[0m15:34:57.367043 [debug] [MainThread]: On master: BEGIN
[0m15:34:57.368056 [debug] [MainThread]: Opening a new connection, currently in state init
[0m15:34:57.382080 [debug] [MainThread]: SQL status: OK in 0.0 seconds
[0m15:34:57.382080 [debug] [MainThread]: On master: COMMIT
[0m15:34:57.382080 [debug] [MainThread]: Using duckdb connection "master"
[0m15:34:57.382080 [debug] [MainThread]: On master: COMMIT
[0m15:34:57.382080 [debug] [MainThread]: SQL status: OK in 0.0 seconds
[0m15:34:57.386946 [debug] [MainThread]: On master: Close
[0m15:34:57.389957 [info ] [MainThread]: Concurrency: 1 threads (target='dev')
[0m15:34:57.390962 [info ] [MainThread]: 
[0m15:34:57.396700 [debug] [Thread-1 (]: Began running node test.nyc_parking_violations.generic_not_null_bronze_parking_violations_summons_number.e84297fd3d
[0m15:34:57.396700 [info ] [Thread-1 (]: 1 of 4 START test generic_not_null_bronze_parking_violations_summons_number .... [RUN]
[0m15:34:57.398627 [debug] [Thread-1 (]: Acquiring new duckdb connection 'test.nyc_parking_violations.generic_not_null_bronze_parking_violations_summons_number.e84297fd3d'
[0m15:34:57.399674 [debug] [Thread-1 (]: Began compiling node test.nyc_parking_violations.generic_not_null_bronze_parking_violations_summons_number.e84297fd3d
[0m15:34:57.411860 [debug] [Thread-1 (]: Timing info for test.nyc_parking_violations.generic_not_null_bronze_parking_violations_summons_number.e84297fd3d (compile): 15:34:57.399674 => 15:34:57.411860
[0m15:34:57.421600 [debug] [Thread-1 (]: Compilation Error in test generic_not_null_bronze_parking_violations_summons_number (models\docs\schema.yml)
  'test_generic_not_null' is undefined. This can happen when calling a macro that does not exist. Check for typos and/or install package dependencies with "dbt deps".
[0m15:34:57.422811 [error] [Thread-1 (]: 1 of 4 ERROR generic_not_null_bronze_parking_violations_summons_number ......... [[31mERROR[0m in 0.03s]
[0m15:34:57.423908 [debug] [Thread-1 (]: Finished running node test.nyc_parking_violations.generic_not_null_bronze_parking_violations_summons_number.e84297fd3d
[0m15:34:57.424922 [debug] [Thread-1 (]: Began running node test.nyc_parking_violations.not_null_bronze_parking_violations_summons_number.29cef758ac
[0m15:34:57.425919 [info ] [Thread-1 (]: 2 of 4 START test not_null_bronze_parking_violations_summons_number ............ [RUN]
[0m15:34:57.426817 [debug] [Thread-1 (]: Re-using an available connection from the pool (formerly test.nyc_parking_violations.generic_not_null_bronze_parking_violations_summons_number.e84297fd3d, now test.nyc_parking_violations.not_null_bronze_parking_violations_summons_number.29cef758ac)
[0m15:34:57.426817 [debug] [Thread-1 (]: Began compiling node test.nyc_parking_violations.not_null_bronze_parking_violations_summons_number.29cef758ac
[0m15:34:57.434592 [debug] [Thread-1 (]: Writing injected SQL for node "test.nyc_parking_violations.not_null_bronze_parking_violations_summons_number.29cef758ac"
[0m15:34:57.438509 [debug] [Thread-1 (]: Timing info for test.nyc_parking_violations.not_null_bronze_parking_violations_summons_number.29cef758ac (compile): 15:34:57.427914 => 15:34:57.438509
[0m15:34:57.439594 [debug] [Thread-1 (]: Began executing node test.nyc_parking_violations.not_null_bronze_parking_violations_summons_number.29cef758ac
[0m15:34:57.457519 [debug] [Thread-1 (]: Using duckdb connection "test.nyc_parking_violations.not_null_bronze_parking_violations_summons_number.29cef758ac"
[0m15:34:57.458468 [debug] [Thread-1 (]: On test.nyc_parking_violations.not_null_bronze_parking_violations_summons_number.29cef758ac: BEGIN
[0m15:34:57.459517 [debug] [Thread-1 (]: Opening a new connection, currently in state init
[0m15:34:57.477344 [debug] [Thread-1 (]: SQL status: OK in 0.0 seconds
[0m15:34:57.477344 [debug] [Thread-1 (]: Using duckdb connection "test.nyc_parking_violations.not_null_bronze_parking_violations_summons_number.29cef758ac"
[0m15:34:57.478305 [debug] [Thread-1 (]: On test.nyc_parking_violations.not_null_bronze_parking_violations_summons_number.29cef758ac: /* {"app": "dbt", "dbt_version": "1.6.1", "profile_name": "nyc_parking_violations", "target_name": "dev", "node_id": "test.nyc_parking_violations.not_null_bronze_parking_violations_summons_number.29cef758ac"} */

        
  
    
    

    create  table
      "nyc_parking_violations"."main_dbt_test__audit"."not_null_bronze_parking_violations_summons_number"
  
    as (
      
    
    



select *
from "nyc_parking_violations"."main"."bronze_parking_violations"
where summons_number is null



    );
  
  
    
[0m15:34:57.482072 [debug] [Thread-1 (]: SQL status: OK in 0.0 seconds
[0m15:34:57.483167 [debug] [Thread-1 (]: On test.nyc_parking_violations.not_null_bronze_parking_violations_summons_number.29cef758ac: COMMIT
[0m15:34:57.483167 [debug] [Thread-1 (]: Using duckdb connection "test.nyc_parking_violations.not_null_bronze_parking_violations_summons_number.29cef758ac"
[0m15:34:57.484179 [debug] [Thread-1 (]: On test.nyc_parking_violations.not_null_bronze_parking_violations_summons_number.29cef758ac: COMMIT
[0m15:34:57.488899 [debug] [Thread-1 (]: SQL status: OK in 0.0 seconds
[0m15:34:57.493818 [debug] [Thread-1 (]: Writing runtime sql for node "test.nyc_parking_violations.not_null_bronze_parking_violations_summons_number.29cef758ac"
[0m15:34:57.493818 [debug] [Thread-1 (]: Using duckdb connection "test.nyc_parking_violations.not_null_bronze_parking_violations_summons_number.29cef758ac"
[0m15:34:57.493818 [debug] [Thread-1 (]: On test.nyc_parking_violations.not_null_bronze_parking_violations_summons_number.29cef758ac: BEGIN
[0m15:34:57.498296 [debug] [Thread-1 (]: SQL status: OK in 0.0 seconds
[0m15:34:57.498296 [debug] [Thread-1 (]: Using duckdb connection "test.nyc_parking_violations.not_null_bronze_parking_violations_summons_number.29cef758ac"
[0m15:34:57.498296 [debug] [Thread-1 (]: On test.nyc_parking_violations.not_null_bronze_parking_violations_summons_number.29cef758ac: /* {"app": "dbt", "dbt_version": "1.6.1", "profile_name": "nyc_parking_violations", "target_name": "dev", "node_id": "test.nyc_parking_violations.not_null_bronze_parking_violations_summons_number.29cef758ac"} */
select
      count(*) as failures,
      count(*) != 0 as should_warn,
      count(*) != 0 as should_error
    from (
      
        select *
        from "nyc_parking_violations"."main_dbt_test__audit"."not_null_bronze_parking_violations_summons_number"
    
      
    ) dbt_internal_test
[0m15:34:57.503388 [debug] [Thread-1 (]: SQL status: OK in 0.0 seconds
[0m15:34:57.505918 [debug] [Thread-1 (]: Timing info for test.nyc_parking_violations.not_null_bronze_parking_violations_summons_number.29cef758ac (execute): 15:34:57.439594 => 15:34:57.505918
[0m15:34:57.506917 [debug] [Thread-1 (]: On test.nyc_parking_violations.not_null_bronze_parking_violations_summons_number.29cef758ac: ROLLBACK
[0m15:34:57.507916 [debug] [Thread-1 (]: Failed to rollback 'test.nyc_parking_violations.not_null_bronze_parking_violations_summons_number.29cef758ac'
[0m15:34:57.508915 [debug] [Thread-1 (]: On test.nyc_parking_violations.not_null_bronze_parking_violations_summons_number.29cef758ac: Close
[0m15:34:57.524407 [info ] [Thread-1 (]: 2 of 4 PASS not_null_bronze_parking_violations_summons_number .................. [[32mPASS[0m in 0.10s]
[0m15:34:57.526510 [debug] [Thread-1 (]: Finished running node test.nyc_parking_violations.not_null_bronze_parking_violations_summons_number.29cef758ac
[0m15:34:57.527494 [debug] [Thread-1 (]: Began running node test.nyc_parking_violations.unique_bronze_parking_violations_summons_number.305522a239
[0m15:34:57.528501 [info ] [Thread-1 (]: 3 of 4 START test unique_bronze_parking_violations_summons_number .............. [RUN]
[0m15:34:57.529511 [debug] [Thread-1 (]: Re-using an available connection from the pool (formerly test.nyc_parking_violations.not_null_bronze_parking_violations_summons_number.29cef758ac, now test.nyc_parking_violations.unique_bronze_parking_violations_summons_number.305522a239)
[0m15:34:57.530495 [debug] [Thread-1 (]: Began compiling node test.nyc_parking_violations.unique_bronze_parking_violations_summons_number.305522a239
[0m15:34:57.540896 [debug] [Thread-1 (]: Writing injected SQL for node "test.nyc_parking_violations.unique_bronze_parking_violations_summons_number.305522a239"
[0m15:34:57.544060 [debug] [Thread-1 (]: Timing info for test.nyc_parking_violations.unique_bronze_parking_violations_summons_number.305522a239 (compile): 15:34:57.530495 => 15:34:57.544060
[0m15:34:57.545059 [debug] [Thread-1 (]: Began executing node test.nyc_parking_violations.unique_bronze_parking_violations_summons_number.305522a239
[0m15:34:57.547057 [debug] [Thread-1 (]: Using duckdb connection "test.nyc_parking_violations.unique_bronze_parking_violations_summons_number.305522a239"
[0m15:34:57.548056 [debug] [Thread-1 (]: On test.nyc_parking_violations.unique_bronze_parking_violations_summons_number.305522a239: BEGIN
[0m15:34:57.548056 [debug] [Thread-1 (]: Opening a new connection, currently in state closed
[0m15:34:57.562210 [debug] [Thread-1 (]: SQL status: OK in 0.0 seconds
[0m15:34:57.562210 [debug] [Thread-1 (]: Using duckdb connection "test.nyc_parking_violations.unique_bronze_parking_violations_summons_number.305522a239"
[0m15:34:57.562210 [debug] [Thread-1 (]: On test.nyc_parking_violations.unique_bronze_parking_violations_summons_number.305522a239: /* {"app": "dbt", "dbt_version": "1.6.1", "profile_name": "nyc_parking_violations", "target_name": "dev", "node_id": "test.nyc_parking_violations.unique_bronze_parking_violations_summons_number.305522a239"} */

        
  
    
    

    create  table
      "nyc_parking_violations"."main_dbt_test__audit"."unique_bronze_parking_violations_summons_number"
  
    as (
      
    
    

select
    summons_number as unique_field,
    count(*) as n_records

from "nyc_parking_violations"."main"."bronze_parking_violations"
where summons_number is not null
group by summons_number
having count(*) > 1



    );
  
  
    
[0m15:34:57.581911 [debug] [Thread-1 (]: SQL status: OK in 0.0 seconds
[0m15:34:57.583473 [debug] [Thread-1 (]: On test.nyc_parking_violations.unique_bronze_parking_violations_summons_number.305522a239: COMMIT
[0m15:34:57.584473 [debug] [Thread-1 (]: Using duckdb connection "test.nyc_parking_violations.unique_bronze_parking_violations_summons_number.305522a239"
[0m15:34:57.584473 [debug] [Thread-1 (]: On test.nyc_parking_violations.unique_bronze_parking_violations_summons_number.305522a239: COMMIT
[0m15:34:57.589585 [debug] [Thread-1 (]: SQL status: OK in 0.0 seconds
[0m15:34:57.590586 [debug] [Thread-1 (]: Writing runtime sql for node "test.nyc_parking_violations.unique_bronze_parking_violations_summons_number.305522a239"
[0m15:34:57.593229 [debug] [Thread-1 (]: Using duckdb connection "test.nyc_parking_violations.unique_bronze_parking_violations_summons_number.305522a239"
[0m15:34:57.593229 [debug] [Thread-1 (]: On test.nyc_parking_violations.unique_bronze_parking_violations_summons_number.305522a239: BEGIN
[0m15:34:57.594267 [debug] [Thread-1 (]: SQL status: OK in 0.0 seconds
[0m15:34:57.595267 [debug] [Thread-1 (]: Using duckdb connection "test.nyc_parking_violations.unique_bronze_parking_violations_summons_number.305522a239"
[0m15:34:57.595267 [debug] [Thread-1 (]: On test.nyc_parking_violations.unique_bronze_parking_violations_summons_number.305522a239: /* {"app": "dbt", "dbt_version": "1.6.1", "profile_name": "nyc_parking_violations", "target_name": "dev", "node_id": "test.nyc_parking_violations.unique_bronze_parking_violations_summons_number.305522a239"} */
select
      count(*) as failures,
      count(*) != 0 as should_warn,
      count(*) != 0 as should_error
    from (
      
        select *
        from "nyc_parking_violations"."main_dbt_test__audit"."unique_bronze_parking_violations_summons_number"
    
      
    ) dbt_internal_test
[0m15:34:57.597548 [debug] [Thread-1 (]: SQL status: OK in 0.0 seconds
[0m15:34:57.598557 [debug] [Thread-1 (]: Timing info for test.nyc_parking_violations.unique_bronze_parking_violations_summons_number.305522a239 (execute): 15:34:57.545059 => 15:34:57.598557
[0m15:34:57.599553 [debug] [Thread-1 (]: On test.nyc_parking_violations.unique_bronze_parking_violations_summons_number.305522a239: ROLLBACK
[0m15:34:57.599553 [debug] [Thread-1 (]: Failed to rollback 'test.nyc_parking_violations.unique_bronze_parking_violations_summons_number.305522a239'
[0m15:34:57.600556 [debug] [Thread-1 (]: On test.nyc_parking_violations.unique_bronze_parking_violations_summons_number.305522a239: Close
[0m15:34:57.618901 [info ] [Thread-1 (]: 3 of 4 PASS unique_bronze_parking_violations_summons_number .................... [[32mPASS[0m in 0.09s]
[0m15:34:57.622743 [debug] [Thread-1 (]: Finished running node test.nyc_parking_violations.unique_bronze_parking_violations_summons_number.305522a239
[0m15:34:57.624744 [debug] [Thread-1 (]: Began running node test.nyc_parking_violations.violation_codes_revenue
[0m15:34:57.625744 [info ] [Thread-1 (]: 4 of 4 START test violation_codes_revenue ...................................... [RUN]
[0m15:34:57.627056 [debug] [Thread-1 (]: Re-using an available connection from the pool (formerly test.nyc_parking_violations.unique_bronze_parking_violations_summons_number.305522a239, now test.nyc_parking_violations.violation_codes_revenue)
[0m15:34:57.627056 [debug] [Thread-1 (]: Began compiling node test.nyc_parking_violations.violation_codes_revenue
[0m15:34:57.644851 [debug] [Thread-1 (]: Writing injected SQL for node "test.nyc_parking_violations.violation_codes_revenue"
[0m15:34:57.651906 [debug] [Thread-1 (]: Writing injected SQL for node "test.nyc_parking_violations.violation_codes_revenue"
[0m15:34:57.657189 [debug] [Thread-1 (]: Timing info for test.nyc_parking_violations.violation_codes_revenue (compile): 15:34:57.628481 => 15:34:57.655759
[0m15:34:57.657189 [debug] [Thread-1 (]: Began executing node test.nyc_parking_violations.violation_codes_revenue
[0m15:34:57.663629 [debug] [Thread-1 (]: Using duckdb connection "test.nyc_parking_violations.violation_codes_revenue"
[0m15:34:57.664634 [debug] [Thread-1 (]: On test.nyc_parking_violations.violation_codes_revenue: BEGIN
[0m15:34:57.665635 [debug] [Thread-1 (]: Opening a new connection, currently in state closed
[0m15:34:57.696319 [debug] [Thread-1 (]: SQL status: OK in 0.0 seconds
[0m15:34:57.697328 [debug] [Thread-1 (]: Using duckdb connection "test.nyc_parking_violations.violation_codes_revenue"
[0m15:34:57.698328 [debug] [Thread-1 (]: On test.nyc_parking_violations.violation_codes_revenue: /* {"app": "dbt", "dbt_version": "1.6.1", "profile_name": "nyc_parking_violations", "target_name": "dev", "node_id": "test.nyc_parking_violations.violation_codes_revenue"} */

        
  
    
    

    create  table
      "nyc_parking_violations"."main_dbt_test__audit"."violation_codes_revenue"
  
    as (
      

with __dbt__cte__silver_parking_violation_codes as (
WITH manhattan_violation_codes AS (
    SELECT
        violation_code,
        definition,
        TRUE AS is_manhattan_96th_st_below,
        manhattan_96th_st_below AS fee_usd,
    FROM
        "nyc_parking_violations"."main"."bronze_parking_violation_codes"
),

all_other_violation_codes AS (
    SELECT
        violation_code,
        definition,
        FALSE AS is_manhattan_96th_st_below,
        all_other_areas AS fee_usd,
    FROM
        "nyc_parking_violations"."main"."bronze_parking_violation_codes"
)

SELECT * FROM manhattan_violation_codes
UNION ALL
SELECT * FROM all_other_violation_codes
ORDER BY violation_code ASC
) SELECT
    violation_code,
    SUM(fee_usd) AS total_revenue_usd
FROM
    __dbt__cte__silver_parking_violation_codes
GROUP BY
    violation_code
HAVING
    NOT(total_revenue_usd >= 1)
    );
  
  
    
[0m15:34:57.708934 [debug] [Thread-1 (]: SQL status: OK in 0.0 seconds
[0m15:34:57.710238 [debug] [Thread-1 (]: On test.nyc_parking_violations.violation_codes_revenue: COMMIT
[0m15:34:57.711744 [debug] [Thread-1 (]: Using duckdb connection "test.nyc_parking_violations.violation_codes_revenue"
[0m15:34:57.712751 [debug] [Thread-1 (]: On test.nyc_parking_violations.violation_codes_revenue: COMMIT
[0m15:34:57.717180 [debug] [Thread-1 (]: SQL status: OK in 0.0 seconds
[0m15:34:57.720228 [debug] [Thread-1 (]: Writing runtime sql for node "test.nyc_parking_violations.violation_codes_revenue"
[0m15:34:57.723572 [debug] [Thread-1 (]: Using duckdb connection "test.nyc_parking_violations.violation_codes_revenue"
[0m15:34:57.723572 [debug] [Thread-1 (]: On test.nyc_parking_violations.violation_codes_revenue: BEGIN
[0m15:34:57.725977 [debug] [Thread-1 (]: SQL status: OK in 0.0 seconds
[0m15:34:57.725977 [debug] [Thread-1 (]: Using duckdb connection "test.nyc_parking_violations.violation_codes_revenue"
[0m15:34:57.728047 [debug] [Thread-1 (]: On test.nyc_parking_violations.violation_codes_revenue: /* {"app": "dbt", "dbt_version": "1.6.1", "profile_name": "nyc_parking_violations", "target_name": "dev", "node_id": "test.nyc_parking_violations.violation_codes_revenue"} */
select
      count(*) as failures,
      count(*) != 0 as should_warn,
      count(*) != 0 as should_error
    from (
      
        select *
        from "nyc_parking_violations"."main_dbt_test__audit"."violation_codes_revenue"
    
      
    ) dbt_internal_test
[0m15:34:57.728047 [debug] [Thread-1 (]: SQL status: OK in 0.0 seconds
[0m15:34:57.731848 [debug] [Thread-1 (]: Timing info for test.nyc_parking_violations.violation_codes_revenue (execute): 15:34:57.659108 => 15:34:57.728047
[0m15:34:57.731848 [debug] [Thread-1 (]: On test.nyc_parking_violations.violation_codes_revenue: ROLLBACK
[0m15:34:57.731848 [debug] [Thread-1 (]: Failed to rollback 'test.nyc_parking_violations.violation_codes_revenue'
[0m15:34:57.731848 [debug] [Thread-1 (]: On test.nyc_parking_violations.violation_codes_revenue: Close
[0m15:34:57.755072 [warn ] [Thread-1 (]: 4 of 4 WARN 1 violation_codes_revenue .......................................... [[33mWARN 1[0m in 0.13s]
[0m15:34:57.755072 [debug] [Thread-1 (]: Finished running node test.nyc_parking_violations.violation_codes_revenue
[0m15:34:57.755072 [debug] [MainThread]: Using duckdb connection "master"
[0m15:34:57.755072 [debug] [MainThread]: On master: BEGIN
[0m15:34:57.755072 [debug] [MainThread]: Opening a new connection, currently in state closed
[0m15:34:57.779246 [debug] [MainThread]: SQL status: OK in 0.0 seconds
[0m15:34:57.780242 [debug] [MainThread]: On master: COMMIT
[0m15:34:57.780242 [debug] [MainThread]: Using duckdb connection "master"
[0m15:34:57.781746 [debug] [MainThread]: On master: COMMIT
[0m15:34:57.782751 [debug] [MainThread]: SQL status: OK in 0.0 seconds
[0m15:34:57.782751 [debug] [MainThread]: On master: Close
[0m15:34:57.784777 [debug] [MainThread]: Connection 'master' was properly closed.
[0m15:34:57.786097 [debug] [MainThread]: Connection 'create_nyc_parking_violations_main_dbt_test__audit' was properly closed.
[0m15:34:57.787104 [debug] [MainThread]: Connection 'list_nyc_parking_violations_main_dbt_test__audit' was properly closed.
[0m15:34:57.787957 [debug] [MainThread]: Connection 'test.nyc_parking_violations.violation_codes_revenue' was properly closed.
[0m15:34:57.787957 [info ] [MainThread]: 
[0m15:34:57.787957 [info ] [MainThread]: Finished running 4 tests in 0 hours 0 minutes and 0.68 seconds (0.68s).
[0m15:34:57.791620 [debug] [MainThread]: Command end result
[0m15:34:57.801666 [info ] [MainThread]: 
[0m15:34:57.804557 [info ] [MainThread]: [31mCompleted with 1 error and 1 warning:[0m
[0m15:34:57.807070 [info ] [MainThread]: 
[0m15:34:57.808069 [error] [MainThread]: [33mCompilation Error in test generic_not_null_bronze_parking_violations_summons_number (models\docs\schema.yml)[0m
[0m15:34:57.809050 [error] [MainThread]:   'test_generic_not_null' is undefined. This can happen when calling a macro that does not exist. Check for typos and/or install package dependencies with "dbt deps".
[0m15:34:57.809050 [info ] [MainThread]: 
[0m15:34:57.810074 [warn ] [MainThread]: [33mWarning in test violation_codes_revenue (tests\violation_codes_revenue.sql)[0m
[0m15:34:57.810074 [warn ] [MainThread]: Got 1 result, configured to warn if != 0
[0m15:34:57.811595 [info ] [MainThread]: 
[0m15:34:57.812605 [info ] [MainThread]:   compiled Code at target\compiled\nyc_parking_violations\tests\violation_codes_revenue.sql
[0m15:34:57.814653 [info ] [MainThread]: 
[0m15:34:57.815656 [info ] [MainThread]:   See test failures:
  ---------------------------------------------------------------------------------------
  select * from "nyc_parking_violations"."main_dbt_test__audit"."violation_codes_revenue"
  ---------------------------------------------------------------------------------------
[0m15:34:57.816638 [info ] [MainThread]: 
[0m15:34:57.817638 [info ] [MainThread]: Done. PASS=2 WARN=1 ERROR=1 SKIP=0 TOTAL=4
[0m15:34:57.820986 [debug] [MainThread]: Command `dbt test` failed at 15:34:57.820986 after 1.18 seconds
[0m15:34:57.821490 [debug] [MainThread]: Sending event: {'category': 'dbt', 'action': 'invocation', 'label': 'end', 'context': [<snowplow_tracker.self_describing_json.SelfDescribingJson object at 0x00000278B65CF4F0>, <snowplow_tracker.self_describing_json.SelfDescribingJson object at 0x00000278B9719BD0>, <snowplow_tracker.self_describing_json.SelfDescribingJson object at 0x00000278B9719C30>]}
[0m15:34:57.822522 [debug] [MainThread]: Flushing usage events
[0m15:36:25.596946 [debug] [MainThread]: Sending event: {'category': 'dbt', 'action': 'invocation', 'label': 'start', 'context': [<snowplow_tracker.self_describing_json.SelfDescribingJson object at 0x000002BCD5D0F520>, <snowplow_tracker.self_describing_json.SelfDescribingJson object at 0x000002BCD8B59DB0>, <snowplow_tracker.self_describing_json.SelfDescribingJson object at 0x000002BCD8B58880>]}


============================== 15:36:25.596946 | c088094d-869e-462c-b615-66070046965e ==============================
[0m15:36:25.596946 [info ] [MainThread]: Running with dbt=1.6.1
[0m15:36:25.596946 [debug] [MainThread]: running dbt with arguments {'cache_selected_only': 'False', 'log_format': 'default', 'write_json': 'True', 'invocation_command': 'dbt test', 'no_print': 'None', 'warn_error': 'None', 'log_path': 'D:\\DBT CORE\\nyc_parking_violations\\logs', 'partial_parse': 'True', 'indirect_selection': 'eager', 'send_anonymous_usage_stats': 'True', 'fail_fast': 'False', 'warn_error_options': 'WarnErrorOptions(include=[], exclude=[])', 'static_parser': 'True', 'version_check': 'True', 'use_experimental_parser': 'False', 'quiet': 'False', 'introspect': 'True', 'log_cache_events': 'False', 'debug': 'False', 'profiles_dir': 'D:\\DBT CORE\\nyc_parking_violations', 'use_colors': 'True', 'printer_width': '80', 'target_path': 'None'}
[0m15:36:25.723680 [debug] [MainThread]: Sending event: {'category': 'dbt', 'action': 'project_id', 'label': 'c088094d-869e-462c-b615-66070046965e', 'context': [<snowplow_tracker.self_describing_json.SelfDescribingJson object at 0x000002BCD8B59F30>]}
[0m15:36:25.743798 [debug] [MainThread]: Sending event: {'category': 'dbt', 'action': 'adapter_info', 'label': 'c088094d-869e-462c-b615-66070046965e', 'context': [<snowplow_tracker.self_describing_json.SelfDescribingJson object at 0x000002BCD8C36D40>]}
[0m15:36:25.745391 [info ] [MainThread]: Registered adapter: duckdb=1.6.0
[0m15:36:25.753396 [debug] [MainThread]: checksum: efe19d9f5b93d1a98cc804fbfcdb6b3aced98b974af664946fee1cde8837deb7, vars: {}, profile: , target: , version: 1.6.1
[0m15:36:25.822927 [debug] [MainThread]: Partial parsing enabled: 0 files deleted, 0 files added, 0 files changed.
[0m15:36:25.823994 [debug] [MainThread]: Partial parsing enabled, no changes found, skipping parsing
[0m15:36:25.829029 [debug] [MainThread]: Sending event: {'category': 'dbt', 'action': 'load_project', 'label': 'c088094d-869e-462c-b615-66070046965e', 'context': [<snowplow_tracker.self_describing_json.SelfDescribingJson object at 0x000002BCD8E4D630>]}
[0m15:36:25.841015 [debug] [MainThread]: Sending event: {'category': 'dbt', 'action': 'resource_counts', 'label': 'c088094d-869e-462c-b615-66070046965e', 'context': [<snowplow_tracker.self_describing_json.SelfDescribingJson object at 0x000002BCD8D688B0>]}
[0m15:36:25.841015 [info ] [MainThread]: Found 10 models, 4 tests, 0 sources, 0 exposures, 0 metrics, 348 macros, 0 groups, 0 semantic models
[0m15:36:25.841015 [debug] [MainThread]: Sending event: {'category': 'dbt', 'action': 'runnable_timing', 'label': 'c088094d-869e-462c-b615-66070046965e', 'context': [<snowplow_tracker.self_describing_json.SelfDescribingJson object at 0x000002BCD8D687F0>]}
[0m15:36:25.845744 [info ] [MainThread]: 
[0m15:36:25.845744 [debug] [MainThread]: Acquiring new duckdb connection 'master'
[0m15:36:25.845744 [debug] [ThreadPool]: Acquiring new duckdb connection 'list_nyc_parking_violations'
[0m15:36:25.857694 [debug] [ThreadPool]: Using duckdb connection "list_nyc_parking_violations"
[0m15:36:25.858069 [debug] [ThreadPool]: On list_nyc_parking_violations: /* {"app": "dbt", "dbt_version": "1.6.1", "profile_name": "nyc_parking_violations", "target_name": "dev", "connection_name": "list_nyc_parking_violations"} */

    
    select schema_name
    from system.information_schema.schemata
    
    where catalog_name = '"nyc_parking_violations"'
    
  
  
[0m15:36:25.859036 [debug] [ThreadPool]: Opening a new connection, currently in state init
[0m15:36:25.864126 [debug] [ThreadPool]: SQL status: OK in 0.0 seconds
[0m15:36:25.875616 [debug] [ThreadPool]: On list_nyc_parking_violations: Close
[0m15:36:25.880312 [debug] [ThreadPool]: Re-using an available connection from the pool (formerly list_nyc_parking_violations, now create_nyc_parking_violations_main_dbt_test__audit)
[0m15:36:25.881309 [debug] [ThreadPool]: Creating schema "database: "nyc_parking_violations"
schema: "main_dbt_test__audit"
"
[0m15:36:25.883327 [debug] [ThreadPool]: Using duckdb connection "create_nyc_parking_violations_main_dbt_test__audit"
[0m15:36:25.883327 [debug] [ThreadPool]: On create_nyc_parking_violations_main_dbt_test__audit: BEGIN
[0m15:36:25.883327 [debug] [ThreadPool]: Opening a new connection, currently in state closed
[0m15:36:25.894679 [debug] [ThreadPool]: SQL status: OK in 0.0 seconds
[0m15:36:25.894679 [debug] [ThreadPool]: Using duckdb connection "create_nyc_parking_violations_main_dbt_test__audit"
[0m15:36:25.894679 [debug] [ThreadPool]: On create_nyc_parking_violations_main_dbt_test__audit: /* {"app": "dbt", "dbt_version": "1.6.1", "profile_name": "nyc_parking_violations", "target_name": "dev", "connection_name": "create_nyc_parking_violations_main_dbt_test__audit"} */
create schema if not exists "nyc_parking_violations"."main_dbt_test__audit"
[0m15:36:25.894679 [debug] [ThreadPool]: SQL status: OK in 0.0 seconds
[0m15:36:25.894679 [debug] [ThreadPool]: On create_nyc_parking_violations_main_dbt_test__audit: COMMIT
[0m15:36:25.894679 [debug] [ThreadPool]: Using duckdb connection "create_nyc_parking_violations_main_dbt_test__audit"
[0m15:36:25.894679 [debug] [ThreadPool]: On create_nyc_parking_violations_main_dbt_test__audit: COMMIT
[0m15:36:25.894679 [debug] [ThreadPool]: SQL status: OK in 0.0 seconds
[0m15:36:25.894679 [debug] [ThreadPool]: On create_nyc_parking_violations_main_dbt_test__audit: Close
[0m15:36:25.908702 [debug] [ThreadPool]: Acquiring new duckdb connection 'list_nyc_parking_violations_main_dbt_test__audit'
[0m15:36:25.908702 [debug] [ThreadPool]: Using duckdb connection "list_nyc_parking_violations_main_dbt_test__audit"
[0m15:36:25.908702 [debug] [ThreadPool]: On list_nyc_parking_violations_main_dbt_test__audit: BEGIN
[0m15:36:25.908702 [debug] [ThreadPool]: Opening a new connection, currently in state init
[0m15:36:25.930480 [debug] [ThreadPool]: SQL status: OK in 0.0 seconds
[0m15:36:25.931487 [debug] [ThreadPool]: Using duckdb connection "list_nyc_parking_violations_main_dbt_test__audit"
[0m15:36:25.931487 [debug] [ThreadPool]: On list_nyc_parking_violations_main_dbt_test__audit: /* {"app": "dbt", "dbt_version": "1.6.1", "profile_name": "nyc_parking_violations", "target_name": "dev", "connection_name": "list_nyc_parking_violations_main_dbt_test__audit"} */
select
      'nyc_parking_violations' as database,
      table_name as name,
      table_schema as schema,
      CASE table_type
        WHEN 'BASE TABLE' THEN 'table'
        WHEN 'VIEW' THEN 'view'
        WHEN 'LOCAL TEMPORARY' THEN 'table'
        END as type
    from system.information_schema.tables
    where table_schema = 'main_dbt_test__audit'
    and table_catalog = 'nyc_parking_violations'
  
[0m15:36:25.944076 [debug] [ThreadPool]: SQL status: OK in 0.0 seconds
[0m15:36:25.944076 [debug] [ThreadPool]: On list_nyc_parking_violations_main_dbt_test__audit: ROLLBACK
[0m15:36:25.945672 [debug] [ThreadPool]: Failed to rollback 'list_nyc_parking_violations_main_dbt_test__audit'
[0m15:36:25.946774 [debug] [ThreadPool]: On list_nyc_parking_violations_main_dbt_test__audit: Close
[0m15:36:25.949717 [debug] [ThreadPool]: Re-using an available connection from the pool (formerly list_nyc_parking_violations_main_dbt_test__audit, now list_nyc_parking_violations_main)
[0m15:36:25.951679 [debug] [ThreadPool]: Using duckdb connection "list_nyc_parking_violations_main"
[0m15:36:25.952678 [debug] [ThreadPool]: On list_nyc_parking_violations_main: BEGIN
[0m15:36:25.952678 [debug] [ThreadPool]: Opening a new connection, currently in state closed
[0m15:36:25.958673 [debug] [ThreadPool]: SQL status: OK in 0.0 seconds
[0m15:36:25.958673 [debug] [ThreadPool]: Using duckdb connection "list_nyc_parking_violations_main"
[0m15:36:25.958673 [debug] [ThreadPool]: On list_nyc_parking_violations_main: /* {"app": "dbt", "dbt_version": "1.6.1", "profile_name": "nyc_parking_violations", "target_name": "dev", "connection_name": "list_nyc_parking_violations_main"} */
select
      'nyc_parking_violations' as database,
      table_name as name,
      table_schema as schema,
      CASE table_type
        WHEN 'BASE TABLE' THEN 'table'
        WHEN 'VIEW' THEN 'view'
        WHEN 'LOCAL TEMPORARY' THEN 'table'
        END as type
    from system.information_schema.tables
    where table_schema = 'main'
    and table_catalog = 'nyc_parking_violations'
  
[0m15:36:25.974782 [debug] [ThreadPool]: SQL status: OK in 0.0 seconds
[0m15:36:25.974782 [debug] [ThreadPool]: On list_nyc_parking_violations_main: ROLLBACK
[0m15:36:25.974782 [debug] [ThreadPool]: Failed to rollback 'list_nyc_parking_violations_main'
[0m15:36:25.974782 [debug] [ThreadPool]: On list_nyc_parking_violations_main: Close
[0m15:36:25.974782 [debug] [MainThread]: Sending event: {'category': 'dbt', 'action': 'runnable_timing', 'label': 'c088094d-869e-462c-b615-66070046965e', 'context': [<snowplow_tracker.self_describing_json.SelfDescribingJson object at 0x000002BCD8E95F90>]}
[0m15:36:25.974782 [debug] [MainThread]: Using duckdb connection "master"
[0m15:36:25.974782 [debug] [MainThread]: On master: BEGIN
[0m15:36:25.974782 [debug] [MainThread]: Opening a new connection, currently in state init
[0m15:36:25.990817 [debug] [MainThread]: SQL status: OK in 0.0 seconds
[0m15:36:25.990817 [debug] [MainThread]: On master: COMMIT
[0m15:36:25.990817 [debug] [MainThread]: Using duckdb connection "master"
[0m15:36:25.990817 [debug] [MainThread]: On master: COMMIT
[0m15:36:25.990817 [debug] [MainThread]: SQL status: OK in 0.0 seconds
[0m15:36:25.990817 [debug] [MainThread]: On master: Close
[0m15:36:25.990817 [info ] [MainThread]: Concurrency: 1 threads (target='dev')
[0m15:36:25.990817 [info ] [MainThread]: 
[0m15:36:26.006757 [debug] [Thread-1 (]: Began running node test.nyc_parking_violations.generic_not_null_bronze_parking_violations_summons_number.e84297fd3d
[0m15:36:26.006757 [info ] [Thread-1 (]: 1 of 4 START test generic_not_null_bronze_parking_violations_summons_number .... [RUN]
[0m15:36:26.006757 [debug] [Thread-1 (]: Acquiring new duckdb connection 'test.nyc_parking_violations.generic_not_null_bronze_parking_violations_summons_number.e84297fd3d'
[0m15:36:26.006757 [debug] [Thread-1 (]: Began compiling node test.nyc_parking_violations.generic_not_null_bronze_parking_violations_summons_number.e84297fd3d
[0m15:36:26.006757 [debug] [Thread-1 (]: Timing info for test.nyc_parking_violations.generic_not_null_bronze_parking_violations_summons_number.e84297fd3d (compile): 15:36:26.006757 => 15:36:26.006757
[0m15:36:26.024961 [debug] [Thread-1 (]: Compilation Error in test generic_not_null_bronze_parking_violations_summons_number (models\docs\schema.yml)
  'test_generic_not_null' is undefined. This can happen when calling a macro that does not exist. Check for typos and/or install package dependencies with "dbt deps".
[0m15:36:26.025964 [error] [Thread-1 (]: 1 of 4 ERROR generic_not_null_bronze_parking_violations_summons_number ......... [[31mERROR[0m in 0.02s]
[0m15:36:26.026965 [debug] [Thread-1 (]: Finished running node test.nyc_parking_violations.generic_not_null_bronze_parking_violations_summons_number.e84297fd3d
[0m15:36:26.027960 [debug] [Thread-1 (]: Began running node test.nyc_parking_violations.not_null_bronze_parking_violations_summons_number.29cef758ac
[0m15:36:26.028958 [info ] [Thread-1 (]: 2 of 4 START test not_null_bronze_parking_violations_summons_number ............ [RUN]
[0m15:36:26.029959 [debug] [Thread-1 (]: Re-using an available connection from the pool (formerly test.nyc_parking_violations.generic_not_null_bronze_parking_violations_summons_number.e84297fd3d, now test.nyc_parking_violations.not_null_bronze_parking_violations_summons_number.29cef758ac)
[0m15:36:26.030964 [debug] [Thread-1 (]: Began compiling node test.nyc_parking_violations.not_null_bronze_parking_violations_summons_number.29cef758ac
[0m15:36:26.038960 [debug] [Thread-1 (]: Writing injected SQL for node "test.nyc_parking_violations.not_null_bronze_parking_violations_summons_number.29cef758ac"
[0m15:36:26.040997 [debug] [Thread-1 (]: Timing info for test.nyc_parking_violations.not_null_bronze_parking_violations_summons_number.29cef758ac (compile): 15:36:26.030964 => 15:36:26.040997
[0m15:36:26.040997 [debug] [Thread-1 (]: Began executing node test.nyc_parking_violations.not_null_bronze_parking_violations_summons_number.29cef758ac
[0m15:36:26.045766 [debug] [Thread-1 (]: Using duckdb connection "test.nyc_parking_violations.not_null_bronze_parking_violations_summons_number.29cef758ac"
[0m15:36:26.045766 [debug] [Thread-1 (]: On test.nyc_parking_violations.not_null_bronze_parking_violations_summons_number.29cef758ac: /* {"app": "dbt", "dbt_version": "1.6.1", "profile_name": "nyc_parking_violations", "target_name": "dev", "node_id": "test.nyc_parking_violations.not_null_bronze_parking_violations_summons_number.29cef758ac"} */
drop table if exists "nyc_parking_violations"."main_dbt_test__audit"."not_null_bronze_parking_violations_summons_number" cascade
[0m15:36:26.045766 [debug] [Thread-1 (]: Opening a new connection, currently in state init
[0m15:36:26.074939 [debug] [Thread-1 (]: SQL status: OK in 0.0 seconds
[0m15:36:26.074939 [debug] [Thread-1 (]: Using duckdb connection "test.nyc_parking_violations.not_null_bronze_parking_violations_summons_number.29cef758ac"
[0m15:36:26.074939 [debug] [Thread-1 (]: On test.nyc_parking_violations.not_null_bronze_parking_violations_summons_number.29cef758ac: BEGIN
[0m15:36:26.074939 [debug] [Thread-1 (]: SQL status: OK in 0.0 seconds
[0m15:36:26.074939 [debug] [Thread-1 (]: Using duckdb connection "test.nyc_parking_violations.not_null_bronze_parking_violations_summons_number.29cef758ac"
[0m15:36:26.074939 [debug] [Thread-1 (]: On test.nyc_parking_violations.not_null_bronze_parking_violations_summons_number.29cef758ac: /* {"app": "dbt", "dbt_version": "1.6.1", "profile_name": "nyc_parking_violations", "target_name": "dev", "node_id": "test.nyc_parking_violations.not_null_bronze_parking_violations_summons_number.29cef758ac"} */

        
  
    
    

    create  table
      "nyc_parking_violations"."main_dbt_test__audit"."not_null_bronze_parking_violations_summons_number"
  
    as (
      
    
    



select *
from "nyc_parking_violations"."main"."bronze_parking_violations"
where summons_number is null



    );
  
  
    
[0m15:36:26.074939 [debug] [Thread-1 (]: SQL status: OK in 0.0 seconds
[0m15:36:26.074939 [debug] [Thread-1 (]: On test.nyc_parking_violations.not_null_bronze_parking_violations_summons_number.29cef758ac: COMMIT
[0m15:36:26.090479 [debug] [Thread-1 (]: Using duckdb connection "test.nyc_parking_violations.not_null_bronze_parking_violations_summons_number.29cef758ac"
[0m15:36:26.090977 [debug] [Thread-1 (]: On test.nyc_parking_violations.not_null_bronze_parking_violations_summons_number.29cef758ac: COMMIT
[0m15:36:26.090977 [debug] [Thread-1 (]: SQL status: OK in 0.0 seconds
[0m15:36:26.090977 [debug] [Thread-1 (]: Writing runtime sql for node "test.nyc_parking_violations.not_null_bronze_parking_violations_summons_number.29cef758ac"
[0m15:36:26.090977 [debug] [Thread-1 (]: Using duckdb connection "test.nyc_parking_violations.not_null_bronze_parking_violations_summons_number.29cef758ac"
[0m15:36:26.090977 [debug] [Thread-1 (]: On test.nyc_parking_violations.not_null_bronze_parking_violations_summons_number.29cef758ac: BEGIN
[0m15:36:26.090977 [debug] [Thread-1 (]: SQL status: OK in 0.0 seconds
[0m15:36:26.090977 [debug] [Thread-1 (]: Using duckdb connection "test.nyc_parking_violations.not_null_bronze_parking_violations_summons_number.29cef758ac"
[0m15:36:26.090977 [debug] [Thread-1 (]: On test.nyc_parking_violations.not_null_bronze_parking_violations_summons_number.29cef758ac: /* {"app": "dbt", "dbt_version": "1.6.1", "profile_name": "nyc_parking_violations", "target_name": "dev", "node_id": "test.nyc_parking_violations.not_null_bronze_parking_violations_summons_number.29cef758ac"} */
select
      count(*) as failures,
      count(*) != 0 as should_warn,
      count(*) != 0 as should_error
    from (
      
        select *
        from "nyc_parking_violations"."main_dbt_test__audit"."not_null_bronze_parking_violations_summons_number"
    
      
    ) dbt_internal_test
[0m15:36:26.090977 [debug] [Thread-1 (]: SQL status: OK in 0.0 seconds
[0m15:36:26.090977 [debug] [Thread-1 (]: Timing info for test.nyc_parking_violations.not_null_bronze_parking_violations_summons_number.29cef758ac (execute): 15:36:26.042036 => 15:36:26.090977
[0m15:36:26.090977 [debug] [Thread-1 (]: On test.nyc_parking_violations.not_null_bronze_parking_violations_summons_number.29cef758ac: ROLLBACK
[0m15:36:26.106376 [debug] [Thread-1 (]: Failed to rollback 'test.nyc_parking_violations.not_null_bronze_parking_violations_summons_number.29cef758ac'
[0m15:36:26.106376 [debug] [Thread-1 (]: On test.nyc_parking_violations.not_null_bronze_parking_violations_summons_number.29cef758ac: Close
[0m15:36:26.125239 [info ] [Thread-1 (]: 2 of 4 PASS not_null_bronze_parking_violations_summons_number .................. [[32mPASS[0m in 0.10s]
[0m15:36:26.126411 [debug] [Thread-1 (]: Finished running node test.nyc_parking_violations.not_null_bronze_parking_violations_summons_number.29cef758ac
[0m15:36:26.127501 [debug] [Thread-1 (]: Began running node test.nyc_parking_violations.unique_bronze_parking_violations_summons_number.305522a239
[0m15:36:26.128416 [info ] [Thread-1 (]: 3 of 4 START test unique_bronze_parking_violations_summons_number .............. [RUN]
[0m15:36:26.128869 [debug] [Thread-1 (]: Re-using an available connection from the pool (formerly test.nyc_parking_violations.not_null_bronze_parking_violations_summons_number.29cef758ac, now test.nyc_parking_violations.unique_bronze_parking_violations_summons_number.305522a239)
[0m15:36:26.129875 [debug] [Thread-1 (]: Began compiling node test.nyc_parking_violations.unique_bronze_parking_violations_summons_number.305522a239
[0m15:36:26.134878 [debug] [Thread-1 (]: Writing injected SQL for node "test.nyc_parking_violations.unique_bronze_parking_violations_summons_number.305522a239"
[0m15:36:26.136975 [debug] [Thread-1 (]: Timing info for test.nyc_parking_violations.unique_bronze_parking_violations_summons_number.305522a239 (compile): 15:36:26.129875 => 15:36:26.135878
[0m15:36:26.136975 [debug] [Thread-1 (]: Began executing node test.nyc_parking_violations.unique_bronze_parking_violations_summons_number.305522a239
[0m15:36:26.140982 [debug] [Thread-1 (]: Using duckdb connection "test.nyc_parking_violations.unique_bronze_parking_violations_summons_number.305522a239"
[0m15:36:26.141979 [debug] [Thread-1 (]: On test.nyc_parking_violations.unique_bronze_parking_violations_summons_number.305522a239: /* {"app": "dbt", "dbt_version": "1.6.1", "profile_name": "nyc_parking_violations", "target_name": "dev", "node_id": "test.nyc_parking_violations.unique_bronze_parking_violations_summons_number.305522a239"} */
drop table if exists "nyc_parking_violations"."main_dbt_test__audit"."unique_bronze_parking_violations_summons_number" cascade
[0m15:36:26.141979 [debug] [Thread-1 (]: Opening a new connection, currently in state closed
[0m15:36:26.160706 [debug] [Thread-1 (]: SQL status: OK in 0.0 seconds
[0m15:36:26.162661 [debug] [Thread-1 (]: Using duckdb connection "test.nyc_parking_violations.unique_bronze_parking_violations_summons_number.305522a239"
[0m15:36:26.162661 [debug] [Thread-1 (]: On test.nyc_parking_violations.unique_bronze_parking_violations_summons_number.305522a239: BEGIN
[0m15:36:26.162661 [debug] [Thread-1 (]: SQL status: OK in 0.0 seconds
[0m15:36:26.162661 [debug] [Thread-1 (]: Using duckdb connection "test.nyc_parking_violations.unique_bronze_parking_violations_summons_number.305522a239"
[0m15:36:26.162661 [debug] [Thread-1 (]: On test.nyc_parking_violations.unique_bronze_parking_violations_summons_number.305522a239: /* {"app": "dbt", "dbt_version": "1.6.1", "profile_name": "nyc_parking_violations", "target_name": "dev", "node_id": "test.nyc_parking_violations.unique_bronze_parking_violations_summons_number.305522a239"} */

        
  
    
    

    create  table
      "nyc_parking_violations"."main_dbt_test__audit"."unique_bronze_parking_violations_summons_number"
  
    as (
      
    
    

select
    summons_number as unique_field,
    count(*) as n_records

from "nyc_parking_violations"."main"."bronze_parking_violations"
where summons_number is not null
group by summons_number
having count(*) > 1



    );
  
  
    
[0m15:36:26.175698 [debug] [Thread-1 (]: SQL status: OK in 0.0 seconds
[0m15:36:26.175698 [debug] [Thread-1 (]: On test.nyc_parking_violations.unique_bronze_parking_violations_summons_number.305522a239: COMMIT
[0m15:36:26.175698 [debug] [Thread-1 (]: Using duckdb connection "test.nyc_parking_violations.unique_bronze_parking_violations_summons_number.305522a239"
[0m15:36:26.175698 [debug] [Thread-1 (]: On test.nyc_parking_violations.unique_bronze_parking_violations_summons_number.305522a239: COMMIT
[0m15:36:26.175698 [debug] [Thread-1 (]: SQL status: OK in 0.0 seconds
[0m15:36:26.175698 [debug] [Thread-1 (]: Writing runtime sql for node "test.nyc_parking_violations.unique_bronze_parking_violations_summons_number.305522a239"
[0m15:36:26.175698 [debug] [Thread-1 (]: Using duckdb connection "test.nyc_parking_violations.unique_bronze_parking_violations_summons_number.305522a239"
[0m15:36:26.175698 [debug] [Thread-1 (]: On test.nyc_parking_violations.unique_bronze_parking_violations_summons_number.305522a239: BEGIN
[0m15:36:26.175698 [debug] [Thread-1 (]: SQL status: OK in 0.0 seconds
[0m15:36:26.175698 [debug] [Thread-1 (]: Using duckdb connection "test.nyc_parking_violations.unique_bronze_parking_violations_summons_number.305522a239"
[0m15:36:26.175698 [debug] [Thread-1 (]: On test.nyc_parking_violations.unique_bronze_parking_violations_summons_number.305522a239: /* {"app": "dbt", "dbt_version": "1.6.1", "profile_name": "nyc_parking_violations", "target_name": "dev", "node_id": "test.nyc_parking_violations.unique_bronze_parking_violations_summons_number.305522a239"} */
select
      count(*) as failures,
      count(*) != 0 as should_warn,
      count(*) != 0 as should_error
    from (
      
        select *
        from "nyc_parking_violations"."main_dbt_test__audit"."unique_bronze_parking_violations_summons_number"
    
      
    ) dbt_internal_test
[0m15:36:26.175698 [debug] [Thread-1 (]: SQL status: OK in 0.0 seconds
[0m15:36:26.190825 [debug] [Thread-1 (]: Timing info for test.nyc_parking_violations.unique_bronze_parking_violations_summons_number.305522a239 (execute): 15:36:26.138088 => 15:36:26.175698
[0m15:36:26.191207 [debug] [Thread-1 (]: On test.nyc_parking_violations.unique_bronze_parking_violations_summons_number.305522a239: ROLLBACK
[0m15:36:26.191207 [debug] [Thread-1 (]: Failed to rollback 'test.nyc_parking_violations.unique_bronze_parking_violations_summons_number.305522a239'
[0m15:36:26.191207 [debug] [Thread-1 (]: On test.nyc_parking_violations.unique_bronze_parking_violations_summons_number.305522a239: Close
[0m15:36:26.207802 [info ] [Thread-1 (]: 3 of 4 PASS unique_bronze_parking_violations_summons_number .................... [[32mPASS[0m in 0.08s]
[0m15:36:26.207802 [debug] [Thread-1 (]: Finished running node test.nyc_parking_violations.unique_bronze_parking_violations_summons_number.305522a239
[0m15:36:26.207802 [debug] [Thread-1 (]: Began running node test.nyc_parking_violations.violation_codes_revenue
[0m15:36:26.207802 [info ] [Thread-1 (]: 4 of 4 START test violation_codes_revenue ...................................... [RUN]
[0m15:36:26.207802 [debug] [Thread-1 (]: Re-using an available connection from the pool (formerly test.nyc_parking_violations.unique_bronze_parking_violations_summons_number.305522a239, now test.nyc_parking_violations.violation_codes_revenue)
[0m15:36:26.207802 [debug] [Thread-1 (]: Began compiling node test.nyc_parking_violations.violation_codes_revenue
[0m15:36:26.220429 [debug] [Thread-1 (]: Writing injected SQL for node "test.nyc_parking_violations.violation_codes_revenue"
[0m15:36:26.220429 [debug] [Thread-1 (]: Writing injected SQL for node "test.nyc_parking_violations.violation_codes_revenue"
[0m15:36:26.224450 [debug] [Thread-1 (]: Timing info for test.nyc_parking_violations.violation_codes_revenue (compile): 15:36:26.207802 => 15:36:26.224450
[0m15:36:26.225713 [debug] [Thread-1 (]: Began executing node test.nyc_parking_violations.violation_codes_revenue
[0m15:36:26.228711 [debug] [Thread-1 (]: Using duckdb connection "test.nyc_parking_violations.violation_codes_revenue"
[0m15:36:26.229710 [debug] [Thread-1 (]: On test.nyc_parking_violations.violation_codes_revenue: /* {"app": "dbt", "dbt_version": "1.6.1", "profile_name": "nyc_parking_violations", "target_name": "dev", "node_id": "test.nyc_parking_violations.violation_codes_revenue"} */
drop table if exists "nyc_parking_violations"."main_dbt_test__audit"."violation_codes_revenue" cascade
[0m15:36:26.229710 [debug] [Thread-1 (]: Opening a new connection, currently in state closed
[0m15:36:26.248139 [debug] [Thread-1 (]: SQL status: OK in 0.0 seconds
[0m15:36:26.250144 [debug] [Thread-1 (]: Using duckdb connection "test.nyc_parking_violations.violation_codes_revenue"
[0m15:36:26.250144 [debug] [Thread-1 (]: On test.nyc_parking_violations.violation_codes_revenue: BEGIN
[0m15:36:26.251143 [debug] [Thread-1 (]: SQL status: OK in 0.0 seconds
[0m15:36:26.251143 [debug] [Thread-1 (]: Using duckdb connection "test.nyc_parking_violations.violation_codes_revenue"
[0m15:36:26.251143 [debug] [Thread-1 (]: On test.nyc_parking_violations.violation_codes_revenue: /* {"app": "dbt", "dbt_version": "1.6.1", "profile_name": "nyc_parking_violations", "target_name": "dev", "node_id": "test.nyc_parking_violations.violation_codes_revenue"} */

        
  
    
    

    create  table
      "nyc_parking_violations"."main_dbt_test__audit"."violation_codes_revenue"
  
    as (
      

with __dbt__cte__silver_parking_violation_codes as (
WITH manhattan_violation_codes AS (
    SELECT
        violation_code,
        definition,
        TRUE AS is_manhattan_96th_st_below,
        manhattan_96th_st_below AS fee_usd,
    FROM
        "nyc_parking_violations"."main"."bronze_parking_violation_codes"
),

all_other_violation_codes AS (
    SELECT
        violation_code,
        definition,
        FALSE AS is_manhattan_96th_st_below,
        all_other_areas AS fee_usd,
    FROM
        "nyc_parking_violations"."main"."bronze_parking_violation_codes"
)

SELECT * FROM manhattan_violation_codes
UNION ALL
SELECT * FROM all_other_violation_codes
ORDER BY violation_code ASC
) SELECT
    violation_code,
    SUM(fee_usd) AS total_revenue_usd
FROM
    __dbt__cte__silver_parking_violation_codes
GROUP BY
    violation_code
HAVING
    NOT(total_revenue_usd >= 1)
    );
  
  
    
[0m15:36:26.251143 [debug] [Thread-1 (]: SQL status: OK in 0.0 seconds
[0m15:36:26.251143 [debug] [Thread-1 (]: On test.nyc_parking_violations.violation_codes_revenue: COMMIT
[0m15:36:26.251143 [debug] [Thread-1 (]: Using duckdb connection "test.nyc_parking_violations.violation_codes_revenue"
[0m15:36:26.251143 [debug] [Thread-1 (]: On test.nyc_parking_violations.violation_codes_revenue: COMMIT
[0m15:36:26.260511 [debug] [Thread-1 (]: SQL status: OK in 0.0 seconds
[0m15:36:26.262088 [debug] [Thread-1 (]: Writing runtime sql for node "test.nyc_parking_violations.violation_codes_revenue"
[0m15:36:26.262088 [debug] [Thread-1 (]: Using duckdb connection "test.nyc_parking_violations.violation_codes_revenue"
[0m15:36:26.262088 [debug] [Thread-1 (]: On test.nyc_parking_violations.violation_codes_revenue: BEGIN
[0m15:36:26.262088 [debug] [Thread-1 (]: SQL status: OK in 0.0 seconds
[0m15:36:26.262088 [debug] [Thread-1 (]: Using duckdb connection "test.nyc_parking_violations.violation_codes_revenue"
[0m15:36:26.262088 [debug] [Thread-1 (]: On test.nyc_parking_violations.violation_codes_revenue: /* {"app": "dbt", "dbt_version": "1.6.1", "profile_name": "nyc_parking_violations", "target_name": "dev", "node_id": "test.nyc_parking_violations.violation_codes_revenue"} */
select
      count(*) as failures,
      count(*) != 0 as should_warn,
      count(*) != 0 as should_error
    from (
      
        select *
        from "nyc_parking_violations"."main_dbt_test__audit"."violation_codes_revenue"
    
      
    ) dbt_internal_test
[0m15:36:26.262088 [debug] [Thread-1 (]: SQL status: OK in 0.0 seconds
[0m15:36:26.262088 [debug] [Thread-1 (]: Timing info for test.nyc_parking_violations.violation_codes_revenue (execute): 15:36:26.225713 => 15:36:26.262088
[0m15:36:26.262088 [debug] [Thread-1 (]: On test.nyc_parking_violations.violation_codes_revenue: ROLLBACK
[0m15:36:26.262088 [debug] [Thread-1 (]: Failed to rollback 'test.nyc_parking_violations.violation_codes_revenue'
[0m15:36:26.262088 [debug] [Thread-1 (]: On test.nyc_parking_violations.violation_codes_revenue: Close
[0m15:36:26.275514 [warn ] [Thread-1 (]: 4 of 4 WARN 1 violation_codes_revenue .......................................... [[33mWARN 1[0m in 0.07s]
[0m15:36:26.275514 [debug] [Thread-1 (]: Finished running node test.nyc_parking_violations.violation_codes_revenue
[0m15:36:26.292199 [debug] [MainThread]: Using duckdb connection "master"
[0m15:36:26.292199 [debug] [MainThread]: On master: BEGIN
[0m15:36:26.293288 [debug] [MainThread]: Opening a new connection, currently in state closed
[0m15:36:26.305299 [debug] [MainThread]: SQL status: OK in 0.0 seconds
[0m15:36:26.306477 [debug] [MainThread]: On master: COMMIT
[0m15:36:26.307387 [debug] [MainThread]: Using duckdb connection "master"
[0m15:36:26.307387 [debug] [MainThread]: On master: COMMIT
[0m15:36:26.308387 [debug] [MainThread]: SQL status: OK in 0.0 seconds
[0m15:36:26.309385 [debug] [MainThread]: On master: Close
[0m15:36:26.312388 [debug] [MainThread]: Connection 'master' was properly closed.
[0m15:36:26.313385 [debug] [MainThread]: Connection 'create_nyc_parking_violations_main_dbt_test__audit' was properly closed.
[0m15:36:26.313385 [debug] [MainThread]: Connection 'list_nyc_parking_violations_main' was properly closed.
[0m15:36:26.314484 [debug] [MainThread]: Connection 'test.nyc_parking_violations.violation_codes_revenue' was properly closed.
[0m15:36:26.314484 [info ] [MainThread]: 
[0m15:36:26.315590 [info ] [MainThread]: Finished running 4 tests in 0 hours 0 minutes and 0.47 seconds (0.47s).
[0m15:36:26.316599 [debug] [MainThread]: Command end result
[0m15:36:26.328094 [info ] [MainThread]: 
[0m15:36:26.329093 [info ] [MainThread]: [31mCompleted with 1 error and 1 warning:[0m
[0m15:36:26.329093 [info ] [MainThread]: 
[0m15:36:26.330088 [error] [MainThread]: [33mCompilation Error in test generic_not_null_bronze_parking_violations_summons_number (models\docs\schema.yml)[0m
[0m15:36:26.330088 [error] [MainThread]:   'test_generic_not_null' is undefined. This can happen when calling a macro that does not exist. Check for typos and/or install package dependencies with "dbt deps".
[0m15:36:26.330088 [info ] [MainThread]: 
[0m15:36:26.330088 [warn ] [MainThread]: [33mWarning in test violation_codes_revenue (tests\violation_codes_revenue.sql)[0m
[0m15:36:26.330088 [warn ] [MainThread]: Got 1 result, configured to warn if != 0
[0m15:36:26.330088 [info ] [MainThread]: 
[0m15:36:26.330088 [info ] [MainThread]:   compiled Code at target\compiled\nyc_parking_violations\tests\violation_codes_revenue.sql
[0m15:36:26.330088 [info ] [MainThread]: 
[0m15:36:26.336749 [info ] [MainThread]:   See test failures:
  ---------------------------------------------------------------------------------------
  select * from "nyc_parking_violations"."main_dbt_test__audit"."violation_codes_revenue"
  ---------------------------------------------------------------------------------------
[0m15:36:26.337774 [info ] [MainThread]: 
[0m15:36:26.338068 [info ] [MainThread]: Done. PASS=2 WARN=1 ERROR=1 SKIP=0 TOTAL=4
[0m15:36:26.339076 [debug] [MainThread]: Command `dbt test` failed at 15:36:26.339076 after 0.76 seconds
[0m15:36:26.339076 [debug] [MainThread]: Sending event: {'category': 'dbt', 'action': 'invocation', 'label': 'end', 'context': [<snowplow_tracker.self_describing_json.SelfDescribingJson object at 0x000002BCD5D0F520>, <snowplow_tracker.self_describing_json.SelfDescribingJson object at 0x000002BCD9F63AF0>, <snowplow_tracker.self_describing_json.SelfDescribingJson object at 0x000002BCD8E9D5D0>]}
[0m15:36:26.340086 [debug] [MainThread]: Flushing usage events
[0m15:40:33.899907 [debug] [MainThread]: Sending event: {'category': 'dbt', 'action': 'invocation', 'label': 'start', 'context': [<snowplow_tracker.self_describing_json.SelfDescribingJson object at 0x000001A7101EF520>, <snowplow_tracker.self_describing_json.SelfDescribingJson object at 0x000001A713039DB0>, <snowplow_tracker.self_describing_json.SelfDescribingJson object at 0x000001A713038880>]}


============================== 15:40:33.918094 | adb638ad-d790-4dee-93fe-d25d58f7fdc6 ==============================
[0m15:40:33.918094 [info ] [MainThread]: Running with dbt=1.6.1
[0m15:40:33.919096 [debug] [MainThread]: running dbt with arguments {'use_colors': 'True', 'no_print': 'None', 'target_path': 'None', 'profiles_dir': 'D:\\DBT CORE\\nyc_parking_violations', 'cache_selected_only': 'False', 'warn_error': 'None', 'indirect_selection': 'eager', 'partial_parse': 'True', 'static_parser': 'True', 'send_anonymous_usage_stats': 'True', 'log_path': 'D:\\DBT CORE\\nyc_parking_violations\\logs', 'warn_error_options': 'WarnErrorOptions(include=[], exclude=[])', 'fail_fast': 'False', 'version_check': 'True', 'use_experimental_parser': 'False', 'introspect': 'True', 'quiet': 'False', 'log_cache_events': 'False', 'debug': 'False', 'log_format': 'default', 'invocation_command': 'dbt test', 'printer_width': '80', 'write_json': 'True'}
[0m15:40:34.066718 [debug] [MainThread]: Sending event: {'category': 'dbt', 'action': 'project_id', 'label': 'adb638ad-d790-4dee-93fe-d25d58f7fdc6', 'context': [<snowplow_tracker.self_describing_json.SelfDescribingJson object at 0x000001A713039F30>]}
[0m15:40:34.081106 [debug] [MainThread]: Sending event: {'category': 'dbt', 'action': 'adapter_info', 'label': 'adb638ad-d790-4dee-93fe-d25d58f7fdc6', 'context': [<snowplow_tracker.self_describing_json.SelfDescribingJson object at 0x000001A713116D40>]}
[0m15:40:34.082004 [info ] [MainThread]: Registered adapter: duckdb=1.6.0
[0m15:40:34.092275 [debug] [MainThread]: checksum: efe19d9f5b93d1a98cc804fbfcdb6b3aced98b974af664946fee1cde8837deb7, vars: {}, profile: , target: , version: 1.6.1
[0m15:40:34.173918 [debug] [MainThread]: Partial parsing enabled: 0 files deleted, 0 files added, 1 files changed.
[0m15:40:34.173918 [debug] [MainThread]: Partial parsing: updated file: nyc_parking_violations://models\docs\schema.yml
[0m15:40:34.265508 [debug] [MainThread]: Sending event: {'category': 'dbt', 'action': 'load_project', 'label': 'adb638ad-d790-4dee-93fe-d25d58f7fdc6', 'context': [<snowplow_tracker.self_describing_json.SelfDescribingJson object at 0x000001A713453EB0>]}
[0m15:40:34.281429 [debug] [MainThread]: Sending event: {'category': 'dbt', 'action': 'resource_counts', 'label': 'adb638ad-d790-4dee-93fe-d25d58f7fdc6', 'context': [<snowplow_tracker.self_describing_json.SelfDescribingJson object at 0x000001A7133D99F0>]}
[0m15:40:34.282431 [info ] [MainThread]: Found 10 models, 4 tests, 0 sources, 0 exposures, 0 metrics, 348 macros, 0 groups, 0 semantic models
[0m15:40:34.283430 [debug] [MainThread]: Sending event: {'category': 'dbt', 'action': 'runnable_timing', 'label': 'adb638ad-d790-4dee-93fe-d25d58f7fdc6', 'context': [<snowplow_tracker.self_describing_json.SelfDescribingJson object at 0x000001A7133DA680>]}
[0m15:40:34.285510 [info ] [MainThread]: 
[0m15:40:34.286517 [debug] [MainThread]: Acquiring new duckdb connection 'master'
[0m15:40:34.288430 [debug] [ThreadPool]: Acquiring new duckdb connection 'list_nyc_parking_violations'
[0m15:40:34.295566 [debug] [ThreadPool]: Using duckdb connection "list_nyc_parking_violations"
[0m15:40:34.295566 [debug] [ThreadPool]: On list_nyc_parking_violations: /* {"app": "dbt", "dbt_version": "1.6.1", "profile_name": "nyc_parking_violations", "target_name": "dev", "connection_name": "list_nyc_parking_violations"} */

    
    select schema_name
    from system.information_schema.schemata
    
    where catalog_name = '"nyc_parking_violations"'
    
  
  
[0m15:40:34.295566 [debug] [ThreadPool]: Opening a new connection, currently in state init
[0m15:40:34.318681 [debug] [ThreadPool]: SQL status: OK in 0.0 seconds
[0m15:40:34.319681 [debug] [ThreadPool]: On list_nyc_parking_violations: Close
[0m15:40:34.324409 [debug] [ThreadPool]: Re-using an available connection from the pool (formerly list_nyc_parking_violations, now create_nyc_parking_violations_main_dbt_test__audit)
[0m15:40:34.325492 [debug] [ThreadPool]: Creating schema "database: "nyc_parking_violations"
schema: "main_dbt_test__audit"
"
[0m15:40:34.326679 [debug] [ThreadPool]: Using duckdb connection "create_nyc_parking_violations_main_dbt_test__audit"
[0m15:40:34.326679 [debug] [ThreadPool]: On create_nyc_parking_violations_main_dbt_test__audit: BEGIN
[0m15:40:34.326679 [debug] [ThreadPool]: Opening a new connection, currently in state closed
[0m15:40:34.345634 [debug] [ThreadPool]: SQL status: OK in 0.0 seconds
[0m15:40:34.346278 [debug] [ThreadPool]: Using duckdb connection "create_nyc_parking_violations_main_dbt_test__audit"
[0m15:40:34.346278 [debug] [ThreadPool]: On create_nyc_parking_violations_main_dbt_test__audit: /* {"app": "dbt", "dbt_version": "1.6.1", "profile_name": "nyc_parking_violations", "target_name": "dev", "connection_name": "create_nyc_parking_violations_main_dbt_test__audit"} */
create schema if not exists "nyc_parking_violations"."main_dbt_test__audit"
[0m15:40:34.347259 [debug] [ThreadPool]: SQL status: OK in 0.0 seconds
[0m15:40:34.348366 [debug] [ThreadPool]: On create_nyc_parking_violations_main_dbt_test__audit: COMMIT
[0m15:40:34.348366 [debug] [ThreadPool]: Using duckdb connection "create_nyc_parking_violations_main_dbt_test__audit"
[0m15:40:34.349260 [debug] [ThreadPool]: On create_nyc_parking_violations_main_dbt_test__audit: COMMIT
[0m15:40:34.349260 [debug] [ThreadPool]: SQL status: OK in 0.0 seconds
[0m15:40:34.350298 [debug] [ThreadPool]: On create_nyc_parking_violations_main_dbt_test__audit: Close
[0m15:40:34.354259 [debug] [ThreadPool]: Acquiring new duckdb connection 'list_nyc_parking_violations_main'
[0m15:40:34.360339 [debug] [ThreadPool]: Using duckdb connection "list_nyc_parking_violations_main"
[0m15:40:34.361339 [debug] [ThreadPool]: On list_nyc_parking_violations_main: BEGIN
[0m15:40:34.361339 [debug] [ThreadPool]: Opening a new connection, currently in state init
[0m15:40:34.375916 [debug] [ThreadPool]: SQL status: OK in 0.0 seconds
[0m15:40:34.375916 [debug] [ThreadPool]: Using duckdb connection "list_nyc_parking_violations_main"
[0m15:40:34.376973 [debug] [ThreadPool]: On list_nyc_parking_violations_main: /* {"app": "dbt", "dbt_version": "1.6.1", "profile_name": "nyc_parking_violations", "target_name": "dev", "connection_name": "list_nyc_parking_violations_main"} */
select
      'nyc_parking_violations' as database,
      table_name as name,
      table_schema as schema,
      CASE table_type
        WHEN 'BASE TABLE' THEN 'table'
        WHEN 'VIEW' THEN 'view'
        WHEN 'LOCAL TEMPORARY' THEN 'table'
        END as type
    from system.information_schema.tables
    where table_schema = 'main'
    and table_catalog = 'nyc_parking_violations'
  
[0m15:40:34.389674 [debug] [ThreadPool]: SQL status: OK in 0.0 seconds
[0m15:40:34.390343 [debug] [ThreadPool]: On list_nyc_parking_violations_main: ROLLBACK
[0m15:40:34.390343 [debug] [ThreadPool]: Failed to rollback 'list_nyc_parking_violations_main'
[0m15:40:34.390343 [debug] [ThreadPool]: On list_nyc_parking_violations_main: Close
[0m15:40:34.395568 [debug] [ThreadPool]: Re-using an available connection from the pool (formerly list_nyc_parking_violations_main, now list_nyc_parking_violations_main_dbt_test__audit)
[0m15:40:34.395568 [debug] [ThreadPool]: Using duckdb connection "list_nyc_parking_violations_main_dbt_test__audit"
[0m15:40:34.395568 [debug] [ThreadPool]: On list_nyc_parking_violations_main_dbt_test__audit: BEGIN
[0m15:40:34.395568 [debug] [ThreadPool]: Opening a new connection, currently in state closed
[0m15:40:34.413734 [debug] [ThreadPool]: SQL status: OK in 0.0 seconds
[0m15:40:34.414735 [debug] [ThreadPool]: Using duckdb connection "list_nyc_parking_violations_main_dbt_test__audit"
[0m15:40:34.414735 [debug] [ThreadPool]: On list_nyc_parking_violations_main_dbt_test__audit: /* {"app": "dbt", "dbt_version": "1.6.1", "profile_name": "nyc_parking_violations", "target_name": "dev", "connection_name": "list_nyc_parking_violations_main_dbt_test__audit"} */
select
      'nyc_parking_violations' as database,
      table_name as name,
      table_schema as schema,
      CASE table_type
        WHEN 'BASE TABLE' THEN 'table'
        WHEN 'VIEW' THEN 'view'
        WHEN 'LOCAL TEMPORARY' THEN 'table'
        END as type
    from system.information_schema.tables
    where table_schema = 'main_dbt_test__audit'
    and table_catalog = 'nyc_parking_violations'
  
[0m15:40:34.429805 [debug] [ThreadPool]: SQL status: OK in 0.0 seconds
[0m15:40:34.431782 [debug] [ThreadPool]: On list_nyc_parking_violations_main_dbt_test__audit: ROLLBACK
[0m15:40:34.432726 [debug] [ThreadPool]: Failed to rollback 'list_nyc_parking_violations_main_dbt_test__audit'
[0m15:40:34.432726 [debug] [ThreadPool]: On list_nyc_parking_violations_main_dbt_test__audit: Close
[0m15:40:34.436849 [debug] [MainThread]: Sending event: {'category': 'dbt', 'action': 'runnable_timing', 'label': 'adb638ad-d790-4dee-93fe-d25d58f7fdc6', 'context': [<snowplow_tracker.self_describing_json.SelfDescribingJson object at 0x000001A71342BFD0>]}
[0m15:40:34.437861 [debug] [MainThread]: Using duckdb connection "master"
[0m15:40:34.437861 [debug] [MainThread]: On master: BEGIN
[0m15:40:34.438858 [debug] [MainThread]: Opening a new connection, currently in state init
[0m15:40:34.452768 [debug] [MainThread]: SQL status: OK in 0.0 seconds
[0m15:40:34.453665 [debug] [MainThread]: On master: COMMIT
[0m15:40:34.454762 [debug] [MainThread]: Using duckdb connection "master"
[0m15:40:34.455696 [debug] [MainThread]: On master: COMMIT
[0m15:40:34.455696 [debug] [MainThread]: SQL status: OK in 0.0 seconds
[0m15:40:34.455696 [debug] [MainThread]: On master: Close
[0m15:40:34.455696 [info ] [MainThread]: Concurrency: 1 threads (target='dev')
[0m15:40:34.455696 [info ] [MainThread]: 
[0m15:40:34.465567 [debug] [Thread-1 (]: Began running node test.nyc_parking_violations.generic_not_null_bronze_parking_violations_summons_number.e84297fd3d
[0m15:40:34.465567 [info ] [Thread-1 (]: 1 of 4 START test generic_not_null_bronze_parking_violations_summons_number .... [RUN]
[0m15:40:34.469058 [debug] [Thread-1 (]: Acquiring new duckdb connection 'test.nyc_parking_violations.generic_not_null_bronze_parking_violations_summons_number.e84297fd3d'
[0m15:40:34.469058 [debug] [Thread-1 (]: Began compiling node test.nyc_parking_violations.generic_not_null_bronze_parking_violations_summons_number.e84297fd3d
[0m15:40:34.479801 [debug] [Thread-1 (]: Timing info for test.nyc_parking_violations.generic_not_null_bronze_parking_violations_summons_number.e84297fd3d (compile): 15:40:34.470064 => 15:40:34.479801
[0m15:40:34.483813 [debug] [Thread-1 (]: Compilation Error in test generic_not_null_bronze_parking_violations_summons_number (models\docs\schema.yml)
  'test_generic_not_null' is undefined. This can happen when calling a macro that does not exist. Check for typos and/or install package dependencies with "dbt deps".
[0m15:40:34.483813 [error] [Thread-1 (]: 1 of 4 ERROR generic_not_null_bronze_parking_violations_summons_number ......... [[31mERROR[0m in 0.02s]
[0m15:40:34.483813 [debug] [Thread-1 (]: Finished running node test.nyc_parking_violations.generic_not_null_bronze_parking_violations_summons_number.e84297fd3d
[0m15:40:34.486145 [debug] [Thread-1 (]: Began running node test.nyc_parking_violations.not_null_bronze_parking_violations_summons_number.29cef758ac
[0m15:40:34.487196 [info ] [Thread-1 (]: 2 of 4 START test not_null_bronze_parking_violations_summons_number ............ [RUN]
[0m15:40:34.488151 [debug] [Thread-1 (]: Re-using an available connection from the pool (formerly test.nyc_parking_violations.generic_not_null_bronze_parking_violations_summons_number.e84297fd3d, now test.nyc_parking_violations.not_null_bronze_parking_violations_summons_number.29cef758ac)
[0m15:40:34.489464 [debug] [Thread-1 (]: Began compiling node test.nyc_parking_violations.not_null_bronze_parking_violations_summons_number.29cef758ac
[0m15:40:34.536030 [debug] [Thread-1 (]: Writing injected SQL for node "test.nyc_parking_violations.not_null_bronze_parking_violations_summons_number.29cef758ac"
[0m15:40:34.539032 [debug] [Thread-1 (]: Timing info for test.nyc_parking_violations.not_null_bronze_parking_violations_summons_number.29cef758ac (compile): 15:40:34.490496 => 15:40:34.538034
[0m15:40:34.540468 [debug] [Thread-1 (]: Began executing node test.nyc_parking_violations.not_null_bronze_parking_violations_summons_number.29cef758ac
[0m15:40:34.551751 [debug] [Thread-1 (]: Using duckdb connection "test.nyc_parking_violations.not_null_bronze_parking_violations_summons_number.29cef758ac"
[0m15:40:34.551751 [debug] [Thread-1 (]: On test.nyc_parking_violations.not_null_bronze_parking_violations_summons_number.29cef758ac: /* {"app": "dbt", "dbt_version": "1.6.1", "profile_name": "nyc_parking_violations", "target_name": "dev", "node_id": "test.nyc_parking_violations.not_null_bronze_parking_violations_summons_number.29cef758ac"} */
drop table if exists "nyc_parking_violations"."main_dbt_test__audit"."not_null_bronze_parking_violations_summons_number" cascade
[0m15:40:34.551751 [debug] [Thread-1 (]: Opening a new connection, currently in state init
[0m15:40:34.571829 [debug] [Thread-1 (]: SQL status: OK in 0.0 seconds
[0m15:40:34.579870 [debug] [Thread-1 (]: Using duckdb connection "test.nyc_parking_violations.not_null_bronze_parking_violations_summons_number.29cef758ac"
[0m15:40:34.580872 [debug] [Thread-1 (]: On test.nyc_parking_violations.not_null_bronze_parking_violations_summons_number.29cef758ac: BEGIN
[0m15:40:34.581872 [debug] [Thread-1 (]: SQL status: OK in 0.0 seconds
[0m15:40:34.581872 [debug] [Thread-1 (]: Using duckdb connection "test.nyc_parking_violations.not_null_bronze_parking_violations_summons_number.29cef758ac"
[0m15:40:34.582872 [debug] [Thread-1 (]: On test.nyc_parking_violations.not_null_bronze_parking_violations_summons_number.29cef758ac: /* {"app": "dbt", "dbt_version": "1.6.1", "profile_name": "nyc_parking_violations", "target_name": "dev", "node_id": "test.nyc_parking_violations.not_null_bronze_parking_violations_summons_number.29cef758ac"} */

        
  
    
    

    create  table
      "nyc_parking_violations"."main_dbt_test__audit"."not_null_bronze_parking_violations_summons_number"
  
    as (
      
    
    



select *
from "nyc_parking_violations"."main"."bronze_parking_violations"
where summons_number is null



    );
  
  
    
[0m15:40:34.583870 [debug] [Thread-1 (]: SQL status: OK in 0.0 seconds
[0m15:40:34.585378 [debug] [Thread-1 (]: On test.nyc_parking_violations.not_null_bronze_parking_violations_summons_number.29cef758ac: COMMIT
[0m15:40:34.585378 [debug] [Thread-1 (]: Using duckdb connection "test.nyc_parking_violations.not_null_bronze_parking_violations_summons_number.29cef758ac"
[0m15:40:34.586388 [debug] [Thread-1 (]: On test.nyc_parking_violations.not_null_bronze_parking_violations_summons_number.29cef758ac: COMMIT
[0m15:40:34.589808 [debug] [Thread-1 (]: SQL status: OK in 0.0 seconds
[0m15:40:34.593813 [debug] [Thread-1 (]: Writing runtime sql for node "test.nyc_parking_violations.not_null_bronze_parking_violations_summons_number.29cef758ac"
[0m15:40:34.595812 [debug] [Thread-1 (]: Using duckdb connection "test.nyc_parking_violations.not_null_bronze_parking_violations_summons_number.29cef758ac"
[0m15:40:34.596322 [debug] [Thread-1 (]: On test.nyc_parking_violations.not_null_bronze_parking_violations_summons_number.29cef758ac: BEGIN
[0m15:40:34.597337 [debug] [Thread-1 (]: SQL status: OK in 0.0 seconds
[0m15:40:34.597337 [debug] [Thread-1 (]: Using duckdb connection "test.nyc_parking_violations.not_null_bronze_parking_violations_summons_number.29cef758ac"
[0m15:40:34.598348 [debug] [Thread-1 (]: On test.nyc_parking_violations.not_null_bronze_parking_violations_summons_number.29cef758ac: /* {"app": "dbt", "dbt_version": "1.6.1", "profile_name": "nyc_parking_violations", "target_name": "dev", "node_id": "test.nyc_parking_violations.not_null_bronze_parking_violations_summons_number.29cef758ac"} */
select
      count(*) as failures,
      count(*) != 0 as should_warn,
      count(*) != 0 as should_error
    from (
      
        select *
        from "nyc_parking_violations"."main_dbt_test__audit"."not_null_bronze_parking_violations_summons_number"
    
      
    ) dbt_internal_test
[0m15:40:34.599349 [debug] [Thread-1 (]: SQL status: OK in 0.0 seconds
[0m15:40:34.601349 [debug] [Thread-1 (]: Timing info for test.nyc_parking_violations.not_null_bronze_parking_violations_summons_number.29cef758ac (execute): 15:40:34.540468 => 15:40:34.601349
[0m15:40:34.602349 [debug] [Thread-1 (]: On test.nyc_parking_violations.not_null_bronze_parking_violations_summons_number.29cef758ac: ROLLBACK
[0m15:40:34.602349 [debug] [Thread-1 (]: Failed to rollback 'test.nyc_parking_violations.not_null_bronze_parking_violations_summons_number.29cef758ac'
[0m15:40:34.603397 [debug] [Thread-1 (]: On test.nyc_parking_violations.not_null_bronze_parking_violations_summons_number.29cef758ac: Close
[0m15:40:34.622352 [info ] [Thread-1 (]: 2 of 4 PASS not_null_bronze_parking_violations_summons_number .................. [[32mPASS[0m in 0.13s]
[0m15:40:34.624423 [debug] [Thread-1 (]: Finished running node test.nyc_parking_violations.not_null_bronze_parking_violations_summons_number.29cef758ac
[0m15:40:34.624423 [debug] [Thread-1 (]: Began running node test.nyc_parking_violations.unique_bronze_parking_violations_summons_number.305522a239
[0m15:40:34.625422 [info ] [Thread-1 (]: 3 of 4 START test unique_bronze_parking_violations_summons_number .............. [RUN]
[0m15:40:34.626746 [debug] [Thread-1 (]: Re-using an available connection from the pool (formerly test.nyc_parking_violations.not_null_bronze_parking_violations_summons_number.29cef758ac, now test.nyc_parking_violations.unique_bronze_parking_violations_summons_number.305522a239)
[0m15:40:34.627757 [debug] [Thread-1 (]: Began compiling node test.nyc_parking_violations.unique_bronze_parking_violations_summons_number.305522a239
[0m15:40:34.632754 [debug] [Thread-1 (]: Writing injected SQL for node "test.nyc_parking_violations.unique_bronze_parking_violations_summons_number.305522a239"
[0m15:40:34.634755 [debug] [Thread-1 (]: Timing info for test.nyc_parking_violations.unique_bronze_parking_violations_summons_number.305522a239 (compile): 15:40:34.627757 => 15:40:34.634755
[0m15:40:34.635755 [debug] [Thread-1 (]: Began executing node test.nyc_parking_violations.unique_bronze_parking_violations_summons_number.305522a239
[0m15:40:34.641507 [debug] [Thread-1 (]: Using duckdb connection "test.nyc_parking_violations.unique_bronze_parking_violations_summons_number.305522a239"
[0m15:40:34.642508 [debug] [Thread-1 (]: On test.nyc_parking_violations.unique_bronze_parking_violations_summons_number.305522a239: /* {"app": "dbt", "dbt_version": "1.6.1", "profile_name": "nyc_parking_violations", "target_name": "dev", "node_id": "test.nyc_parking_violations.unique_bronze_parking_violations_summons_number.305522a239"} */
drop table if exists "nyc_parking_violations"."main_dbt_test__audit"."unique_bronze_parking_violations_summons_number" cascade
[0m15:40:34.643507 [debug] [Thread-1 (]: Opening a new connection, currently in state closed
[0m15:40:34.665712 [debug] [Thread-1 (]: SQL status: OK in 0.0 seconds
[0m15:40:34.668737 [debug] [Thread-1 (]: Using duckdb connection "test.nyc_parking_violations.unique_bronze_parking_violations_summons_number.305522a239"
[0m15:40:34.668737 [debug] [Thread-1 (]: On test.nyc_parking_violations.unique_bronze_parking_violations_summons_number.305522a239: BEGIN
[0m15:40:34.669733 [debug] [Thread-1 (]: SQL status: OK in 0.0 seconds
[0m15:40:34.671189 [debug] [Thread-1 (]: Using duckdb connection "test.nyc_parking_violations.unique_bronze_parking_violations_summons_number.305522a239"
[0m15:40:34.673052 [debug] [Thread-1 (]: On test.nyc_parking_violations.unique_bronze_parking_violations_summons_number.305522a239: /* {"app": "dbt", "dbt_version": "1.6.1", "profile_name": "nyc_parking_violations", "target_name": "dev", "node_id": "test.nyc_parking_violations.unique_bronze_parking_violations_summons_number.305522a239"} */

        
  
    
    

    create  table
      "nyc_parking_violations"."main_dbt_test__audit"."unique_bronze_parking_violations_summons_number"
  
    as (
      
    
    

select
    summons_number as unique_field,
    count(*) as n_records

from "nyc_parking_violations"."main"."bronze_parking_violations"
where summons_number is not null
group by summons_number
having count(*) > 1



    );
  
  
    
[0m15:40:34.675834 [debug] [Thread-1 (]: SQL status: OK in 0.0 seconds
[0m15:40:34.675834 [debug] [Thread-1 (]: On test.nyc_parking_violations.unique_bronze_parking_violations_summons_number.305522a239: COMMIT
[0m15:40:34.684233 [debug] [Thread-1 (]: Using duckdb connection "test.nyc_parking_violations.unique_bronze_parking_violations_summons_number.305522a239"
[0m15:40:34.684233 [debug] [Thread-1 (]: On test.nyc_parking_violations.unique_bronze_parking_violations_summons_number.305522a239: COMMIT
[0m15:40:34.688735 [debug] [Thread-1 (]: SQL status: OK in 0.0 seconds
[0m15:40:34.689732 [debug] [Thread-1 (]: Writing runtime sql for node "test.nyc_parking_violations.unique_bronze_parking_violations_summons_number.305522a239"
[0m15:40:34.691830 [debug] [Thread-1 (]: Using duckdb connection "test.nyc_parking_violations.unique_bronze_parking_violations_summons_number.305522a239"
[0m15:40:34.691830 [debug] [Thread-1 (]: On test.nyc_parking_violations.unique_bronze_parking_violations_summons_number.305522a239: BEGIN
[0m15:40:34.692825 [debug] [Thread-1 (]: SQL status: OK in 0.0 seconds
[0m15:40:34.692825 [debug] [Thread-1 (]: Using duckdb connection "test.nyc_parking_violations.unique_bronze_parking_violations_summons_number.305522a239"
[0m15:40:34.693822 [debug] [Thread-1 (]: On test.nyc_parking_violations.unique_bronze_parking_violations_summons_number.305522a239: /* {"app": "dbt", "dbt_version": "1.6.1", "profile_name": "nyc_parking_violations", "target_name": "dev", "node_id": "test.nyc_parking_violations.unique_bronze_parking_violations_summons_number.305522a239"} */
select
      count(*) as failures,
      count(*) != 0 as should_warn,
      count(*) != 0 as should_error
    from (
      
        select *
        from "nyc_parking_violations"."main_dbt_test__audit"."unique_bronze_parking_violations_summons_number"
    
      
    ) dbt_internal_test
[0m15:40:34.694821 [debug] [Thread-1 (]: SQL status: OK in 0.0 seconds
[0m15:40:34.696319 [debug] [Thread-1 (]: Timing info for test.nyc_parking_violations.unique_bronze_parking_violations_summons_number.305522a239 (execute): 15:40:34.636263 => 15:40:34.696319
[0m15:40:34.696319 [debug] [Thread-1 (]: On test.nyc_parking_violations.unique_bronze_parking_violations_summons_number.305522a239: ROLLBACK
[0m15:40:34.697325 [debug] [Thread-1 (]: Failed to rollback 'test.nyc_parking_violations.unique_bronze_parking_violations_summons_number.305522a239'
[0m15:40:34.697325 [debug] [Thread-1 (]: On test.nyc_parking_violations.unique_bronze_parking_violations_summons_number.305522a239: Close
[0m15:40:34.713390 [info ] [Thread-1 (]: 3 of 4 PASS unique_bronze_parking_violations_summons_number .................... [[32mPASS[0m in 0.09s]
[0m15:40:34.715396 [debug] [Thread-1 (]: Finished running node test.nyc_parking_violations.unique_bronze_parking_violations_summons_number.305522a239
[0m15:40:34.715396 [debug] [Thread-1 (]: Began running node test.nyc_parking_violations.violation_codes_revenue
[0m15:40:34.715396 [info ] [Thread-1 (]: 4 of 4 START test violation_codes_revenue ...................................... [RUN]
[0m15:40:34.715396 [debug] [Thread-1 (]: Re-using an available connection from the pool (formerly test.nyc_parking_violations.unique_bronze_parking_violations_summons_number.305522a239, now test.nyc_parking_violations.violation_codes_revenue)
[0m15:40:34.715396 [debug] [Thread-1 (]: Began compiling node test.nyc_parking_violations.violation_codes_revenue
[0m15:40:34.725437 [debug] [Thread-1 (]: Writing injected SQL for node "test.nyc_parking_violations.violation_codes_revenue"
[0m15:40:34.730450 [debug] [Thread-1 (]: Writing injected SQL for node "test.nyc_parking_violations.violation_codes_revenue"
[0m15:40:34.731788 [debug] [Thread-1 (]: Timing info for test.nyc_parking_violations.violation_codes_revenue (compile): 15:40:34.715396 => 15:40:34.731788
[0m15:40:34.732833 [debug] [Thread-1 (]: Began executing node test.nyc_parking_violations.violation_codes_revenue
[0m15:40:34.735481 [debug] [Thread-1 (]: Using duckdb connection "test.nyc_parking_violations.violation_codes_revenue"
[0m15:40:34.736584 [debug] [Thread-1 (]: On test.nyc_parking_violations.violation_codes_revenue: /* {"app": "dbt", "dbt_version": "1.6.1", "profile_name": "nyc_parking_violations", "target_name": "dev", "node_id": "test.nyc_parking_violations.violation_codes_revenue"} */
drop table if exists "nyc_parking_violations"."main_dbt_test__audit"."violation_codes_revenue" cascade
[0m15:40:34.736584 [debug] [Thread-1 (]: Opening a new connection, currently in state closed
[0m15:40:34.756107 [debug] [Thread-1 (]: SQL status: OK in 0.0 seconds
[0m15:40:34.758118 [debug] [Thread-1 (]: Using duckdb connection "test.nyc_parking_violations.violation_codes_revenue"
[0m15:40:34.759120 [debug] [Thread-1 (]: On test.nyc_parking_violations.violation_codes_revenue: BEGIN
[0m15:40:34.760117 [debug] [Thread-1 (]: SQL status: OK in 0.0 seconds
[0m15:40:34.760117 [debug] [Thread-1 (]: Using duckdb connection "test.nyc_parking_violations.violation_codes_revenue"
[0m15:40:34.761113 [debug] [Thread-1 (]: On test.nyc_parking_violations.violation_codes_revenue: /* {"app": "dbt", "dbt_version": "1.6.1", "profile_name": "nyc_parking_violations", "target_name": "dev", "node_id": "test.nyc_parking_violations.violation_codes_revenue"} */

        
  
    
    

    create  table
      "nyc_parking_violations"."main_dbt_test__audit"."violation_codes_revenue"
  
    as (
      

with __dbt__cte__silver_parking_violation_codes as (
WITH manhattan_violation_codes AS (
    SELECT
        violation_code,
        definition,
        TRUE AS is_manhattan_96th_st_below,
        manhattan_96th_st_below AS fee_usd,
    FROM
        "nyc_parking_violations"."main"."bronze_parking_violation_codes"
),

all_other_violation_codes AS (
    SELECT
        violation_code,
        definition,
        FALSE AS is_manhattan_96th_st_below,
        all_other_areas AS fee_usd,
    FROM
        "nyc_parking_violations"."main"."bronze_parking_violation_codes"
)

SELECT * FROM manhattan_violation_codes
UNION ALL
SELECT * FROM all_other_violation_codes
ORDER BY violation_code ASC
) SELECT
    violation_code,
    SUM(fee_usd) AS total_revenue_usd
FROM
    __dbt__cte__silver_parking_violation_codes
GROUP BY
    violation_code
HAVING
    NOT(total_revenue_usd >= 1)
    );
  
  
    
[0m15:40:34.764129 [debug] [Thread-1 (]: SQL status: OK in 0.0 seconds
[0m15:40:34.765660 [debug] [Thread-1 (]: On test.nyc_parking_violations.violation_codes_revenue: COMMIT
[0m15:40:34.766680 [debug] [Thread-1 (]: Using duckdb connection "test.nyc_parking_violations.violation_codes_revenue"
[0m15:40:34.766680 [debug] [Thread-1 (]: On test.nyc_parking_violations.violation_codes_revenue: COMMIT
[0m15:40:34.770681 [debug] [Thread-1 (]: SQL status: OK in 0.0 seconds
[0m15:40:34.772022 [debug] [Thread-1 (]: Writing runtime sql for node "test.nyc_parking_violations.violation_codes_revenue"
[0m15:40:34.773769 [debug] [Thread-1 (]: Using duckdb connection "test.nyc_parking_violations.violation_codes_revenue"
[0m15:40:34.775993 [debug] [Thread-1 (]: On test.nyc_parking_violations.violation_codes_revenue: BEGIN
[0m15:40:34.775993 [debug] [Thread-1 (]: SQL status: OK in 0.0 seconds
[0m15:40:34.775993 [debug] [Thread-1 (]: Using duckdb connection "test.nyc_parking_violations.violation_codes_revenue"
[0m15:40:34.778072 [debug] [Thread-1 (]: On test.nyc_parking_violations.violation_codes_revenue: /* {"app": "dbt", "dbt_version": "1.6.1", "profile_name": "nyc_parking_violations", "target_name": "dev", "node_id": "test.nyc_parking_violations.violation_codes_revenue"} */
select
      count(*) as failures,
      count(*) != 0 as should_warn,
      count(*) != 0 as should_error
    from (
      
        select *
        from "nyc_parking_violations"."main_dbt_test__audit"."violation_codes_revenue"
    
      
    ) dbt_internal_test
[0m15:40:34.778072 [debug] [Thread-1 (]: SQL status: OK in 0.0 seconds
[0m15:40:34.781235 [debug] [Thread-1 (]: Timing info for test.nyc_parking_violations.violation_codes_revenue (execute): 15:40:34.732833 => 15:40:34.781235
[0m15:40:34.781235 [debug] [Thread-1 (]: On test.nyc_parking_violations.violation_codes_revenue: ROLLBACK
[0m15:40:34.781235 [debug] [Thread-1 (]: Failed to rollback 'test.nyc_parking_violations.violation_codes_revenue'
[0m15:40:34.781235 [debug] [Thread-1 (]: On test.nyc_parking_violations.violation_codes_revenue: Close
[0m15:40:34.799703 [warn ] [Thread-1 (]: 4 of 4 WARN 1 violation_codes_revenue .......................................... [[33mWARN 1[0m in 0.08s]
[0m15:40:34.800704 [debug] [Thread-1 (]: Finished running node test.nyc_parking_violations.violation_codes_revenue
[0m15:40:34.802700 [debug] [MainThread]: Using duckdb connection "master"
[0m15:40:34.803701 [debug] [MainThread]: On master: BEGIN
[0m15:40:34.803701 [debug] [MainThread]: Opening a new connection, currently in state closed
[0m15:40:34.818020 [debug] [MainThread]: SQL status: OK in 0.0 seconds
[0m15:40:34.819024 [debug] [MainThread]: On master: COMMIT
[0m15:40:34.819024 [debug] [MainThread]: Using duckdb connection "master"
[0m15:40:34.820029 [debug] [MainThread]: On master: COMMIT
[0m15:40:34.820029 [debug] [MainThread]: SQL status: OK in 0.0 seconds
[0m15:40:34.822052 [debug] [MainThread]: On master: Close
[0m15:40:34.826587 [debug] [MainThread]: Connection 'master' was properly closed.
[0m15:40:34.826587 [debug] [MainThread]: Connection 'create_nyc_parking_violations_main_dbt_test__audit' was properly closed.
[0m15:40:34.827588 [debug] [MainThread]: Connection 'list_nyc_parking_violations_main_dbt_test__audit' was properly closed.
[0m15:40:34.827588 [debug] [MainThread]: Connection 'test.nyc_parking_violations.violation_codes_revenue' was properly closed.
[0m15:40:34.828589 [info ] [MainThread]: 
[0m15:40:34.829683 [info ] [MainThread]: Finished running 4 tests in 0 hours 0 minutes and 0.54 seconds (0.54s).
[0m15:40:34.831588 [debug] [MainThread]: Command end result
[0m15:40:34.843528 [info ] [MainThread]: 
[0m15:40:34.843982 [info ] [MainThread]: [31mCompleted with 1 error and 1 warning:[0m
[0m15:40:34.845602 [info ] [MainThread]: 
[0m15:40:34.845602 [error] [MainThread]: [33mCompilation Error in test generic_not_null_bronze_parking_violations_summons_number (models\docs\schema.yml)[0m
[0m15:40:34.845602 [error] [MainThread]:   'test_generic_not_null' is undefined. This can happen when calling a macro that does not exist. Check for typos and/or install package dependencies with "dbt deps".
[0m15:40:34.845602 [info ] [MainThread]: 
[0m15:40:34.845602 [warn ] [MainThread]: [33mWarning in test violation_codes_revenue (tests\violation_codes_revenue.sql)[0m
[0m15:40:34.849935 [warn ] [MainThread]: Got 1 result, configured to warn if != 0
[0m15:40:34.849935 [info ] [MainThread]: 
[0m15:40:34.851052 [info ] [MainThread]:   compiled Code at target\compiled\nyc_parking_violations\tests\violation_codes_revenue.sql
[0m15:40:34.851662 [info ] [MainThread]: 
[0m15:40:34.852710 [info ] [MainThread]:   See test failures:
  ---------------------------------------------------------------------------------------
  select * from "nyc_parking_violations"."main_dbt_test__audit"."violation_codes_revenue"
  ---------------------------------------------------------------------------------------
[0m15:40:34.852710 [info ] [MainThread]: 
[0m15:40:34.853670 [info ] [MainThread]: Done. PASS=2 WARN=1 ERROR=1 SKIP=0 TOTAL=4
[0m15:40:34.855671 [debug] [MainThread]: Command `dbt test` failed at 15:40:34.855671 after 0.99 seconds
[0m15:40:34.856727 [debug] [MainThread]: Sending event: {'category': 'dbt', 'action': 'invocation', 'label': 'end', 'context': [<snowplow_tracker.self_describing_json.SelfDescribingJson object at 0x000001A7101EF520>, <snowplow_tracker.self_describing_json.SelfDescribingJson object at 0x000001A71346A4D0>, <snowplow_tracker.self_describing_json.SelfDescribingJson object at 0x000001A7130F4820>]}
[0m15:40:34.856727 [debug] [MainThread]: Flushing usage events
[0m15:42:57.627417 [debug] [MainThread]: Sending event: {'category': 'dbt', 'action': 'invocation', 'label': 'start', 'context': [<snowplow_tracker.self_describing_json.SelfDescribingJson object at 0x0000026C99B3F520>, <snowplow_tracker.self_describing_json.SelfDescribingJson object at 0x0000026C9C8F9DB0>, <snowplow_tracker.self_describing_json.SelfDescribingJson object at 0x0000026C9C8F8880>]}


============================== 15:42:57.627417 | dfc9fe01-4455-4f00-ac3b-34915095be06 ==============================
[0m15:42:57.627417 [info ] [MainThread]: Running with dbt=1.6.1
[0m15:42:57.627417 [debug] [MainThread]: running dbt with arguments {'no_print': 'None', 'cache_selected_only': 'False', 'target_path': 'None', 'log_format': 'default', 'invocation_command': 'dbt test', 'warn_error': 'None', 'static_parser': 'True', 'fail_fast': 'False', 'indirect_selection': 'eager', 'send_anonymous_usage_stats': 'True', 'partial_parse': 'True', 'warn_error_options': 'WarnErrorOptions(include=[], exclude=[])', 'log_path': 'D:\\DBT CORE\\nyc_parking_violations\\logs', 'version_check': 'True', 'use_experimental_parser': 'False', 'quiet': 'False', 'introspect': 'True', 'log_cache_events': 'False', 'debug': 'False', 'profiles_dir': 'D:\\DBT CORE\\nyc_parking_violations', 'use_colors': 'True', 'printer_width': '80', 'write_json': 'True'}
[0m15:42:57.739282 [debug] [MainThread]: Sending event: {'category': 'dbt', 'action': 'project_id', 'label': 'dfc9fe01-4455-4f00-ac3b-34915095be06', 'context': [<snowplow_tracker.self_describing_json.SelfDescribingJson object at 0x0000026C9C8F9F30>]}
[0m15:42:57.755404 [debug] [MainThread]: Sending event: {'category': 'dbt', 'action': 'adapter_info', 'label': 'dfc9fe01-4455-4f00-ac3b-34915095be06', 'context': [<snowplow_tracker.self_describing_json.SelfDescribingJson object at 0x0000026C9C9DAD40>]}
[0m15:42:57.755404 [info ] [MainThread]: Registered adapter: duckdb=1.6.0
[0m15:42:57.778622 [debug] [MainThread]: checksum: efe19d9f5b93d1a98cc804fbfcdb6b3aced98b974af664946fee1cde8837deb7, vars: {}, profile: , target: , version: 1.6.1
[0m15:42:57.848733 [debug] [MainThread]: Partial parsing enabled: 0 files deleted, 0 files added, 1 files changed.
[0m15:42:57.849725 [debug] [MainThread]: Partial parsing: updated file: nyc_parking_violations://models\docs\schema.yml
[0m15:42:57.936285 [debug] [MainThread]: Sending event: {'category': 'dbt', 'action': 'load_project', 'label': 'dfc9fe01-4455-4f00-ac3b-34915095be06', 'context': [<snowplow_tracker.self_describing_json.SelfDescribingJson object at 0x0000026C9CD0FEB0>]}
[0m15:42:57.936285 [debug] [MainThread]: Sending event: {'category': 'dbt', 'action': 'resource_counts', 'label': 'dfc9fe01-4455-4f00-ac3b-34915095be06', 'context': [<snowplow_tracker.self_describing_json.SelfDescribingJson object at 0x0000026C9CC999F0>]}
[0m15:42:57.936285 [info ] [MainThread]: Found 10 models, 4 tests, 0 sources, 0 exposures, 0 metrics, 348 macros, 0 groups, 0 semantic models
[0m15:42:57.936285 [debug] [MainThread]: Sending event: {'category': 'dbt', 'action': 'runnable_timing', 'label': 'dfc9fe01-4455-4f00-ac3b-34915095be06', 'context': [<snowplow_tracker.self_describing_json.SelfDescribingJson object at 0x0000026C9CC9A680>]}
[0m15:42:57.952294 [info ] [MainThread]: 
[0m15:42:57.952294 [debug] [MainThread]: Acquiring new duckdb connection 'master'
[0m15:42:57.952294 [debug] [ThreadPool]: Acquiring new duckdb connection 'list_nyc_parking_violations'
[0m15:42:57.952294 [debug] [ThreadPool]: Using duckdb connection "list_nyc_parking_violations"
[0m15:42:57.952294 [debug] [ThreadPool]: On list_nyc_parking_violations: /* {"app": "dbt", "dbt_version": "1.6.1", "profile_name": "nyc_parking_violations", "target_name": "dev", "connection_name": "list_nyc_parking_violations"} */

    
    select schema_name
    from system.information_schema.schemata
    
    where catalog_name = '"nyc_parking_violations"'
    
  
  
[0m15:42:57.952294 [debug] [ThreadPool]: Opening a new connection, currently in state init
[0m15:42:57.974564 [debug] [ThreadPool]: SQL status: OK in 0.0 seconds
[0m15:42:57.974564 [debug] [ThreadPool]: On list_nyc_parking_violations: Close
[0m15:42:57.974564 [debug] [ThreadPool]: Re-using an available connection from the pool (formerly list_nyc_parking_violations, now create_nyc_parking_violations_main_dbt_test__audit)
[0m15:42:57.974564 [debug] [ThreadPool]: Creating schema "database: "nyc_parking_violations"
schema: "main_dbt_test__audit"
"
[0m15:42:57.993007 [debug] [ThreadPool]: Using duckdb connection "create_nyc_parking_violations_main_dbt_test__audit"
[0m15:42:57.994007 [debug] [ThreadPool]: On create_nyc_parking_violations_main_dbt_test__audit: BEGIN
[0m15:42:57.994007 [debug] [ThreadPool]: Opening a new connection, currently in state closed
[0m15:42:58.008918 [debug] [ThreadPool]: SQL status: OK in 0.0 seconds
[0m15:42:58.008918 [debug] [ThreadPool]: Using duckdb connection "create_nyc_parking_violations_main_dbt_test__audit"
[0m15:42:58.008918 [debug] [ThreadPool]: On create_nyc_parking_violations_main_dbt_test__audit: /* {"app": "dbt", "dbt_version": "1.6.1", "profile_name": "nyc_parking_violations", "target_name": "dev", "connection_name": "create_nyc_parking_violations_main_dbt_test__audit"} */
create schema if not exists "nyc_parking_violations"."main_dbt_test__audit"
[0m15:42:58.008918 [debug] [ThreadPool]: SQL status: OK in 0.0 seconds
[0m15:42:58.008918 [debug] [ThreadPool]: On create_nyc_parking_violations_main_dbt_test__audit: COMMIT
[0m15:42:58.008918 [debug] [ThreadPool]: Using duckdb connection "create_nyc_parking_violations_main_dbt_test__audit"
[0m15:42:58.008918 [debug] [ThreadPool]: On create_nyc_parking_violations_main_dbt_test__audit: COMMIT
[0m15:42:58.008918 [debug] [ThreadPool]: SQL status: OK in 0.0 seconds
[0m15:42:58.008918 [debug] [ThreadPool]: On create_nyc_parking_violations_main_dbt_test__audit: Close
[0m15:42:58.008918 [debug] [ThreadPool]: Acquiring new duckdb connection 'list_nyc_parking_violations_main_dbt_test__audit'
[0m15:42:58.023443 [debug] [ThreadPool]: Using duckdb connection "list_nyc_parking_violations_main_dbt_test__audit"
[0m15:42:58.023443 [debug] [ThreadPool]: On list_nyc_parking_violations_main_dbt_test__audit: BEGIN
[0m15:42:58.023443 [debug] [ThreadPool]: Opening a new connection, currently in state init
[0m15:42:58.039262 [debug] [ThreadPool]: SQL status: OK in 0.0 seconds
[0m15:42:58.040091 [debug] [ThreadPool]: Using duckdb connection "list_nyc_parking_violations_main_dbt_test__audit"
[0m15:42:58.041194 [debug] [ThreadPool]: On list_nyc_parking_violations_main_dbt_test__audit: /* {"app": "dbt", "dbt_version": "1.6.1", "profile_name": "nyc_parking_violations", "target_name": "dev", "connection_name": "list_nyc_parking_violations_main_dbt_test__audit"} */
select
      'nyc_parking_violations' as database,
      table_name as name,
      table_schema as schema,
      CASE table_type
        WHEN 'BASE TABLE' THEN 'table'
        WHEN 'VIEW' THEN 'view'
        WHEN 'LOCAL TEMPORARY' THEN 'table'
        END as type
    from system.information_schema.tables
    where table_schema = 'main_dbt_test__audit'
    and table_catalog = 'nyc_parking_violations'
  
[0m15:42:58.052189 [debug] [ThreadPool]: SQL status: OK in 0.0 seconds
[0m15:42:58.053136 [debug] [ThreadPool]: On list_nyc_parking_violations_main_dbt_test__audit: ROLLBACK
[0m15:42:58.054097 [debug] [ThreadPool]: Failed to rollback 'list_nyc_parking_violations_main_dbt_test__audit'
[0m15:42:58.054097 [debug] [ThreadPool]: On list_nyc_parking_violations_main_dbt_test__audit: Close
[0m15:42:58.057788 [debug] [ThreadPool]: Re-using an available connection from the pool (formerly list_nyc_parking_violations_main_dbt_test__audit, now list_nyc_parking_violations_main)
[0m15:42:58.060788 [debug] [ThreadPool]: Using duckdb connection "list_nyc_parking_violations_main"
[0m15:42:58.061787 [debug] [ThreadPool]: On list_nyc_parking_violations_main: BEGIN
[0m15:42:58.061787 [debug] [ThreadPool]: Opening a new connection, currently in state closed
[0m15:42:58.072787 [debug] [ThreadPool]: SQL status: OK in 0.0 seconds
[0m15:42:58.072787 [debug] [ThreadPool]: Using duckdb connection "list_nyc_parking_violations_main"
[0m15:42:58.072787 [debug] [ThreadPool]: On list_nyc_parking_violations_main: /* {"app": "dbt", "dbt_version": "1.6.1", "profile_name": "nyc_parking_violations", "target_name": "dev", "connection_name": "list_nyc_parking_violations_main"} */
select
      'nyc_parking_violations' as database,
      table_name as name,
      table_schema as schema,
      CASE table_type
        WHEN 'BASE TABLE' THEN 'table'
        WHEN 'VIEW' THEN 'view'
        WHEN 'LOCAL TEMPORARY' THEN 'table'
        END as type
    from system.information_schema.tables
    where table_schema = 'main'
    and table_catalog = 'nyc_parking_violations'
  
[0m15:42:58.072787 [debug] [ThreadPool]: SQL status: OK in 0.0 seconds
[0m15:42:58.072787 [debug] [ThreadPool]: On list_nyc_parking_violations_main: ROLLBACK
[0m15:42:58.072787 [debug] [ThreadPool]: Failed to rollback 'list_nyc_parking_violations_main'
[0m15:42:58.088532 [debug] [ThreadPool]: On list_nyc_parking_violations_main: Close
[0m15:42:58.088532 [debug] [MainThread]: Sending event: {'category': 'dbt', 'action': 'runnable_timing', 'label': 'dfc9fe01-4455-4f00-ac3b-34915095be06', 'context': [<snowplow_tracker.self_describing_json.SelfDescribingJson object at 0x0000026C9CCDE5C0>]}
[0m15:42:58.088532 [debug] [MainThread]: Using duckdb connection "master"
[0m15:42:58.088532 [debug] [MainThread]: On master: BEGIN
[0m15:42:58.088532 [debug] [MainThread]: Opening a new connection, currently in state init
[0m15:42:58.104582 [debug] [MainThread]: SQL status: OK in 0.0 seconds
[0m15:42:58.104582 [debug] [MainThread]: On master: COMMIT
[0m15:42:58.104582 [debug] [MainThread]: Using duckdb connection "master"
[0m15:42:58.104582 [debug] [MainThread]: On master: COMMIT
[0m15:42:58.104582 [debug] [MainThread]: SQL status: OK in 0.0 seconds
[0m15:42:58.104582 [debug] [MainThread]: On master: Close
[0m15:42:58.104582 [info ] [MainThread]: Concurrency: 1 threads (target='dev')
[0m15:42:58.104582 [info ] [MainThread]: 
[0m15:42:58.104582 [debug] [Thread-1 (]: Began running node test.nyc_parking_violations.generic_not_null_bronze_parking_violations_summons_number.e84297fd3d
[0m15:42:58.104582 [info ] [Thread-1 (]: 1 of 4 START test generic_not_null_bronze_parking_violations_summons_number .... [RUN]
[0m15:42:58.104582 [debug] [Thread-1 (]: Acquiring new duckdb connection 'test.nyc_parking_violations.generic_not_null_bronze_parking_violations_summons_number.e84297fd3d'
[0m15:42:58.104582 [debug] [Thread-1 (]: Began compiling node test.nyc_parking_violations.generic_not_null_bronze_parking_violations_summons_number.e84297fd3d
[0m15:42:58.129872 [debug] [Thread-1 (]: Timing info for test.nyc_parking_violations.generic_not_null_bronze_parking_violations_summons_number.e84297fd3d (compile): 15:42:58.120539 => 15:42:58.129872
[0m15:42:58.132870 [debug] [Thread-1 (]: Compilation Error in test generic_not_null_bronze_parking_violations_summons_number (models\docs\schema.yml)
  'test_generic_not_null' is undefined. This can happen when calling a macro that does not exist. Check for typos and/or install package dependencies with "dbt deps".
[0m15:42:58.133869 [error] [Thread-1 (]: 1 of 4 ERROR generic_not_null_bronze_parking_violations_summons_number ......... [[31mERROR[0m in 0.03s]
[0m15:42:58.134870 [debug] [Thread-1 (]: Finished running node test.nyc_parking_violations.generic_not_null_bronze_parking_violations_summons_number.e84297fd3d
[0m15:42:58.134870 [debug] [Thread-1 (]: Began running node test.nyc_parking_violations.not_null_bronze_parking_violations_summons_number.29cef758ac
[0m15:42:58.135870 [info ] [Thread-1 (]: 2 of 4 START test not_null_bronze_parking_violations_summons_number ............ [RUN]
[0m15:42:58.136879 [debug] [Thread-1 (]: Re-using an available connection from the pool (formerly test.nyc_parking_violations.generic_not_null_bronze_parking_violations_summons_number.e84297fd3d, now test.nyc_parking_violations.not_null_bronze_parking_violations_summons_number.29cef758ac)
[0m15:42:58.137872 [debug] [Thread-1 (]: Began compiling node test.nyc_parking_violations.not_null_bronze_parking_violations_summons_number.29cef758ac
[0m15:42:58.179698 [debug] [Thread-1 (]: Writing injected SQL for node "test.nyc_parking_violations.not_null_bronze_parking_violations_summons_number.29cef758ac"
[0m15:42:58.181696 [debug] [Thread-1 (]: Timing info for test.nyc_parking_violations.not_null_bronze_parking_violations_summons_number.29cef758ac (compile): 15:42:58.137872 => 15:42:58.181696
[0m15:42:58.181696 [debug] [Thread-1 (]: Began executing node test.nyc_parking_violations.not_null_bronze_parking_violations_summons_number.29cef758ac
[0m15:42:58.189396 [debug] [Thread-1 (]: Using duckdb connection "test.nyc_parking_violations.not_null_bronze_parking_violations_summons_number.29cef758ac"
[0m15:42:58.189396 [debug] [Thread-1 (]: On test.nyc_parking_violations.not_null_bronze_parking_violations_summons_number.29cef758ac: /* {"app": "dbt", "dbt_version": "1.6.1", "profile_name": "nyc_parking_violations", "target_name": "dev", "node_id": "test.nyc_parking_violations.not_null_bronze_parking_violations_summons_number.29cef758ac"} */
drop table if exists "nyc_parking_violations"."main_dbt_test__audit"."not_null_bronze_parking_violations_summons_number" cascade
[0m15:42:58.189396 [debug] [Thread-1 (]: Opening a new connection, currently in state init
[0m15:42:58.212840 [debug] [Thread-1 (]: SQL status: OK in 0.0 seconds
[0m15:42:58.222215 [debug] [Thread-1 (]: Using duckdb connection "test.nyc_parking_violations.not_null_bronze_parking_violations_summons_number.29cef758ac"
[0m15:42:58.223221 [debug] [Thread-1 (]: On test.nyc_parking_violations.not_null_bronze_parking_violations_summons_number.29cef758ac: BEGIN
[0m15:42:58.225232 [debug] [Thread-1 (]: SQL status: OK in 0.0 seconds
[0m15:42:58.225232 [debug] [Thread-1 (]: Using duckdb connection "test.nyc_parking_violations.not_null_bronze_parking_violations_summons_number.29cef758ac"
[0m15:42:58.226223 [debug] [Thread-1 (]: On test.nyc_parking_violations.not_null_bronze_parking_violations_summons_number.29cef758ac: /* {"app": "dbt", "dbt_version": "1.6.1", "profile_name": "nyc_parking_violations", "target_name": "dev", "node_id": "test.nyc_parking_violations.not_null_bronze_parking_violations_summons_number.29cef758ac"} */

        
  
    
    

    create  table
      "nyc_parking_violations"."main_dbt_test__audit"."not_null_bronze_parking_violations_summons_number"
  
    as (
      
    
    



select *
from "nyc_parking_violations"."main"."bronze_parking_violations"
where summons_number is null



    );
  
  
    
[0m15:42:58.227219 [debug] [Thread-1 (]: SQL status: OK in 0.0 seconds
[0m15:42:58.228722 [debug] [Thread-1 (]: On test.nyc_parking_violations.not_null_bronze_parking_violations_summons_number.29cef758ac: COMMIT
[0m15:42:58.229727 [debug] [Thread-1 (]: Using duckdb connection "test.nyc_parking_violations.not_null_bronze_parking_violations_summons_number.29cef758ac"
[0m15:42:58.229727 [debug] [Thread-1 (]: On test.nyc_parking_violations.not_null_bronze_parking_violations_summons_number.29cef758ac: COMMIT
[0m15:42:58.234726 [debug] [Thread-1 (]: SQL status: OK in 0.0 seconds
[0m15:42:58.237728 [debug] [Thread-1 (]: Writing runtime sql for node "test.nyc_parking_violations.not_null_bronze_parking_violations_summons_number.29cef758ac"
[0m15:42:58.240167 [debug] [Thread-1 (]: Using duckdb connection "test.nyc_parking_violations.not_null_bronze_parking_violations_summons_number.29cef758ac"
[0m15:42:58.241261 [debug] [Thread-1 (]: On test.nyc_parking_violations.not_null_bronze_parking_violations_summons_number.29cef758ac: BEGIN
[0m15:42:58.242164 [debug] [Thread-1 (]: SQL status: OK in 0.0 seconds
[0m15:42:58.242164 [debug] [Thread-1 (]: Using duckdb connection "test.nyc_parking_violations.not_null_bronze_parking_violations_summons_number.29cef758ac"
[0m15:42:58.243166 [debug] [Thread-1 (]: On test.nyc_parking_violations.not_null_bronze_parking_violations_summons_number.29cef758ac: /* {"app": "dbt", "dbt_version": "1.6.1", "profile_name": "nyc_parking_violations", "target_name": "dev", "node_id": "test.nyc_parking_violations.not_null_bronze_parking_violations_summons_number.29cef758ac"} */
select
      count(*) as failures,
      count(*) != 0 as should_warn,
      count(*) != 0 as should_error
    from (
      
        select *
        from "nyc_parking_violations"."main_dbt_test__audit"."not_null_bronze_parking_violations_summons_number"
    
      
    ) dbt_internal_test
[0m15:42:58.244188 [debug] [Thread-1 (]: SQL status: OK in 0.0 seconds
[0m15:42:58.246163 [debug] [Thread-1 (]: Timing info for test.nyc_parking_violations.not_null_bronze_parking_violations_summons_number.29cef758ac (execute): 15:42:58.182800 => 15:42:58.246163
[0m15:42:58.247163 [debug] [Thread-1 (]: On test.nyc_parking_violations.not_null_bronze_parking_violations_summons_number.29cef758ac: ROLLBACK
[0m15:42:58.247163 [debug] [Thread-1 (]: Failed to rollback 'test.nyc_parking_violations.not_null_bronze_parking_violations_summons_number.29cef758ac'
[0m15:42:58.248163 [debug] [Thread-1 (]: On test.nyc_parking_violations.not_null_bronze_parking_violations_summons_number.29cef758ac: Close
[0m15:42:58.260170 [info ] [Thread-1 (]: 2 of 4 PASS not_null_bronze_parking_violations_summons_number .................. [[32mPASS[0m in 0.12s]
[0m15:42:58.260170 [debug] [Thread-1 (]: Finished running node test.nyc_parking_violations.not_null_bronze_parking_violations_summons_number.29cef758ac
[0m15:42:58.260170 [debug] [Thread-1 (]: Began running node test.nyc_parking_violations.unique_bronze_parking_violations_summons_number.305522a239
[0m15:42:58.266727 [info ] [Thread-1 (]: 3 of 4 START test unique_bronze_parking_violations_summons_number .............. [RUN]
[0m15:42:58.266727 [debug] [Thread-1 (]: Re-using an available connection from the pool (formerly test.nyc_parking_violations.not_null_bronze_parking_violations_summons_number.29cef758ac, now test.nyc_parking_violations.unique_bronze_parking_violations_summons_number.305522a239)
[0m15:42:58.266727 [debug] [Thread-1 (]: Began compiling node test.nyc_parking_violations.unique_bronze_parking_violations_summons_number.305522a239
[0m15:42:58.275038 [debug] [Thread-1 (]: Writing injected SQL for node "test.nyc_parking_violations.unique_bronze_parking_violations_summons_number.305522a239"
[0m15:42:58.276800 [debug] [Thread-1 (]: Timing info for test.nyc_parking_violations.unique_bronze_parking_violations_summons_number.305522a239 (compile): 15:42:58.266727 => 15:42:58.276800
[0m15:42:58.277866 [debug] [Thread-1 (]: Began executing node test.nyc_parking_violations.unique_bronze_parking_violations_summons_number.305522a239
[0m15:42:58.278839 [debug] [Thread-1 (]: Using duckdb connection "test.nyc_parking_violations.unique_bronze_parking_violations_summons_number.305522a239"
[0m15:42:58.278839 [debug] [Thread-1 (]: On test.nyc_parking_violations.unique_bronze_parking_violations_summons_number.305522a239: /* {"app": "dbt", "dbt_version": "1.6.1", "profile_name": "nyc_parking_violations", "target_name": "dev", "node_id": "test.nyc_parking_violations.unique_bronze_parking_violations_summons_number.305522a239"} */
drop table if exists "nyc_parking_violations"."main_dbt_test__audit"."unique_bronze_parking_violations_summons_number" cascade
[0m15:42:58.278839 [debug] [Thread-1 (]: Opening a new connection, currently in state closed
[0m15:42:58.296645 [debug] [Thread-1 (]: SQL status: OK in 0.0 seconds
[0m15:42:58.296645 [debug] [Thread-1 (]: Using duckdb connection "test.nyc_parking_violations.unique_bronze_parking_violations_summons_number.305522a239"
[0m15:42:58.296645 [debug] [Thread-1 (]: On test.nyc_parking_violations.unique_bronze_parking_violations_summons_number.305522a239: BEGIN
[0m15:42:58.296645 [debug] [Thread-1 (]: SQL status: OK in 0.0 seconds
[0m15:42:58.296645 [debug] [Thread-1 (]: Using duckdb connection "test.nyc_parking_violations.unique_bronze_parking_violations_summons_number.305522a239"
[0m15:42:58.296645 [debug] [Thread-1 (]: On test.nyc_parking_violations.unique_bronze_parking_violations_summons_number.305522a239: /* {"app": "dbt", "dbt_version": "1.6.1", "profile_name": "nyc_parking_violations", "target_name": "dev", "node_id": "test.nyc_parking_violations.unique_bronze_parking_violations_summons_number.305522a239"} */

        
  
    
    

    create  table
      "nyc_parking_violations"."main_dbt_test__audit"."unique_bronze_parking_violations_summons_number"
  
    as (
      
    
    

select
    summons_number as unique_field,
    count(*) as n_records

from "nyc_parking_violations"."main"."bronze_parking_violations"
where summons_number is not null
group by summons_number
having count(*) > 1



    );
  
  
    
[0m15:42:58.309000 [debug] [Thread-1 (]: SQL status: OK in 0.0 seconds
[0m15:42:58.309000 [debug] [Thread-1 (]: On test.nyc_parking_violations.unique_bronze_parking_violations_summons_number.305522a239: COMMIT
[0m15:42:58.309000 [debug] [Thread-1 (]: Using duckdb connection "test.nyc_parking_violations.unique_bronze_parking_violations_summons_number.305522a239"
[0m15:42:58.309000 [debug] [Thread-1 (]: On test.nyc_parking_violations.unique_bronze_parking_violations_summons_number.305522a239: COMMIT
[0m15:42:58.324040 [debug] [Thread-1 (]: SQL status: OK in 0.0 seconds
[0m15:42:58.324040 [debug] [Thread-1 (]: Writing runtime sql for node "test.nyc_parking_violations.unique_bronze_parking_violations_summons_number.305522a239"
[0m15:42:58.324040 [debug] [Thread-1 (]: Using duckdb connection "test.nyc_parking_violations.unique_bronze_parking_violations_summons_number.305522a239"
[0m15:42:58.324040 [debug] [Thread-1 (]: On test.nyc_parking_violations.unique_bronze_parking_violations_summons_number.305522a239: BEGIN
[0m15:42:58.328772 [debug] [Thread-1 (]: SQL status: OK in 0.0 seconds
[0m15:42:58.328772 [debug] [Thread-1 (]: Using duckdb connection "test.nyc_parking_violations.unique_bronze_parking_violations_summons_number.305522a239"
[0m15:42:58.328772 [debug] [Thread-1 (]: On test.nyc_parking_violations.unique_bronze_parking_violations_summons_number.305522a239: /* {"app": "dbt", "dbt_version": "1.6.1", "profile_name": "nyc_parking_violations", "target_name": "dev", "node_id": "test.nyc_parking_violations.unique_bronze_parking_violations_summons_number.305522a239"} */
select
      count(*) as failures,
      count(*) != 0 as should_warn,
      count(*) != 0 as should_error
    from (
      
        select *
        from "nyc_parking_violations"."main_dbt_test__audit"."unique_bronze_parking_violations_summons_number"
    
      
    ) dbt_internal_test
[0m15:42:58.328772 [debug] [Thread-1 (]: SQL status: OK in 0.0 seconds
[0m15:42:58.328772 [debug] [Thread-1 (]: Timing info for test.nyc_parking_violations.unique_bronze_parking_violations_summons_number.305522a239 (execute): 15:42:58.278839 => 15:42:58.328772
[0m15:42:58.328772 [debug] [Thread-1 (]: On test.nyc_parking_violations.unique_bronze_parking_violations_summons_number.305522a239: ROLLBACK
[0m15:42:58.328772 [debug] [Thread-1 (]: Failed to rollback 'test.nyc_parking_violations.unique_bronze_parking_violations_summons_number.305522a239'
[0m15:42:58.328772 [debug] [Thread-1 (]: On test.nyc_parking_violations.unique_bronze_parking_violations_summons_number.305522a239: Close
[0m15:42:58.350659 [info ] [Thread-1 (]: 3 of 4 PASS unique_bronze_parking_violations_summons_number .................... [[32mPASS[0m in 0.08s]
[0m15:42:58.351565 [debug] [Thread-1 (]: Finished running node test.nyc_parking_violations.unique_bronze_parking_violations_summons_number.305522a239
[0m15:42:58.352593 [debug] [Thread-1 (]: Began running node test.nyc_parking_violations.violation_codes_revenue
[0m15:42:58.352593 [info ] [Thread-1 (]: 4 of 4 START test violation_codes_revenue ...................................... [RUN]
[0m15:42:58.353564 [debug] [Thread-1 (]: Re-using an available connection from the pool (formerly test.nyc_parking_violations.unique_bronze_parking_violations_summons_number.305522a239, now test.nyc_parking_violations.violation_codes_revenue)
[0m15:42:58.353564 [debug] [Thread-1 (]: Began compiling node test.nyc_parking_violations.violation_codes_revenue
[0m15:42:58.359818 [debug] [Thread-1 (]: Writing injected SQL for node "test.nyc_parking_violations.violation_codes_revenue"
[0m15:42:58.362174 [debug] [Thread-1 (]: Writing injected SQL for node "test.nyc_parking_violations.violation_codes_revenue"
[0m15:42:58.364174 [debug] [Thread-1 (]: Timing info for test.nyc_parking_violations.violation_codes_revenue (compile): 15:42:58.354586 => 15:42:58.363173
[0m15:42:58.364174 [debug] [Thread-1 (]: Began executing node test.nyc_parking_violations.violation_codes_revenue
[0m15:42:58.367174 [debug] [Thread-1 (]: Using duckdb connection "test.nyc_parking_violations.violation_codes_revenue"
[0m15:42:58.367174 [debug] [Thread-1 (]: On test.nyc_parking_violations.violation_codes_revenue: /* {"app": "dbt", "dbt_version": "1.6.1", "profile_name": "nyc_parking_violations", "target_name": "dev", "node_id": "test.nyc_parking_violations.violation_codes_revenue"} */
drop table if exists "nyc_parking_violations"."main_dbt_test__audit"."violation_codes_revenue" cascade
[0m15:42:58.368174 [debug] [Thread-1 (]: Opening a new connection, currently in state closed
[0m15:42:58.389958 [debug] [Thread-1 (]: SQL status: OK in 0.0 seconds
[0m15:42:58.391958 [debug] [Thread-1 (]: Using duckdb connection "test.nyc_parking_violations.violation_codes_revenue"
[0m15:42:58.391958 [debug] [Thread-1 (]: On test.nyc_parking_violations.violation_codes_revenue: BEGIN
[0m15:42:58.391958 [debug] [Thread-1 (]: SQL status: OK in 0.0 seconds
[0m15:42:58.391958 [debug] [Thread-1 (]: Using duckdb connection "test.nyc_parking_violations.violation_codes_revenue"
[0m15:42:58.391958 [debug] [Thread-1 (]: On test.nyc_parking_violations.violation_codes_revenue: /* {"app": "dbt", "dbt_version": "1.6.1", "profile_name": "nyc_parking_violations", "target_name": "dev", "node_id": "test.nyc_parking_violations.violation_codes_revenue"} */

        
  
    
    

    create  table
      "nyc_parking_violations"."main_dbt_test__audit"."violation_codes_revenue"
  
    as (
      

with __dbt__cte__silver_parking_violation_codes as (
WITH manhattan_violation_codes AS (
    SELECT
        violation_code,
        definition,
        TRUE AS is_manhattan_96th_st_below,
        manhattan_96th_st_below AS fee_usd,
    FROM
        "nyc_parking_violations"."main"."bronze_parking_violation_codes"
),

all_other_violation_codes AS (
    SELECT
        violation_code,
        definition,
        FALSE AS is_manhattan_96th_st_below,
        all_other_areas AS fee_usd,
    FROM
        "nyc_parking_violations"."main"."bronze_parking_violation_codes"
)

SELECT * FROM manhattan_violation_codes
UNION ALL
SELECT * FROM all_other_violation_codes
ORDER BY violation_code ASC
) SELECT
    violation_code,
    SUM(fee_usd) AS total_revenue_usd
FROM
    __dbt__cte__silver_parking_violation_codes
GROUP BY
    violation_code
HAVING
    NOT(total_revenue_usd >= 1)
    );
  
  
    
[0m15:42:58.391958 [debug] [Thread-1 (]: SQL status: OK in 0.0 seconds
[0m15:42:58.391958 [debug] [Thread-1 (]: On test.nyc_parking_violations.violation_codes_revenue: COMMIT
[0m15:42:58.391958 [debug] [Thread-1 (]: Using duckdb connection "test.nyc_parking_violations.violation_codes_revenue"
[0m15:42:58.391958 [debug] [Thread-1 (]: On test.nyc_parking_violations.violation_codes_revenue: COMMIT
[0m15:42:58.391958 [debug] [Thread-1 (]: SQL status: OK in 0.0 seconds
[0m15:42:58.406507 [debug] [Thread-1 (]: Writing runtime sql for node "test.nyc_parking_violations.violation_codes_revenue"
[0m15:42:58.406507 [debug] [Thread-1 (]: Using duckdb connection "test.nyc_parking_violations.violation_codes_revenue"
[0m15:42:58.406507 [debug] [Thread-1 (]: On test.nyc_parking_violations.violation_codes_revenue: BEGIN
[0m15:42:58.406507 [debug] [Thread-1 (]: SQL status: OK in 0.0 seconds
[0m15:42:58.406507 [debug] [Thread-1 (]: Using duckdb connection "test.nyc_parking_violations.violation_codes_revenue"
[0m15:42:58.406507 [debug] [Thread-1 (]: On test.nyc_parking_violations.violation_codes_revenue: /* {"app": "dbt", "dbt_version": "1.6.1", "profile_name": "nyc_parking_violations", "target_name": "dev", "node_id": "test.nyc_parking_violations.violation_codes_revenue"} */
select
      count(*) as failures,
      count(*) != 0 as should_warn,
      count(*) != 0 as should_error
    from (
      
        select *
        from "nyc_parking_violations"."main_dbt_test__audit"."violation_codes_revenue"
    
      
    ) dbt_internal_test
[0m15:42:58.406507 [debug] [Thread-1 (]: SQL status: OK in 0.0 seconds
[0m15:42:58.406507 [debug] [Thread-1 (]: Timing info for test.nyc_parking_violations.violation_codes_revenue (execute): 15:42:58.364174 => 15:42:58.406507
[0m15:42:58.406507 [debug] [Thread-1 (]: On test.nyc_parking_violations.violation_codes_revenue: ROLLBACK
[0m15:42:58.406507 [debug] [Thread-1 (]: Failed to rollback 'test.nyc_parking_violations.violation_codes_revenue'
[0m15:42:58.406507 [debug] [Thread-1 (]: On test.nyc_parking_violations.violation_codes_revenue: Close
[0m15:42:58.431385 [warn ] [Thread-1 (]: 4 of 4 WARN 1 violation_codes_revenue .......................................... [[33mWARN 1[0m in 0.08s]
[0m15:42:58.432301 [debug] [Thread-1 (]: Finished running node test.nyc_parking_violations.violation_codes_revenue
[0m15:42:58.434305 [debug] [MainThread]: Using duckdb connection "master"
[0m15:42:58.434305 [debug] [MainThread]: On master: BEGIN
[0m15:42:58.434305 [debug] [MainThread]: Opening a new connection, currently in state closed
[0m15:42:58.448275 [debug] [MainThread]: SQL status: OK in 0.0 seconds
[0m15:42:58.449276 [debug] [MainThread]: On master: COMMIT
[0m15:42:58.450275 [debug] [MainThread]: Using duckdb connection "master"
[0m15:42:58.450275 [debug] [MainThread]: On master: COMMIT
[0m15:42:58.451275 [debug] [MainThread]: SQL status: OK in 0.0 seconds
[0m15:42:58.451275 [debug] [MainThread]: On master: Close
[0m15:42:58.454276 [debug] [MainThread]: Connection 'master' was properly closed.
[0m15:42:58.455693 [debug] [MainThread]: Connection 'create_nyc_parking_violations_main_dbt_test__audit' was properly closed.
[0m15:42:58.456769 [debug] [MainThread]: Connection 'list_nyc_parking_violations_main' was properly closed.
[0m15:42:58.457080 [debug] [MainThread]: Connection 'test.nyc_parking_violations.violation_codes_revenue' was properly closed.
[0m15:42:58.459143 [info ] [MainThread]: 
[0m15:42:58.459557 [info ] [MainThread]: Finished running 4 tests in 0 hours 0 minutes and 0.51 seconds (0.51s).
[0m15:42:58.459557 [debug] [MainThread]: Command end result
[0m15:42:58.475309 [info ] [MainThread]: 
[0m15:42:58.476205 [info ] [MainThread]: [31mCompleted with 1 error and 1 warning:[0m
[0m15:42:58.476894 [info ] [MainThread]: 
[0m15:42:58.476894 [error] [MainThread]: [33mCompilation Error in test generic_not_null_bronze_parking_violations_summons_number (models\docs\schema.yml)[0m
[0m15:42:58.477900 [error] [MainThread]:   'test_generic_not_null' is undefined. This can happen when calling a macro that does not exist. Check for typos and/or install package dependencies with "dbt deps".
[0m15:42:58.478900 [info ] [MainThread]: 
[0m15:42:58.478900 [warn ] [MainThread]: [33mWarning in test violation_codes_revenue (tests\violation_codes_revenue.sql)[0m
[0m15:42:58.479901 [warn ] [MainThread]: Got 1 result, configured to warn if != 0
[0m15:42:58.479901 [info ] [MainThread]: 
[0m15:42:58.479901 [info ] [MainThread]:   compiled Code at target\compiled\nyc_parking_violations\tests\violation_codes_revenue.sql
[0m15:42:58.479901 [info ] [MainThread]: 
[0m15:42:58.479901 [info ] [MainThread]:   See test failures:
  ---------------------------------------------------------------------------------------
  select * from "nyc_parking_violations"."main_dbt_test__audit"."violation_codes_revenue"
  ---------------------------------------------------------------------------------------
[0m15:42:58.479901 [info ] [MainThread]: 
[0m15:42:58.479901 [info ] [MainThread]: Done. PASS=2 WARN=1 ERROR=1 SKIP=0 TOTAL=4
[0m15:42:58.479901 [debug] [MainThread]: Command `dbt test` failed at 15:42:58.479901 after 0.88 seconds
[0m15:42:58.479901 [debug] [MainThread]: Sending event: {'category': 'dbt', 'action': 'invocation', 'label': 'end', 'context': [<snowplow_tracker.self_describing_json.SelfDescribingJson object at 0x0000026C99B3F520>, <snowplow_tracker.self_describing_json.SelfDescribingJson object at 0x0000026C9CCE9E40>, <snowplow_tracker.self_describing_json.SelfDescribingJson object at 0x0000026C9CCE9DE0>]}
[0m15:42:58.479901 [debug] [MainThread]: Flushing usage events
[0m15:45:03.547635 [debug] [MainThread]: Sending event: {'category': 'dbt', 'action': 'invocation', 'label': 'start', 'context': [<snowplow_tracker.self_describing_json.SelfDescribingJson object at 0x00000199A8F0F520>, <snowplow_tracker.self_describing_json.SelfDescribingJson object at 0x00000199ABD59DB0>, <snowplow_tracker.self_describing_json.SelfDescribingJson object at 0x00000199ABD58880>]}


============================== 15:45:03.552055 | 6ab1eb0c-1786-4815-966d-2d3cc309ff76 ==============================
[0m15:45:03.552055 [info ] [MainThread]: Running with dbt=1.6.1
[0m15:45:03.552055 [debug] [MainThread]: running dbt with arguments {'use_colors': 'True', 'cache_selected_only': 'False', 'target_path': 'None', 'no_print': 'None', 'log_format': 'default', 'warn_error': 'None', 'indirect_selection': 'eager', 'fail_fast': 'False', 'log_path': 'D:\\DBT CORE\\nyc_parking_violations\\logs', 'send_anonymous_usage_stats': 'True', 'partial_parse': 'True', 'warn_error_options': 'WarnErrorOptions(include=[], exclude=[])', 'static_parser': 'True', 'version_check': 'True', 'use_experimental_parser': 'False', 'introspect': 'True', 'quiet': 'False', 'log_cache_events': 'False', 'debug': 'False', 'profiles_dir': 'D:\\DBT CORE\\nyc_parking_violations', 'invocation_command': 'dbt test', 'printer_width': '80', 'write_json': 'True'}
[0m15:45:03.685032 [debug] [MainThread]: Sending event: {'category': 'dbt', 'action': 'project_id', 'label': '6ab1eb0c-1786-4815-966d-2d3cc309ff76', 'context': [<snowplow_tracker.self_describing_json.SelfDescribingJson object at 0x00000199ABD59F30>]}
[0m15:45:03.701834 [debug] [MainThread]: Sending event: {'category': 'dbt', 'action': 'adapter_info', 'label': '6ab1eb0c-1786-4815-966d-2d3cc309ff76', 'context': [<snowplow_tracker.self_describing_json.SelfDescribingJson object at 0x00000199ABE3AD40>]}
[0m15:45:03.702833 [info ] [MainThread]: Registered adapter: duckdb=1.6.0
[0m15:45:03.714429 [debug] [MainThread]: checksum: efe19d9f5b93d1a98cc804fbfcdb6b3aced98b974af664946fee1cde8837deb7, vars: {}, profile: , target: , version: 1.6.1
[0m15:45:03.780384 [debug] [MainThread]: Partial parsing enabled: 0 files deleted, 0 files added, 0 files changed.
[0m15:45:03.780384 [debug] [MainThread]: Partial parsing enabled, no changes found, skipping parsing
[0m15:45:03.800169 [debug] [MainThread]: Sending event: {'category': 'dbt', 'action': 'load_project', 'label': '6ab1eb0c-1786-4815-966d-2d3cc309ff76', 'context': [<snowplow_tracker.self_describing_json.SelfDescribingJson object at 0x00000199AC065690>]}
[0m15:45:03.812706 [debug] [MainThread]: Sending event: {'category': 'dbt', 'action': 'resource_counts', 'label': '6ab1eb0c-1786-4815-966d-2d3cc309ff76', 'context': [<snowplow_tracker.self_describing_json.SelfDescribingJson object at 0x00000199ABF5C610>]}
[0m15:45:03.813819 [info ] [MainThread]: Found 10 models, 4 tests, 0 sources, 0 exposures, 0 metrics, 348 macros, 0 groups, 0 semantic models
[0m15:45:03.814753 [debug] [MainThread]: Sending event: {'category': 'dbt', 'action': 'runnable_timing', 'label': '6ab1eb0c-1786-4815-966d-2d3cc309ff76', 'context': [<snowplow_tracker.self_describing_json.SelfDescribingJson object at 0x00000199ABF5C850>]}
[0m15:45:03.816838 [info ] [MainThread]: 
[0m15:45:03.817750 [debug] [MainThread]: Acquiring new duckdb connection 'master'
[0m15:45:03.819226 [debug] [ThreadPool]: Acquiring new duckdb connection 'list_nyc_parking_violations'
[0m15:45:03.827229 [debug] [ThreadPool]: Using duckdb connection "list_nyc_parking_violations"
[0m15:45:03.828230 [debug] [ThreadPool]: On list_nyc_parking_violations: /* {"app": "dbt", "dbt_version": "1.6.1", "profile_name": "nyc_parking_violations", "target_name": "dev", "connection_name": "list_nyc_parking_violations"} */

    
    select schema_name
    from system.information_schema.schemata
    
    where catalog_name = '"nyc_parking_violations"'
    
  
  
[0m15:45:03.829232 [debug] [ThreadPool]: Opening a new connection, currently in state init
[0m15:45:03.845752 [debug] [ThreadPool]: SQL status: OK in 0.0 seconds
[0m15:45:03.847774 [debug] [ThreadPool]: On list_nyc_parking_violations: Close
[0m15:45:03.851157 [debug] [ThreadPool]: Re-using an available connection from the pool (formerly list_nyc_parking_violations, now create_nyc_parking_violations_main_dbt_test__audit)
[0m15:45:03.851157 [debug] [ThreadPool]: Creating schema "database: "nyc_parking_violations"
schema: "main_dbt_test__audit"
"
[0m15:45:03.855390 [debug] [ThreadPool]: Using duckdb connection "create_nyc_parking_violations_main_dbt_test__audit"
[0m15:45:03.855390 [debug] [ThreadPool]: On create_nyc_parking_violations_main_dbt_test__audit: BEGIN
[0m15:45:03.857394 [debug] [ThreadPool]: Opening a new connection, currently in state closed
[0m15:45:03.864312 [debug] [ThreadPool]: SQL status: OK in 0.0 seconds
[0m15:45:03.864312 [debug] [ThreadPool]: Using duckdb connection "create_nyc_parking_violations_main_dbt_test__audit"
[0m15:45:03.864312 [debug] [ThreadPool]: On create_nyc_parking_violations_main_dbt_test__audit: /* {"app": "dbt", "dbt_version": "1.6.1", "profile_name": "nyc_parking_violations", "target_name": "dev", "connection_name": "create_nyc_parking_violations_main_dbt_test__audit"} */
create schema if not exists "nyc_parking_violations"."main_dbt_test__audit"
[0m15:45:03.864312 [debug] [ThreadPool]: SQL status: OK in 0.0 seconds
[0m15:45:03.864312 [debug] [ThreadPool]: On create_nyc_parking_violations_main_dbt_test__audit: COMMIT
[0m15:45:03.864312 [debug] [ThreadPool]: Using duckdb connection "create_nyc_parking_violations_main_dbt_test__audit"
[0m15:45:03.864312 [debug] [ThreadPool]: On create_nyc_parking_violations_main_dbt_test__audit: COMMIT
[0m15:45:03.864312 [debug] [ThreadPool]: SQL status: OK in 0.0 seconds
[0m15:45:03.864312 [debug] [ThreadPool]: On create_nyc_parking_violations_main_dbt_test__audit: Close
[0m15:45:03.880204 [debug] [ThreadPool]: Acquiring new duckdb connection 'list_nyc_parking_violations_main_dbt_test__audit'
[0m15:45:03.884293 [debug] [ThreadPool]: Using duckdb connection "list_nyc_parking_violations_main_dbt_test__audit"
[0m15:45:03.885298 [debug] [ThreadPool]: On list_nyc_parking_violations_main_dbt_test__audit: BEGIN
[0m15:45:03.886204 [debug] [ThreadPool]: Opening a new connection, currently in state init
[0m15:45:03.899400 [debug] [ThreadPool]: SQL status: OK in 0.0 seconds
[0m15:45:03.899400 [debug] [ThreadPool]: Using duckdb connection "list_nyc_parking_violations_main_dbt_test__audit"
[0m15:45:03.900492 [debug] [ThreadPool]: On list_nyc_parking_violations_main_dbt_test__audit: /* {"app": "dbt", "dbt_version": "1.6.1", "profile_name": "nyc_parking_violations", "target_name": "dev", "connection_name": "list_nyc_parking_violations_main_dbt_test__audit"} */
select
      'nyc_parking_violations' as database,
      table_name as name,
      table_schema as schema,
      CASE table_type
        WHEN 'BASE TABLE' THEN 'table'
        WHEN 'VIEW' THEN 'view'
        WHEN 'LOCAL TEMPORARY' THEN 'table'
        END as type
    from system.information_schema.tables
    where table_schema = 'main_dbt_test__audit'
    and table_catalog = 'nyc_parking_violations'
  
[0m15:45:03.911211 [debug] [ThreadPool]: SQL status: OK in 0.0 seconds
[0m15:45:03.913112 [debug] [ThreadPool]: On list_nyc_parking_violations_main_dbt_test__audit: ROLLBACK
[0m15:45:03.913781 [debug] [ThreadPool]: Failed to rollback 'list_nyc_parking_violations_main_dbt_test__audit'
[0m15:45:03.913781 [debug] [ThreadPool]: On list_nyc_parking_violations_main_dbt_test__audit: Close
[0m15:45:03.913781 [debug] [ThreadPool]: Re-using an available connection from the pool (formerly list_nyc_parking_violations_main_dbt_test__audit, now list_nyc_parking_violations_main)
[0m15:45:03.913781 [debug] [ThreadPool]: Using duckdb connection "list_nyc_parking_violations_main"
[0m15:45:03.913781 [debug] [ThreadPool]: On list_nyc_parking_violations_main: BEGIN
[0m15:45:03.913781 [debug] [ThreadPool]: Opening a new connection, currently in state closed
[0m15:45:03.933632 [debug] [ThreadPool]: SQL status: OK in 0.0 seconds
[0m15:45:03.933632 [debug] [ThreadPool]: Using duckdb connection "list_nyc_parking_violations_main"
[0m15:45:03.935637 [debug] [ThreadPool]: On list_nyc_parking_violations_main: /* {"app": "dbt", "dbt_version": "1.6.1", "profile_name": "nyc_parking_violations", "target_name": "dev", "connection_name": "list_nyc_parking_violations_main"} */
select
      'nyc_parking_violations' as database,
      table_name as name,
      table_schema as schema,
      CASE table_type
        WHEN 'BASE TABLE' THEN 'table'
        WHEN 'VIEW' THEN 'view'
        WHEN 'LOCAL TEMPORARY' THEN 'table'
        END as type
    from system.information_schema.tables
    where table_schema = 'main'
    and table_catalog = 'nyc_parking_violations'
  
[0m15:45:03.946668 [debug] [ThreadPool]: SQL status: OK in 0.0 seconds
[0m15:45:03.948691 [debug] [ThreadPool]: On list_nyc_parking_violations_main: ROLLBACK
[0m15:45:03.950740 [debug] [ThreadPool]: Failed to rollback 'list_nyc_parking_violations_main'
[0m15:45:03.950740 [debug] [ThreadPool]: On list_nyc_parking_violations_main: Close
[0m15:45:03.954773 [debug] [MainThread]: Sending event: {'category': 'dbt', 'action': 'runnable_timing', 'label': '6ab1eb0c-1786-4815-966d-2d3cc309ff76', 'context': [<snowplow_tracker.self_describing_json.SelfDescribingJson object at 0x00000199AC095F90>]}
[0m15:45:03.954773 [debug] [MainThread]: Using duckdb connection "master"
[0m15:45:03.954773 [debug] [MainThread]: On master: BEGIN
[0m15:45:03.954773 [debug] [MainThread]: Opening a new connection, currently in state init
[0m15:45:03.960607 [debug] [MainThread]: SQL status: OK in 0.0 seconds
[0m15:45:03.960607 [debug] [MainThread]: On master: COMMIT
[0m15:45:03.960607 [debug] [MainThread]: Using duckdb connection "master"
[0m15:45:03.960607 [debug] [MainThread]: On master: COMMIT
[0m15:45:03.960607 [debug] [MainThread]: SQL status: OK in 0.0 seconds
[0m15:45:03.960607 [debug] [MainThread]: On master: Close
[0m15:45:03.976439 [info ] [MainThread]: Concurrency: 1 threads (target='dev')
[0m15:45:03.976439 [info ] [MainThread]: 
[0m15:45:03.976439 [debug] [Thread-1 (]: Began running node test.nyc_parking_violations.generic_not_null_bronze_parking_violations_summons_number.e84297fd3d
[0m15:45:03.976439 [info ] [Thread-1 (]: 1 of 4 START test generic_not_null_bronze_parking_violations_summons_number .... [RUN]
[0m15:45:03.976439 [debug] [Thread-1 (]: Acquiring new duckdb connection 'test.nyc_parking_violations.generic_not_null_bronze_parking_violations_summons_number.e84297fd3d'
[0m15:45:03.985114 [debug] [Thread-1 (]: Began compiling node test.nyc_parking_violations.generic_not_null_bronze_parking_violations_summons_number.e84297fd3d
[0m15:45:03.999671 [debug] [Thread-1 (]: Timing info for test.nyc_parking_violations.generic_not_null_bronze_parking_violations_summons_number.e84297fd3d (compile): 15:45:03.985114 => 15:45:03.997706
[0m15:45:04.002677 [debug] [Thread-1 (]: Compilation Error in test generic_not_null_bronze_parking_violations_summons_number (models\docs\schema.yml)
  'test_generic_not_null' is undefined. This can happen when calling a macro that does not exist. Check for typos and/or install package dependencies with "dbt deps".
[0m15:45:04.002677 [error] [Thread-1 (]: 1 of 4 ERROR generic_not_null_bronze_parking_violations_summons_number ......... [[31mERROR[0m in 0.03s]
[0m15:45:04.003680 [debug] [Thread-1 (]: Finished running node test.nyc_parking_violations.generic_not_null_bronze_parking_violations_summons_number.e84297fd3d
[0m15:45:04.004706 [debug] [Thread-1 (]: Began running node test.nyc_parking_violations.not_null_bronze_parking_violations_summons_number.29cef758ac
[0m15:45:04.005857 [info ] [Thread-1 (]: 2 of 4 START test not_null_bronze_parking_violations_summons_number ............ [RUN]
[0m15:45:04.005857 [debug] [Thread-1 (]: Re-using an available connection from the pool (formerly test.nyc_parking_violations.generic_not_null_bronze_parking_violations_summons_number.e84297fd3d, now test.nyc_parking_violations.not_null_bronze_parking_violations_summons_number.29cef758ac)
[0m15:45:04.005857 [debug] [Thread-1 (]: Began compiling node test.nyc_parking_violations.not_null_bronze_parking_violations_summons_number.29cef758ac
[0m15:45:04.015500 [debug] [Thread-1 (]: Writing injected SQL for node "test.nyc_parking_violations.not_null_bronze_parking_violations_summons_number.29cef758ac"
[0m15:45:04.017797 [debug] [Thread-1 (]: Timing info for test.nyc_parking_violations.not_null_bronze_parking_violations_summons_number.29cef758ac (compile): 15:45:04.005857 => 15:45:04.016499
[0m15:45:04.018452 [debug] [Thread-1 (]: Began executing node test.nyc_parking_violations.not_null_bronze_parking_violations_summons_number.29cef758ac
[0m15:45:04.029977 [debug] [Thread-1 (]: Using duckdb connection "test.nyc_parking_violations.not_null_bronze_parking_violations_summons_number.29cef758ac"
[0m15:45:04.030984 [debug] [Thread-1 (]: On test.nyc_parking_violations.not_null_bronze_parking_violations_summons_number.29cef758ac: /* {"app": "dbt", "dbt_version": "1.6.1", "profile_name": "nyc_parking_violations", "target_name": "dev", "node_id": "test.nyc_parking_violations.not_null_bronze_parking_violations_summons_number.29cef758ac"} */
drop table if exists "nyc_parking_violations"."main_dbt_test__audit"."not_null_bronze_parking_violations_summons_number" cascade
[0m15:45:04.030984 [debug] [Thread-1 (]: Opening a new connection, currently in state init
[0m15:45:04.047752 [debug] [Thread-1 (]: SQL status: OK in 0.0 seconds
[0m15:45:04.047752 [debug] [Thread-1 (]: Using duckdb connection "test.nyc_parking_violations.not_null_bronze_parking_violations_summons_number.29cef758ac"
[0m15:45:04.047752 [debug] [Thread-1 (]: On test.nyc_parking_violations.not_null_bronze_parking_violations_summons_number.29cef758ac: BEGIN
[0m15:45:04.047752 [debug] [Thread-1 (]: SQL status: OK in 0.0 seconds
[0m15:45:04.047752 [debug] [Thread-1 (]: Using duckdb connection "test.nyc_parking_violations.not_null_bronze_parking_violations_summons_number.29cef758ac"
[0m15:45:04.047752 [debug] [Thread-1 (]: On test.nyc_parking_violations.not_null_bronze_parking_violations_summons_number.29cef758ac: /* {"app": "dbt", "dbt_version": "1.6.1", "profile_name": "nyc_parking_violations", "target_name": "dev", "node_id": "test.nyc_parking_violations.not_null_bronze_parking_violations_summons_number.29cef758ac"} */

        
  
    
    

    create  table
      "nyc_parking_violations"."main_dbt_test__audit"."not_null_bronze_parking_violations_summons_number"
  
    as (
      
    
    



select *
from "nyc_parking_violations"."main"."bronze_parking_violations"
where summons_number is null



    );
  
  
    
[0m15:45:04.062387 [debug] [Thread-1 (]: SQL status: OK in 0.0 seconds
[0m15:45:04.063394 [debug] [Thread-1 (]: On test.nyc_parking_violations.not_null_bronze_parking_violations_summons_number.29cef758ac: COMMIT
[0m15:45:04.064400 [debug] [Thread-1 (]: Using duckdb connection "test.nyc_parking_violations.not_null_bronze_parking_violations_summons_number.29cef758ac"
[0m15:45:04.064400 [debug] [Thread-1 (]: On test.nyc_parking_violations.not_null_bronze_parking_violations_summons_number.29cef758ac: COMMIT
[0m15:45:04.068407 [debug] [Thread-1 (]: SQL status: OK in 0.0 seconds
[0m15:45:04.071493 [debug] [Thread-1 (]: Writing runtime sql for node "test.nyc_parking_violations.not_null_bronze_parking_violations_summons_number.29cef758ac"
[0m15:45:04.073395 [debug] [Thread-1 (]: Using duckdb connection "test.nyc_parking_violations.not_null_bronze_parking_violations_summons_number.29cef758ac"
[0m15:45:04.073395 [debug] [Thread-1 (]: On test.nyc_parking_violations.not_null_bronze_parking_violations_summons_number.29cef758ac: BEGIN
[0m15:45:04.074401 [debug] [Thread-1 (]: SQL status: OK in 0.0 seconds
[0m15:45:04.075400 [debug] [Thread-1 (]: Using duckdb connection "test.nyc_parking_violations.not_null_bronze_parking_violations_summons_number.29cef758ac"
[0m15:45:04.075400 [debug] [Thread-1 (]: On test.nyc_parking_violations.not_null_bronze_parking_violations_summons_number.29cef758ac: /* {"app": "dbt", "dbt_version": "1.6.1", "profile_name": "nyc_parking_violations", "target_name": "dev", "node_id": "test.nyc_parking_violations.not_null_bronze_parking_violations_summons_number.29cef758ac"} */
select
      count(*) as failures,
      count(*) != 0 as should_warn,
      count(*) != 0 as should_error
    from (
      
        select *
        from "nyc_parking_violations"."main_dbt_test__audit"."not_null_bronze_parking_violations_summons_number"
    
      
    ) dbt_internal_test
[0m15:45:04.077124 [debug] [Thread-1 (]: SQL status: OK in 0.0 seconds
[0m15:45:04.079129 [debug] [Thread-1 (]: Timing info for test.nyc_parking_violations.not_null_bronze_parking_violations_summons_number.29cef758ac (execute): 15:45:04.018452 => 15:45:04.078130
[0m15:45:04.080128 [debug] [Thread-1 (]: On test.nyc_parking_violations.not_null_bronze_parking_violations_summons_number.29cef758ac: ROLLBACK
[0m15:45:04.081130 [debug] [Thread-1 (]: Failed to rollback 'test.nyc_parking_violations.not_null_bronze_parking_violations_summons_number.29cef758ac'
[0m15:45:04.081130 [debug] [Thread-1 (]: On test.nyc_parking_violations.not_null_bronze_parking_violations_summons_number.29cef758ac: Close
[0m15:45:04.098305 [info ] [Thread-1 (]: 2 of 4 PASS not_null_bronze_parking_violations_summons_number .................. [[32mPASS[0m in 0.09s]
[0m15:45:04.099575 [debug] [Thread-1 (]: Finished running node test.nyc_parking_violations.not_null_bronze_parking_violations_summons_number.29cef758ac
[0m15:45:04.100665 [debug] [Thread-1 (]: Began running node test.nyc_parking_violations.unique_bronze_parking_violations_summons_number.305522a239
[0m15:45:04.101463 [info ] [Thread-1 (]: 3 of 4 START test unique_bronze_parking_violations_summons_number .............. [RUN]
[0m15:45:04.101985 [debug] [Thread-1 (]: Re-using an available connection from the pool (formerly test.nyc_parking_violations.not_null_bronze_parking_violations_summons_number.29cef758ac, now test.nyc_parking_violations.unique_bronze_parking_violations_summons_number.305522a239)
[0m15:45:04.102990 [debug] [Thread-1 (]: Began compiling node test.nyc_parking_violations.unique_bronze_parking_violations_summons_number.305522a239
[0m15:45:04.107500 [debug] [Thread-1 (]: Writing injected SQL for node "test.nyc_parking_violations.unique_bronze_parking_violations_summons_number.305522a239"
[0m15:45:04.108500 [debug] [Thread-1 (]: Timing info for test.nyc_parking_violations.unique_bronze_parking_violations_summons_number.305522a239 (compile): 15:45:04.102990 => 15:45:04.108500
[0m15:45:04.109594 [debug] [Thread-1 (]: Began executing node test.nyc_parking_violations.unique_bronze_parking_violations_summons_number.305522a239
[0m15:45:04.114500 [debug] [Thread-1 (]: Using duckdb connection "test.nyc_parking_violations.unique_bronze_parking_violations_summons_number.305522a239"
[0m15:45:04.115805 [debug] [Thread-1 (]: On test.nyc_parking_violations.unique_bronze_parking_violations_summons_number.305522a239: /* {"app": "dbt", "dbt_version": "1.6.1", "profile_name": "nyc_parking_violations", "target_name": "dev", "node_id": "test.nyc_parking_violations.unique_bronze_parking_violations_summons_number.305522a239"} */
drop table if exists "nyc_parking_violations"."main_dbt_test__audit"."unique_bronze_parking_violations_summons_number" cascade
[0m15:45:04.115805 [debug] [Thread-1 (]: Opening a new connection, currently in state closed
[0m15:45:04.166601 [debug] [Thread-1 (]: SQL status: OK in 0.0 seconds
[0m15:45:04.168608 [debug] [Thread-1 (]: Using duckdb connection "test.nyc_parking_violations.unique_bronze_parking_violations_summons_number.305522a239"
[0m15:45:04.168608 [debug] [Thread-1 (]: On test.nyc_parking_violations.unique_bronze_parking_violations_summons_number.305522a239: BEGIN
[0m15:45:04.168608 [debug] [Thread-1 (]: SQL status: OK in 0.0 seconds
[0m15:45:04.168608 [debug] [Thread-1 (]: Using duckdb connection "test.nyc_parking_violations.unique_bronze_parking_violations_summons_number.305522a239"
[0m15:45:04.168608 [debug] [Thread-1 (]: On test.nyc_parking_violations.unique_bronze_parking_violations_summons_number.305522a239: /* {"app": "dbt", "dbt_version": "1.6.1", "profile_name": "nyc_parking_violations", "target_name": "dev", "node_id": "test.nyc_parking_violations.unique_bronze_parking_violations_summons_number.305522a239"} */

        
  
    
    

    create  table
      "nyc_parking_violations"."main_dbt_test__audit"."unique_bronze_parking_violations_summons_number"
  
    as (
      
    
    

select
    summons_number as unique_field,
    count(*) as n_records

from "nyc_parking_violations"."main"."bronze_parking_violations"
where summons_number is not null
group by summons_number
having count(*) > 1



    );
  
  
    
[0m15:45:04.181801 [debug] [Thread-1 (]: SQL status: OK in 0.0 seconds
[0m15:45:04.182808 [debug] [Thread-1 (]: On test.nyc_parking_violations.unique_bronze_parking_violations_summons_number.305522a239: COMMIT
[0m15:45:04.182808 [debug] [Thread-1 (]: Using duckdb connection "test.nyc_parking_violations.unique_bronze_parking_violations_summons_number.305522a239"
[0m15:45:04.183809 [debug] [Thread-1 (]: On test.nyc_parking_violations.unique_bronze_parking_violations_summons_number.305522a239: COMMIT
[0m15:45:04.187991 [debug] [Thread-1 (]: SQL status: OK in 0.0 seconds
[0m15:45:04.188957 [debug] [Thread-1 (]: Writing runtime sql for node "test.nyc_parking_violations.unique_bronze_parking_violations_summons_number.305522a239"
[0m15:45:04.190863 [debug] [Thread-1 (]: Using duckdb connection "test.nyc_parking_violations.unique_bronze_parking_violations_summons_number.305522a239"
[0m15:45:04.190863 [debug] [Thread-1 (]: On test.nyc_parking_violations.unique_bronze_parking_violations_summons_number.305522a239: BEGIN
[0m15:45:04.191964 [debug] [Thread-1 (]: SQL status: OK in 0.0 seconds
[0m15:45:04.191964 [debug] [Thread-1 (]: Using duckdb connection "test.nyc_parking_violations.unique_bronze_parking_violations_summons_number.305522a239"
[0m15:45:04.192968 [debug] [Thread-1 (]: On test.nyc_parking_violations.unique_bronze_parking_violations_summons_number.305522a239: /* {"app": "dbt", "dbt_version": "1.6.1", "profile_name": "nyc_parking_violations", "target_name": "dev", "node_id": "test.nyc_parking_violations.unique_bronze_parking_violations_summons_number.305522a239"} */
select
      count(*) as failures,
      count(*) != 0 as should_warn,
      count(*) != 0 as should_error
    from (
      
        select *
        from "nyc_parking_violations"."main_dbt_test__audit"."unique_bronze_parking_violations_summons_number"
    
      
    ) dbt_internal_test
[0m15:45:04.193955 [debug] [Thread-1 (]: SQL status: OK in 0.0 seconds
[0m15:45:04.194959 [debug] [Thread-1 (]: Timing info for test.nyc_parking_violations.unique_bronze_parking_violations_summons_number.305522a239 (execute): 15:45:04.110516 => 15:45:04.194959
[0m15:45:04.196005 [debug] [Thread-1 (]: On test.nyc_parking_violations.unique_bronze_parking_violations_summons_number.305522a239: ROLLBACK
[0m15:45:04.196005 [debug] [Thread-1 (]: Failed to rollback 'test.nyc_parking_violations.unique_bronze_parking_violations_summons_number.305522a239'
[0m15:45:04.197033 [debug] [Thread-1 (]: On test.nyc_parking_violations.unique_bronze_parking_violations_summons_number.305522a239: Close
[0m15:45:04.212196 [info ] [Thread-1 (]: 3 of 4 PASS unique_bronze_parking_violations_summons_number .................... [[32mPASS[0m in 0.11s]
[0m15:45:04.212196 [debug] [Thread-1 (]: Finished running node test.nyc_parking_violations.unique_bronze_parking_violations_summons_number.305522a239
[0m15:45:04.212196 [debug] [Thread-1 (]: Began running node test.nyc_parking_violations.violation_codes_revenue
[0m15:45:04.212196 [info ] [Thread-1 (]: 4 of 4 START test violation_codes_revenue ...................................... [RUN]
[0m15:45:04.212196 [debug] [Thread-1 (]: Re-using an available connection from the pool (formerly test.nyc_parking_violations.unique_bronze_parking_violations_summons_number.305522a239, now test.nyc_parking_violations.violation_codes_revenue)
[0m15:45:04.212196 [debug] [Thread-1 (]: Began compiling node test.nyc_parking_violations.violation_codes_revenue
[0m15:45:04.225241 [debug] [Thread-1 (]: Writing injected SQL for node "test.nyc_parking_violations.violation_codes_revenue"
[0m15:45:04.225241 [debug] [Thread-1 (]: Writing injected SQL for node "test.nyc_parking_violations.violation_codes_revenue"
[0m15:45:04.229412 [debug] [Thread-1 (]: Timing info for test.nyc_parking_violations.violation_codes_revenue (compile): 15:45:04.212196 => 15:45:04.229412
[0m15:45:04.230406 [debug] [Thread-1 (]: Began executing node test.nyc_parking_violations.violation_codes_revenue
[0m15:45:04.233988 [debug] [Thread-1 (]: Using duckdb connection "test.nyc_parking_violations.violation_codes_revenue"
[0m15:45:04.233988 [debug] [Thread-1 (]: On test.nyc_parking_violations.violation_codes_revenue: /* {"app": "dbt", "dbt_version": "1.6.1", "profile_name": "nyc_parking_violations", "target_name": "dev", "node_id": "test.nyc_parking_violations.violation_codes_revenue"} */
drop table if exists "nyc_parking_violations"."main_dbt_test__audit"."violation_codes_revenue" cascade
[0m15:45:04.233988 [debug] [Thread-1 (]: Opening a new connection, currently in state closed
[0m15:45:04.249756 [debug] [Thread-1 (]: SQL status: OK in 0.0 seconds
[0m15:45:04.249756 [debug] [Thread-1 (]: Using duckdb connection "test.nyc_parking_violations.violation_codes_revenue"
[0m15:45:04.249756 [debug] [Thread-1 (]: On test.nyc_parking_violations.violation_codes_revenue: BEGIN
[0m15:45:04.249756 [debug] [Thread-1 (]: SQL status: OK in 0.0 seconds
[0m15:45:04.249756 [debug] [Thread-1 (]: Using duckdb connection "test.nyc_parking_violations.violation_codes_revenue"
[0m15:45:04.249756 [debug] [Thread-1 (]: On test.nyc_parking_violations.violation_codes_revenue: /* {"app": "dbt", "dbt_version": "1.6.1", "profile_name": "nyc_parking_violations", "target_name": "dev", "node_id": "test.nyc_parking_violations.violation_codes_revenue"} */

        
  
    
    

    create  table
      "nyc_parking_violations"."main_dbt_test__audit"."violation_codes_revenue"
  
    as (
      

with __dbt__cte__silver_parking_violation_codes as (
WITH manhattan_violation_codes AS (
    SELECT
        violation_code,
        definition,
        TRUE AS is_manhattan_96th_st_below,
        manhattan_96th_st_below AS fee_usd,
    FROM
        "nyc_parking_violations"."main"."bronze_parking_violation_codes"
),

all_other_violation_codes AS (
    SELECT
        violation_code,
        definition,
        FALSE AS is_manhattan_96th_st_below,
        all_other_areas AS fee_usd,
    FROM
        "nyc_parking_violations"."main"."bronze_parking_violation_codes"
)

SELECT * FROM manhattan_violation_codes
UNION ALL
SELECT * FROM all_other_violation_codes
ORDER BY violation_code ASC
) SELECT
    violation_code,
    SUM(fee_usd) AS total_revenue_usd
FROM
    __dbt__cte__silver_parking_violation_codes
GROUP BY
    violation_code
HAVING
    NOT(total_revenue_usd >= 1)
    );
  
  
    
[0m15:45:04.249756 [debug] [Thread-1 (]: SQL status: OK in 0.0 seconds
[0m15:45:04.249756 [debug] [Thread-1 (]: On test.nyc_parking_violations.violation_codes_revenue: COMMIT
[0m15:45:04.262372 [debug] [Thread-1 (]: Using duckdb connection "test.nyc_parking_violations.violation_codes_revenue"
[0m15:45:04.263382 [debug] [Thread-1 (]: On test.nyc_parking_violations.violation_codes_revenue: COMMIT
[0m15:45:04.263382 [debug] [Thread-1 (]: SQL status: OK in 0.0 seconds
[0m15:45:04.263382 [debug] [Thread-1 (]: Writing runtime sql for node "test.nyc_parking_violations.violation_codes_revenue"
[0m15:45:04.263382 [debug] [Thread-1 (]: Using duckdb connection "test.nyc_parking_violations.violation_codes_revenue"
[0m15:45:04.263382 [debug] [Thread-1 (]: On test.nyc_parking_violations.violation_codes_revenue: BEGIN
[0m15:45:04.263382 [debug] [Thread-1 (]: SQL status: OK in 0.0 seconds
[0m15:45:04.263382 [debug] [Thread-1 (]: Using duckdb connection "test.nyc_parking_violations.violation_codes_revenue"
[0m15:45:04.263382 [debug] [Thread-1 (]: On test.nyc_parking_violations.violation_codes_revenue: /* {"app": "dbt", "dbt_version": "1.6.1", "profile_name": "nyc_parking_violations", "target_name": "dev", "node_id": "test.nyc_parking_violations.violation_codes_revenue"} */
select
      count(*) as failures,
      count(*) != 0 as should_warn,
      count(*) != 0 as should_error
    from (
      
        select *
        from "nyc_parking_violations"."main_dbt_test__audit"."violation_codes_revenue"
    
      
    ) dbt_internal_test
[0m15:45:04.263382 [debug] [Thread-1 (]: SQL status: OK in 0.0 seconds
[0m15:45:04.263382 [debug] [Thread-1 (]: Timing info for test.nyc_parking_violations.violation_codes_revenue (execute): 15:45:04.230406 => 15:45:04.263382
[0m15:45:04.263382 [debug] [Thread-1 (]: On test.nyc_parking_violations.violation_codes_revenue: ROLLBACK
[0m15:45:04.263382 [debug] [Thread-1 (]: Failed to rollback 'test.nyc_parking_violations.violation_codes_revenue'
[0m15:45:04.263382 [debug] [Thread-1 (]: On test.nyc_parking_violations.violation_codes_revenue: Close
[0m15:45:04.293309 [warn ] [Thread-1 (]: 4 of 4 WARN 1 violation_codes_revenue .......................................... [[33mWARN 1[0m in 0.08s]
[0m15:45:04.295927 [debug] [Thread-1 (]: Finished running node test.nyc_parking_violations.violation_codes_revenue
[0m15:45:04.298086 [debug] [MainThread]: Using duckdb connection "master"
[0m15:45:04.298086 [debug] [MainThread]: On master: BEGIN
[0m15:45:04.299070 [debug] [MainThread]: Opening a new connection, currently in state closed
[0m15:45:04.311720 [debug] [MainThread]: SQL status: OK in 0.0 seconds
[0m15:45:04.313093 [debug] [MainThread]: On master: COMMIT
[0m15:45:04.313093 [debug] [MainThread]: Using duckdb connection "master"
[0m15:45:04.314054 [debug] [MainThread]: On master: COMMIT
[0m15:45:04.315195 [debug] [MainThread]: SQL status: OK in 0.0 seconds
[0m15:45:04.315195 [debug] [MainThread]: On master: Close
[0m15:45:04.318253 [debug] [MainThread]: Connection 'master' was properly closed.
[0m15:45:04.318253 [debug] [MainThread]: Connection 'create_nyc_parking_violations_main_dbt_test__audit' was properly closed.
[0m15:45:04.318253 [debug] [MainThread]: Connection 'list_nyc_parking_violations_main' was properly closed.
[0m15:45:04.318253 [debug] [MainThread]: Connection 'test.nyc_parking_violations.violation_codes_revenue' was properly closed.
[0m15:45:04.318253 [info ] [MainThread]: 
[0m15:45:04.318253 [info ] [MainThread]: Finished running 4 tests in 0 hours 0 minutes and 0.50 seconds (0.50s).
[0m15:45:04.318253 [debug] [MainThread]: Command end result
[0m15:45:04.333864 [info ] [MainThread]: 
[0m15:45:04.334596 [info ] [MainThread]: [31mCompleted with 1 error and 1 warning:[0m
[0m15:45:04.335590 [info ] [MainThread]: 
[0m15:45:04.335590 [error] [MainThread]: [33mCompilation Error in test generic_not_null_bronze_parking_violations_summons_number (models\docs\schema.yml)[0m
[0m15:45:04.335590 [error] [MainThread]:   'test_generic_not_null' is undefined. This can happen when calling a macro that does not exist. Check for typos and/or install package dependencies with "dbt deps".
[0m15:45:04.335590 [info ] [MainThread]: 
[0m15:45:04.335590 [warn ] [MainThread]: [33mWarning in test violation_codes_revenue (tests\violation_codes_revenue.sql)[0m
[0m15:45:04.335590 [warn ] [MainThread]: Got 1 result, configured to warn if != 0
[0m15:45:04.335590 [info ] [MainThread]: 
[0m15:45:04.341345 [info ] [MainThread]:   compiled Code at target\compiled\nyc_parking_violations\tests\violation_codes_revenue.sql
[0m15:45:04.341345 [info ] [MainThread]: 
[0m15:45:04.342360 [info ] [MainThread]:   See test failures:
  ---------------------------------------------------------------------------------------
  select * from "nyc_parking_violations"."main_dbt_test__audit"."violation_codes_revenue"
  ---------------------------------------------------------------------------------------
[0m15:45:04.343350 [info ] [MainThread]: 
[0m15:45:04.344351 [info ] [MainThread]: Done. PASS=2 WARN=1 ERROR=1 SKIP=0 TOTAL=4
[0m15:45:04.344351 [debug] [MainThread]: Command `dbt test` failed at 15:45:04.344351 after 0.83 seconds
[0m15:45:04.345351 [debug] [MainThread]: Sending event: {'category': 'dbt', 'action': 'invocation', 'label': 'end', 'context': [<snowplow_tracker.self_describing_json.SelfDescribingJson object at 0x00000199A8F0F520>, <snowplow_tracker.self_describing_json.SelfDescribingJson object at 0x00000199ABE3AD40>, <snowplow_tracker.self_describing_json.SelfDescribingJson object at 0x00000199AD152DD0>]}
[0m15:45:04.346358 [debug] [MainThread]: Flushing usage events
[0m15:46:53.884458 [debug] [MainThread]: Sending event: {'category': 'dbt', 'action': 'invocation', 'label': 'start', 'context': [<snowplow_tracker.self_describing_json.SelfDescribingJson object at 0x0000025AD021F520>, <snowplow_tracker.self_describing_json.SelfDescribingJson object at 0x0000025AD3069D20>, <snowplow_tracker.self_describing_json.SelfDescribingJson object at 0x0000025AD3069210>]}


============================== 15:46:53.891843 | 595e42b6-8da8-41c7-899a-b8a5d92d1eae ==============================
[0m15:46:53.891843 [info ] [MainThread]: Running with dbt=1.6.1
[0m15:46:53.891843 [debug] [MainThread]: running dbt with arguments {'no_print': 'None', 'profiles_dir': 'D:\\DBT CORE\\nyc_parking_violations', 'printer_width': '80', 'use_colors': 'True', 'target_path': 'None', 'warn_error': 'None', 'log_path': 'D:\\DBT CORE\\nyc_parking_violations\\logs', 'fail_fast': 'False', 'partial_parse': 'True', 'send_anonymous_usage_stats': 'True', 'static_parser': 'True', 'warn_error_options': 'WarnErrorOptions(include=[], exclude=[])', 'indirect_selection': 'eager', 'version_check': 'True', 'use_experimental_parser': 'False', 'introspect': 'True', 'quiet': 'False', 'log_cache_events': 'False', 'debug': 'False', 'log_format': 'default', 'invocation_command': 'dbt deps', 'cache_selected_only': 'False', 'write_json': 'True'}
[0m15:46:53.948484 [debug] [MainThread]: Sending event: {'category': 'dbt', 'action': 'project_id', 'label': '595e42b6-8da8-41c7-899a-b8a5d92d1eae', 'context': [<snowplow_tracker.self_describing_json.SelfDescribingJson object at 0x0000025AD3069210>]}
[0m15:46:53.949488 [info ] [MainThread]: Warning: No packages were found in packages.yml
[0m15:46:53.950805 [debug] [MainThread]: Command `dbt deps` succeeded at 15:46:53.950805 after 0.08 seconds
[0m15:46:53.950805 [debug] [MainThread]: Sending event: {'category': 'dbt', 'action': 'invocation', 'label': 'end', 'context': [<snowplow_tracker.self_describing_json.SelfDescribingJson object at 0x0000025AD021F520>, <snowplow_tracker.self_describing_json.SelfDescribingJson object at 0x0000025AD3069210>, <snowplow_tracker.self_describing_json.SelfDescribingJson object at 0x0000025AD30D4700>]}
[0m15:46:53.951811 [debug] [MainThread]: Flushing usage events
[0m15:47:00.102067 [debug] [MainThread]: Sending event: {'category': 'dbt', 'action': 'invocation', 'label': 'start', 'context': [<snowplow_tracker.self_describing_json.SelfDescribingJson object at 0x000001F0643EF4F0>, <snowplow_tracker.self_describing_json.SelfDescribingJson object at 0x000001F067239D80>, <snowplow_tracker.self_describing_json.SelfDescribingJson object at 0x000001F067238850>]}


============================== 15:47:00.102067 | 6a99a41b-9223-4b60-827f-141ad276b71b ==============================
[0m15:47:00.102067 [info ] [MainThread]: Running with dbt=1.6.1
[0m15:47:00.107345 [debug] [MainThread]: running dbt with arguments {'invocation_command': 'dbt test', 'log_format': 'default', 'write_json': 'True', 'cache_selected_only': 'False', 'profiles_dir': 'D:\\DBT CORE\\nyc_parking_violations', 'warn_error': 'None', 'static_parser': 'True', 'fail_fast': 'False', 'partial_parse': 'True', 'send_anonymous_usage_stats': 'True', 'indirect_selection': 'eager', 'warn_error_options': 'WarnErrorOptions(include=[], exclude=[])', 'log_path': 'D:\\DBT CORE\\nyc_parking_violations\\logs', 'use_experimental_parser': 'False', 'version_check': 'True', 'quiet': 'False', 'introspect': 'True', 'log_cache_events': 'False', 'debug': 'False', 'no_print': 'None', 'use_colors': 'True', 'printer_width': '80', 'target_path': 'None'}
[0m15:47:00.222938 [debug] [MainThread]: Sending event: {'category': 'dbt', 'action': 'project_id', 'label': '6a99a41b-9223-4b60-827f-141ad276b71b', 'context': [<snowplow_tracker.self_describing_json.SelfDescribingJson object at 0x000001F067239F00>]}
[0m15:47:00.241768 [debug] [MainThread]: Sending event: {'category': 'dbt', 'action': 'adapter_info', 'label': '6a99a41b-9223-4b60-827f-141ad276b71b', 'context': [<snowplow_tracker.self_describing_json.SelfDescribingJson object at 0x000001F067316DA0>]}
[0m15:47:00.241768 [info ] [MainThread]: Registered adapter: duckdb=1.6.0
[0m15:47:00.252903 [debug] [MainThread]: checksum: efe19d9f5b93d1a98cc804fbfcdb6b3aced98b974af664946fee1cde8837deb7, vars: {}, profile: , target: , version: 1.6.1
[0m15:47:00.328129 [debug] [MainThread]: Partial parsing enabled: 0 files deleted, 0 files added, 0 files changed.
[0m15:47:00.329129 [debug] [MainThread]: Partial parsing enabled, no changes found, skipping parsing
[0m15:47:00.333128 [debug] [MainThread]: Sending event: {'category': 'dbt', 'action': 'load_project', 'label': '6a99a41b-9223-4b60-827f-141ad276b71b', 'context': [<snowplow_tracker.self_describing_json.SelfDescribingJson object at 0x000001F067541660>]}
[0m15:47:00.340130 [debug] [MainThread]: Sending event: {'category': 'dbt', 'action': 'resource_counts', 'label': '6a99a41b-9223-4b60-827f-141ad276b71b', 'context': [<snowplow_tracker.self_describing_json.SelfDescribingJson object at 0x000001F06743C5E0>]}
[0m15:47:00.340130 [info ] [MainThread]: Found 10 models, 4 tests, 0 sources, 0 exposures, 0 metrics, 348 macros, 0 groups, 0 semantic models
[0m15:47:00.347258 [debug] [MainThread]: Sending event: {'category': 'dbt', 'action': 'runnable_timing', 'label': '6a99a41b-9223-4b60-827f-141ad276b71b', 'context': [<snowplow_tracker.self_describing_json.SelfDescribingJson object at 0x000001F06743C820>]}
[0m15:47:00.349245 [info ] [MainThread]: 
[0m15:47:00.349245 [debug] [MainThread]: Acquiring new duckdb connection 'master'
[0m15:47:00.349245 [debug] [ThreadPool]: Acquiring new duckdb connection 'list_nyc_parking_violations'
[0m15:47:00.361804 [debug] [ThreadPool]: Using duckdb connection "list_nyc_parking_violations"
[0m15:47:00.361804 [debug] [ThreadPool]: On list_nyc_parking_violations: /* {"app": "dbt", "dbt_version": "1.6.1", "profile_name": "nyc_parking_violations", "target_name": "dev", "connection_name": "list_nyc_parking_violations"} */

    
    select schema_name
    from system.information_schema.schemata
    
    where catalog_name = '"nyc_parking_violations"'
    
  
  
[0m15:47:00.361804 [debug] [ThreadPool]: Opening a new connection, currently in state init
[0m15:47:00.379958 [debug] [ThreadPool]: SQL status: OK in 0.0 seconds
[0m15:47:00.379958 [debug] [ThreadPool]: On list_nyc_parking_violations: Close
[0m15:47:00.390094 [debug] [ThreadPool]: Re-using an available connection from the pool (formerly list_nyc_parking_violations, now create_nyc_parking_violations_main_dbt_test__audit)
[0m15:47:00.390094 [debug] [ThreadPool]: Creating schema "database: "nyc_parking_violations"
schema: "main_dbt_test__audit"
"
[0m15:47:00.394468 [debug] [ThreadPool]: Using duckdb connection "create_nyc_parking_violations_main_dbt_test__audit"
[0m15:47:00.394468 [debug] [ThreadPool]: On create_nyc_parking_violations_main_dbt_test__audit: BEGIN
[0m15:47:00.396472 [debug] [ThreadPool]: Opening a new connection, currently in state closed
[0m15:47:00.409890 [debug] [ThreadPool]: SQL status: OK in 0.0 seconds
[0m15:47:00.409890 [debug] [ThreadPool]: Using duckdb connection "create_nyc_parking_violations_main_dbt_test__audit"
[0m15:47:00.410936 [debug] [ThreadPool]: On create_nyc_parking_violations_main_dbt_test__audit: /* {"app": "dbt", "dbt_version": "1.6.1", "profile_name": "nyc_parking_violations", "target_name": "dev", "connection_name": "create_nyc_parking_violations_main_dbt_test__audit"} */
create schema if not exists "nyc_parking_violations"."main_dbt_test__audit"
[0m15:47:00.410936 [debug] [ThreadPool]: SQL status: OK in 0.0 seconds
[0m15:47:00.411940 [debug] [ThreadPool]: On create_nyc_parking_violations_main_dbt_test__audit: COMMIT
[0m15:47:00.412976 [debug] [ThreadPool]: Using duckdb connection "create_nyc_parking_violations_main_dbt_test__audit"
[0m15:47:00.412976 [debug] [ThreadPool]: On create_nyc_parking_violations_main_dbt_test__audit: COMMIT
[0m15:47:00.413890 [debug] [ThreadPool]: SQL status: OK in 0.0 seconds
[0m15:47:00.413890 [debug] [ThreadPool]: On create_nyc_parking_violations_main_dbt_test__audit: Close
[0m15:47:00.418662 [debug] [ThreadPool]: Acquiring new duckdb connection 'list_nyc_parking_violations_main_dbt_test__audit'
[0m15:47:00.424223 [debug] [ThreadPool]: Using duckdb connection "list_nyc_parking_violations_main_dbt_test__audit"
[0m15:47:00.424223 [debug] [ThreadPool]: On list_nyc_parking_violations_main_dbt_test__audit: BEGIN
[0m15:47:00.425173 [debug] [ThreadPool]: Opening a new connection, currently in state init
[0m15:47:00.437299 [debug] [ThreadPool]: SQL status: OK in 0.0 seconds
[0m15:47:00.438231 [debug] [ThreadPool]: Using duckdb connection "list_nyc_parking_violations_main_dbt_test__audit"
[0m15:47:00.439183 [debug] [ThreadPool]: On list_nyc_parking_violations_main_dbt_test__audit: /* {"app": "dbt", "dbt_version": "1.6.1", "profile_name": "nyc_parking_violations", "target_name": "dev", "connection_name": "list_nyc_parking_violations_main_dbt_test__audit"} */
select
      'nyc_parking_violations' as database,
      table_name as name,
      table_schema as schema,
      CASE table_type
        WHEN 'BASE TABLE' THEN 'table'
        WHEN 'VIEW' THEN 'view'
        WHEN 'LOCAL TEMPORARY' THEN 'table'
        END as type
    from system.information_schema.tables
    where table_schema = 'main_dbt_test__audit'
    and table_catalog = 'nyc_parking_violations'
  
[0m15:47:00.439183 [debug] [ThreadPool]: SQL status: OK in 0.0 seconds
[0m15:47:00.439183 [debug] [ThreadPool]: On list_nyc_parking_violations_main_dbt_test__audit: ROLLBACK
[0m15:47:00.439183 [debug] [ThreadPool]: Failed to rollback 'list_nyc_parking_violations_main_dbt_test__audit'
[0m15:47:00.439183 [debug] [ThreadPool]: On list_nyc_parking_violations_main_dbt_test__audit: Close
[0m15:47:00.455029 [debug] [ThreadPool]: Re-using an available connection from the pool (formerly list_nyc_parking_violations_main_dbt_test__audit, now list_nyc_parking_violations_main)
[0m15:47:00.455029 [debug] [ThreadPool]: Using duckdb connection "list_nyc_parking_violations_main"
[0m15:47:00.455029 [debug] [ThreadPool]: On list_nyc_parking_violations_main: BEGIN
[0m15:47:00.455029 [debug] [ThreadPool]: Opening a new connection, currently in state closed
[0m15:47:00.470959 [debug] [ThreadPool]: SQL status: OK in 0.0 seconds
[0m15:47:00.470959 [debug] [ThreadPool]: Using duckdb connection "list_nyc_parking_violations_main"
[0m15:47:00.470959 [debug] [ThreadPool]: On list_nyc_parking_violations_main: /* {"app": "dbt", "dbt_version": "1.6.1", "profile_name": "nyc_parking_violations", "target_name": "dev", "connection_name": "list_nyc_parking_violations_main"} */
select
      'nyc_parking_violations' as database,
      table_name as name,
      table_schema as schema,
      CASE table_type
        WHEN 'BASE TABLE' THEN 'table'
        WHEN 'VIEW' THEN 'view'
        WHEN 'LOCAL TEMPORARY' THEN 'table'
        END as type
    from system.information_schema.tables
    where table_schema = 'main'
    and table_catalog = 'nyc_parking_violations'
  
[0m15:47:00.470959 [debug] [ThreadPool]: SQL status: OK in 0.0 seconds
[0m15:47:00.470959 [debug] [ThreadPool]: On list_nyc_parking_violations_main: ROLLBACK
[0m15:47:00.470959 [debug] [ThreadPool]: Failed to rollback 'list_nyc_parking_violations_main'
[0m15:47:00.486769 [debug] [ThreadPool]: On list_nyc_parking_violations_main: Close
[0m15:47:00.486769 [debug] [MainThread]: Sending event: {'category': 'dbt', 'action': 'runnable_timing', 'label': '6a99a41b-9223-4b60-827f-141ad276b71b', 'context': [<snowplow_tracker.self_describing_json.SelfDescribingJson object at 0x000001F067575F60>]}
[0m15:47:00.486769 [debug] [MainThread]: Using duckdb connection "master"
[0m15:47:00.486769 [debug] [MainThread]: On master: BEGIN
[0m15:47:00.486769 [debug] [MainThread]: Opening a new connection, currently in state init
[0m15:47:00.502855 [debug] [MainThread]: SQL status: OK in 0.0 seconds
[0m15:47:00.502855 [debug] [MainThread]: On master: COMMIT
[0m15:47:00.502855 [debug] [MainThread]: Using duckdb connection "master"
[0m15:47:00.502855 [debug] [MainThread]: On master: COMMIT
[0m15:47:00.502855 [debug] [MainThread]: SQL status: OK in 0.0 seconds
[0m15:47:00.502855 [debug] [MainThread]: On master: Close
[0m15:47:00.502855 [info ] [MainThread]: Concurrency: 1 threads (target='dev')
[0m15:47:00.502855 [info ] [MainThread]: 
[0m15:47:00.502855 [debug] [Thread-1 (]: Began running node test.nyc_parking_violations.generic_not_null_bronze_parking_violations_summons_number.e84297fd3d
[0m15:47:00.502855 [info ] [Thread-1 (]: 1 of 4 START test generic_not_null_bronze_parking_violations_summons_number .... [RUN]
[0m15:47:00.517831 [debug] [Thread-1 (]: Acquiring new duckdb connection 'test.nyc_parking_violations.generic_not_null_bronze_parking_violations_summons_number.e84297fd3d'
[0m15:47:00.518947 [debug] [Thread-1 (]: Began compiling node test.nyc_parking_violations.generic_not_null_bronze_parking_violations_summons_number.e84297fd3d
[0m15:47:00.525628 [debug] [Thread-1 (]: Timing info for test.nyc_parking_violations.generic_not_null_bronze_parking_violations_summons_number.e84297fd3d (compile): 15:47:00.518947 => 15:47:00.525628
[0m15:47:00.525628 [debug] [Thread-1 (]: Compilation Error in test generic_not_null_bronze_parking_violations_summons_number (models\docs\schema.yml)
  'test_generic_not_null' is undefined. This can happen when calling a macro that does not exist. Check for typos and/or install package dependencies with "dbt deps".
[0m15:47:00.525628 [error] [Thread-1 (]: 1 of 4 ERROR generic_not_null_bronze_parking_violations_summons_number ......... [[31mERROR[0m in 0.01s]
[0m15:47:00.525628 [debug] [Thread-1 (]: Finished running node test.nyc_parking_violations.generic_not_null_bronze_parking_violations_summons_number.e84297fd3d
[0m15:47:00.525628 [debug] [Thread-1 (]: Began running node test.nyc_parking_violations.not_null_bronze_parking_violations_summons_number.29cef758ac
[0m15:47:00.525628 [info ] [Thread-1 (]: 2 of 4 START test not_null_bronze_parking_violations_summons_number ............ [RUN]
[0m15:47:00.539014 [debug] [Thread-1 (]: Re-using an available connection from the pool (formerly test.nyc_parking_violations.generic_not_null_bronze_parking_violations_summons_number.e84297fd3d, now test.nyc_parking_violations.not_null_bronze_parking_violations_summons_number.29cef758ac)
[0m15:47:00.539425 [debug] [Thread-1 (]: Began compiling node test.nyc_parking_violations.not_null_bronze_parking_violations_summons_number.29cef758ac
[0m15:47:00.546300 [debug] [Thread-1 (]: Writing injected SQL for node "test.nyc_parking_violations.not_null_bronze_parking_violations_summons_number.29cef758ac"
[0m15:47:00.546300 [debug] [Thread-1 (]: Timing info for test.nyc_parking_violations.not_null_bronze_parking_violations_summons_number.29cef758ac (compile): 15:47:00.539425 => 15:47:00.546300
[0m15:47:00.546300 [debug] [Thread-1 (]: Began executing node test.nyc_parking_violations.not_null_bronze_parking_violations_summons_number.29cef758ac
[0m15:47:00.562692 [debug] [Thread-1 (]: Using duckdb connection "test.nyc_parking_violations.not_null_bronze_parking_violations_summons_number.29cef758ac"
[0m15:47:00.563698 [debug] [Thread-1 (]: On test.nyc_parking_violations.not_null_bronze_parking_violations_summons_number.29cef758ac: /* {"app": "dbt", "dbt_version": "1.6.1", "profile_name": "nyc_parking_violations", "target_name": "dev", "node_id": "test.nyc_parking_violations.not_null_bronze_parking_violations_summons_number.29cef758ac"} */
drop table if exists "nyc_parking_violations"."main_dbt_test__audit"."not_null_bronze_parking_violations_summons_number" cascade
[0m15:47:00.563698 [debug] [Thread-1 (]: Opening a new connection, currently in state init
[0m15:47:00.576376 [debug] [Thread-1 (]: SQL status: OK in 0.0 seconds
[0m15:47:00.590099 [debug] [Thread-1 (]: Using duckdb connection "test.nyc_parking_violations.not_null_bronze_parking_violations_summons_number.29cef758ac"
[0m15:47:00.590099 [debug] [Thread-1 (]: On test.nyc_parking_violations.not_null_bronze_parking_violations_summons_number.29cef758ac: BEGIN
[0m15:47:00.590099 [debug] [Thread-1 (]: SQL status: OK in 0.0 seconds
[0m15:47:00.590099 [debug] [Thread-1 (]: Using duckdb connection "test.nyc_parking_violations.not_null_bronze_parking_violations_summons_number.29cef758ac"
[0m15:47:00.590099 [debug] [Thread-1 (]: On test.nyc_parking_violations.not_null_bronze_parking_violations_summons_number.29cef758ac: /* {"app": "dbt", "dbt_version": "1.6.1", "profile_name": "nyc_parking_violations", "target_name": "dev", "node_id": "test.nyc_parking_violations.not_null_bronze_parking_violations_summons_number.29cef758ac"} */

        
  
    
    

    create  table
      "nyc_parking_violations"."main_dbt_test__audit"."not_null_bronze_parking_violations_summons_number"
  
    as (
      
    
    



select *
from "nyc_parking_violations"."main"."bronze_parking_violations"
where summons_number is null



    );
  
  
    
[0m15:47:00.590099 [debug] [Thread-1 (]: SQL status: OK in 0.0 seconds
[0m15:47:00.590099 [debug] [Thread-1 (]: On test.nyc_parking_violations.not_null_bronze_parking_violations_summons_number.29cef758ac: COMMIT
[0m15:47:00.590099 [debug] [Thread-1 (]: Using duckdb connection "test.nyc_parking_violations.not_null_bronze_parking_violations_summons_number.29cef758ac"
[0m15:47:00.590099 [debug] [Thread-1 (]: On test.nyc_parking_violations.not_null_bronze_parking_violations_summons_number.29cef758ac: COMMIT
[0m15:47:00.590099 [debug] [Thread-1 (]: SQL status: OK in 0.0 seconds
[0m15:47:00.606692 [debug] [Thread-1 (]: Writing runtime sql for node "test.nyc_parking_violations.not_null_bronze_parking_violations_summons_number.29cef758ac"
[0m15:47:00.608737 [debug] [Thread-1 (]: Using duckdb connection "test.nyc_parking_violations.not_null_bronze_parking_violations_summons_number.29cef758ac"
[0m15:47:00.609727 [debug] [Thread-1 (]: On test.nyc_parking_violations.not_null_bronze_parking_violations_summons_number.29cef758ac: BEGIN
[0m15:47:00.610690 [debug] [Thread-1 (]: SQL status: OK in 0.0 seconds
[0m15:47:00.610690 [debug] [Thread-1 (]: Using duckdb connection "test.nyc_parking_violations.not_null_bronze_parking_violations_summons_number.29cef758ac"
[0m15:47:00.611785 [debug] [Thread-1 (]: On test.nyc_parking_violations.not_null_bronze_parking_violations_summons_number.29cef758ac: /* {"app": "dbt", "dbt_version": "1.6.1", "profile_name": "nyc_parking_violations", "target_name": "dev", "node_id": "test.nyc_parking_violations.not_null_bronze_parking_violations_summons_number.29cef758ac"} */
select
      count(*) as failures,
      count(*) != 0 as should_warn,
      count(*) != 0 as should_error
    from (
      
        select *
        from "nyc_parking_violations"."main_dbt_test__audit"."not_null_bronze_parking_violations_summons_number"
    
      
    ) dbt_internal_test
[0m15:47:00.612790 [debug] [Thread-1 (]: SQL status: OK in 0.0 seconds
[0m15:47:00.614780 [debug] [Thread-1 (]: Timing info for test.nyc_parking_violations.not_null_bronze_parking_violations_summons_number.29cef758ac (execute): 15:47:00.546300 => 15:47:00.614780
[0m15:47:00.614780 [debug] [Thread-1 (]: On test.nyc_parking_violations.not_null_bronze_parking_violations_summons_number.29cef758ac: ROLLBACK
[0m15:47:00.615736 [debug] [Thread-1 (]: Failed to rollback 'test.nyc_parking_violations.not_null_bronze_parking_violations_summons_number.29cef758ac'
[0m15:47:00.615736 [debug] [Thread-1 (]: On test.nyc_parking_violations.not_null_bronze_parking_violations_summons_number.29cef758ac: Close
[0m15:47:00.632364 [info ] [Thread-1 (]: 2 of 4 PASS not_null_bronze_parking_violations_summons_number .................. [[32mPASS[0m in 0.11s]
[0m15:47:00.634402 [debug] [Thread-1 (]: Finished running node test.nyc_parking_violations.not_null_bronze_parking_violations_summons_number.29cef758ac
[0m15:47:00.634402 [debug] [Thread-1 (]: Began running node test.nyc_parking_violations.unique_bronze_parking_violations_summons_number.305522a239
[0m15:47:00.635453 [info ] [Thread-1 (]: 3 of 4 START test unique_bronze_parking_violations_summons_number .............. [RUN]
[0m15:47:00.636364 [debug] [Thread-1 (]: Re-using an available connection from the pool (formerly test.nyc_parking_violations.not_null_bronze_parking_violations_summons_number.29cef758ac, now test.nyc_parking_violations.unique_bronze_parking_violations_summons_number.305522a239)
[0m15:47:00.636364 [debug] [Thread-1 (]: Began compiling node test.nyc_parking_violations.unique_bronze_parking_violations_summons_number.305522a239
[0m15:47:00.644930 [debug] [Thread-1 (]: Writing injected SQL for node "test.nyc_parking_violations.unique_bronze_parking_violations_summons_number.305522a239"
[0m15:47:00.644930 [debug] [Thread-1 (]: Timing info for test.nyc_parking_violations.unique_bronze_parking_violations_summons_number.305522a239 (compile): 15:47:00.636364 => 15:47:00.644930
[0m15:47:00.644930 [debug] [Thread-1 (]: Began executing node test.nyc_parking_violations.unique_bronze_parking_violations_summons_number.305522a239
[0m15:47:00.644930 [debug] [Thread-1 (]: Using duckdb connection "test.nyc_parking_violations.unique_bronze_parking_violations_summons_number.305522a239"
[0m15:47:00.644930 [debug] [Thread-1 (]: On test.nyc_parking_violations.unique_bronze_parking_violations_summons_number.305522a239: /* {"app": "dbt", "dbt_version": "1.6.1", "profile_name": "nyc_parking_violations", "target_name": "dev", "node_id": "test.nyc_parking_violations.unique_bronze_parking_violations_summons_number.305522a239"} */
drop table if exists "nyc_parking_violations"."main_dbt_test__audit"."unique_bronze_parking_violations_summons_number" cascade
[0m15:47:00.644930 [debug] [Thread-1 (]: Opening a new connection, currently in state closed
[0m15:47:00.663297 [debug] [Thread-1 (]: SQL status: OK in 0.0 seconds
[0m15:47:00.673336 [debug] [Thread-1 (]: Using duckdb connection "test.nyc_parking_violations.unique_bronze_parking_violations_summons_number.305522a239"
[0m15:47:00.673336 [debug] [Thread-1 (]: On test.nyc_parking_violations.unique_bronze_parking_violations_summons_number.305522a239: BEGIN
[0m15:47:00.675860 [debug] [Thread-1 (]: SQL status: OK in 0.0 seconds
[0m15:47:00.676945 [debug] [Thread-1 (]: Using duckdb connection "test.nyc_parking_violations.unique_bronze_parking_violations_summons_number.305522a239"
[0m15:47:00.677602 [debug] [Thread-1 (]: On test.nyc_parking_violations.unique_bronze_parking_violations_summons_number.305522a239: /* {"app": "dbt", "dbt_version": "1.6.1", "profile_name": "nyc_parking_violations", "target_name": "dev", "node_id": "test.nyc_parking_violations.unique_bronze_parking_violations_summons_number.305522a239"} */

        
  
    
    

    create  table
      "nyc_parking_violations"."main_dbt_test__audit"."unique_bronze_parking_violations_summons_number"
  
    as (
      
    
    

select
    summons_number as unique_field,
    count(*) as n_records

from "nyc_parking_violations"."main"."bronze_parking_violations"
where summons_number is not null
group by summons_number
having count(*) > 1



    );
  
  
    
[0m15:47:00.677602 [debug] [Thread-1 (]: SQL status: OK in 0.0 seconds
[0m15:47:00.677602 [debug] [Thread-1 (]: On test.nyc_parking_violations.unique_bronze_parking_violations_summons_number.305522a239: COMMIT
[0m15:47:00.677602 [debug] [Thread-1 (]: Using duckdb connection "test.nyc_parking_violations.unique_bronze_parking_violations_summons_number.305522a239"
[0m15:47:00.690575 [debug] [Thread-1 (]: On test.nyc_parking_violations.unique_bronze_parking_violations_summons_number.305522a239: COMMIT
[0m15:47:00.691799 [debug] [Thread-1 (]: SQL status: OK in 0.0 seconds
[0m15:47:00.691799 [debug] [Thread-1 (]: Writing runtime sql for node "test.nyc_parking_violations.unique_bronze_parking_violations_summons_number.305522a239"
[0m15:47:00.696421 [debug] [Thread-1 (]: Using duckdb connection "test.nyc_parking_violations.unique_bronze_parking_violations_summons_number.305522a239"
[0m15:47:00.696421 [debug] [Thread-1 (]: On test.nyc_parking_violations.unique_bronze_parking_violations_summons_number.305522a239: BEGIN
[0m15:47:00.696421 [debug] [Thread-1 (]: SQL status: OK in 0.0 seconds
[0m15:47:00.699578 [debug] [Thread-1 (]: Using duckdb connection "test.nyc_parking_violations.unique_bronze_parking_violations_summons_number.305522a239"
[0m15:47:00.699578 [debug] [Thread-1 (]: On test.nyc_parking_violations.unique_bronze_parking_violations_summons_number.305522a239: /* {"app": "dbt", "dbt_version": "1.6.1", "profile_name": "nyc_parking_violations", "target_name": "dev", "node_id": "test.nyc_parking_violations.unique_bronze_parking_violations_summons_number.305522a239"} */
select
      count(*) as failures,
      count(*) != 0 as should_warn,
      count(*) != 0 as should_error
    from (
      
        select *
        from "nyc_parking_violations"."main_dbt_test__audit"."unique_bronze_parking_violations_summons_number"
    
      
    ) dbt_internal_test
[0m15:47:00.699578 [debug] [Thread-1 (]: SQL status: OK in 0.0 seconds
[0m15:47:00.701582 [debug] [Thread-1 (]: Timing info for test.nyc_parking_violations.unique_bronze_parking_violations_summons_number.305522a239 (execute): 15:47:00.644930 => 15:47:00.701582
[0m15:47:00.701582 [debug] [Thread-1 (]: On test.nyc_parking_violations.unique_bronze_parking_violations_summons_number.305522a239: ROLLBACK
[0m15:47:00.703588 [debug] [Thread-1 (]: Failed to rollback 'test.nyc_parking_violations.unique_bronze_parking_violations_summons_number.305522a239'
[0m15:47:00.703588 [debug] [Thread-1 (]: On test.nyc_parking_violations.unique_bronze_parking_violations_summons_number.305522a239: Close
[0m15:47:00.723171 [info ] [Thread-1 (]: 3 of 4 PASS unique_bronze_parking_violations_summons_number .................... [[32mPASS[0m in 0.09s]
[0m15:47:00.723592 [debug] [Thread-1 (]: Finished running node test.nyc_parking_violations.unique_bronze_parking_violations_summons_number.305522a239
[0m15:47:00.724727 [debug] [Thread-1 (]: Began running node test.nyc_parking_violations.violation_codes_revenue
[0m15:47:00.725637 [info ] [Thread-1 (]: 4 of 4 START test violation_codes_revenue ...................................... [RUN]
[0m15:47:00.726744 [debug] [Thread-1 (]: Re-using an available connection from the pool (formerly test.nyc_parking_violations.unique_bronze_parking_violations_summons_number.305522a239, now test.nyc_parking_violations.violation_codes_revenue)
[0m15:47:00.726744 [debug] [Thread-1 (]: Began compiling node test.nyc_parking_violations.violation_codes_revenue
[0m15:47:00.731733 [debug] [Thread-1 (]: Writing injected SQL for node "test.nyc_parking_violations.violation_codes_revenue"
[0m15:47:00.734618 [debug] [Thread-1 (]: Writing injected SQL for node "test.nyc_parking_violations.violation_codes_revenue"
[0m15:47:00.735618 [debug] [Thread-1 (]: Timing info for test.nyc_parking_violations.violation_codes_revenue (compile): 15:47:00.726744 => 15:47:00.735618
[0m15:47:00.736619 [debug] [Thread-1 (]: Began executing node test.nyc_parking_violations.violation_codes_revenue
[0m15:47:00.741505 [debug] [Thread-1 (]: Using duckdb connection "test.nyc_parking_violations.violation_codes_revenue"
[0m15:47:00.742432 [debug] [Thread-1 (]: On test.nyc_parking_violations.violation_codes_revenue: /* {"app": "dbt", "dbt_version": "1.6.1", "profile_name": "nyc_parking_violations", "target_name": "dev", "node_id": "test.nyc_parking_violations.violation_codes_revenue"} */
drop table if exists "nyc_parking_violations"."main_dbt_test__audit"."violation_codes_revenue" cascade
[0m15:47:00.743530 [debug] [Thread-1 (]: Opening a new connection, currently in state closed
[0m15:47:00.760503 [debug] [Thread-1 (]: SQL status: OK in 0.0 seconds
[0m15:47:00.760503 [debug] [Thread-1 (]: Using duckdb connection "test.nyc_parking_violations.violation_codes_revenue"
[0m15:47:00.760503 [debug] [Thread-1 (]: On test.nyc_parking_violations.violation_codes_revenue: BEGIN
[0m15:47:00.760503 [debug] [Thread-1 (]: SQL status: OK in 0.0 seconds
[0m15:47:00.760503 [debug] [Thread-1 (]: Using duckdb connection "test.nyc_parking_violations.violation_codes_revenue"
[0m15:47:00.760503 [debug] [Thread-1 (]: On test.nyc_parking_violations.violation_codes_revenue: /* {"app": "dbt", "dbt_version": "1.6.1", "profile_name": "nyc_parking_violations", "target_name": "dev", "node_id": "test.nyc_parking_violations.violation_codes_revenue"} */

        
  
    
    

    create  table
      "nyc_parking_violations"."main_dbt_test__audit"."violation_codes_revenue"
  
    as (
      

with __dbt__cte__silver_parking_violation_codes as (
WITH manhattan_violation_codes AS (
    SELECT
        violation_code,
        definition,
        TRUE AS is_manhattan_96th_st_below,
        manhattan_96th_st_below AS fee_usd,
    FROM
        "nyc_parking_violations"."main"."bronze_parking_violation_codes"
),

all_other_violation_codes AS (
    SELECT
        violation_code,
        definition,
        FALSE AS is_manhattan_96th_st_below,
        all_other_areas AS fee_usd,
    FROM
        "nyc_parking_violations"."main"."bronze_parking_violation_codes"
)

SELECT * FROM manhattan_violation_codes
UNION ALL
SELECT * FROM all_other_violation_codes
ORDER BY violation_code ASC
) SELECT
    violation_code,
    SUM(fee_usd) AS total_revenue_usd
FROM
    __dbt__cte__silver_parking_violation_codes
GROUP BY
    violation_code
HAVING
    NOT(total_revenue_usd >= 1)
    );
  
  
    
[0m15:47:00.760503 [debug] [Thread-1 (]: SQL status: OK in 0.0 seconds
[0m15:47:00.760503 [debug] [Thread-1 (]: On test.nyc_parking_violations.violation_codes_revenue: COMMIT
[0m15:47:00.772279 [debug] [Thread-1 (]: Using duckdb connection "test.nyc_parking_violations.violation_codes_revenue"
[0m15:47:00.772279 [debug] [Thread-1 (]: On test.nyc_parking_violations.violation_codes_revenue: COMMIT
[0m15:47:00.773305 [debug] [Thread-1 (]: SQL status: OK in 0.0 seconds
[0m15:47:00.773305 [debug] [Thread-1 (]: Writing runtime sql for node "test.nyc_parking_violations.violation_codes_revenue"
[0m15:47:00.773305 [debug] [Thread-1 (]: Using duckdb connection "test.nyc_parking_violations.violation_codes_revenue"
[0m15:47:00.773305 [debug] [Thread-1 (]: On test.nyc_parking_violations.violation_codes_revenue: BEGIN
[0m15:47:00.773305 [debug] [Thread-1 (]: SQL status: OK in 0.0 seconds
[0m15:47:00.773305 [debug] [Thread-1 (]: Using duckdb connection "test.nyc_parking_violations.violation_codes_revenue"
[0m15:47:00.773305 [debug] [Thread-1 (]: On test.nyc_parking_violations.violation_codes_revenue: /* {"app": "dbt", "dbt_version": "1.6.1", "profile_name": "nyc_parking_violations", "target_name": "dev", "node_id": "test.nyc_parking_violations.violation_codes_revenue"} */
select
      count(*) as failures,
      count(*) != 0 as should_warn,
      count(*) != 0 as should_error
    from (
      
        select *
        from "nyc_parking_violations"."main_dbt_test__audit"."violation_codes_revenue"
    
      
    ) dbt_internal_test
[0m15:47:00.773305 [debug] [Thread-1 (]: SQL status: OK in 0.0 seconds
[0m15:47:00.773305 [debug] [Thread-1 (]: Timing info for test.nyc_parking_violations.violation_codes_revenue (execute): 15:47:00.737635 => 15:47:00.773305
[0m15:47:00.773305 [debug] [Thread-1 (]: On test.nyc_parking_violations.violation_codes_revenue: ROLLBACK
[0m15:47:00.773305 [debug] [Thread-1 (]: Failed to rollback 'test.nyc_parking_violations.violation_codes_revenue'
[0m15:47:00.773305 [debug] [Thread-1 (]: On test.nyc_parking_violations.violation_codes_revenue: Close
[0m15:47:00.802792 [warn ] [Thread-1 (]: 4 of 4 WARN 1 violation_codes_revenue .......................................... [[33mWARN 1[0m in 0.08s]
[0m15:47:00.803814 [debug] [Thread-1 (]: Finished running node test.nyc_parking_violations.violation_codes_revenue
[0m15:47:00.805804 [debug] [MainThread]: Using duckdb connection "master"
[0m15:47:00.806513 [debug] [MainThread]: On master: BEGIN
[0m15:47:00.806513 [debug] [MainThread]: Opening a new connection, currently in state closed
[0m15:47:00.820327 [debug] [MainThread]: SQL status: OK in 0.0 seconds
[0m15:47:00.820327 [debug] [MainThread]: On master: COMMIT
[0m15:47:00.821327 [debug] [MainThread]: Using duckdb connection "master"
[0m15:47:00.821327 [debug] [MainThread]: On master: COMMIT
[0m15:47:00.823005 [debug] [MainThread]: SQL status: OK in 0.0 seconds
[0m15:47:00.823005 [debug] [MainThread]: On master: Close
[0m15:47:00.827967 [debug] [MainThread]: Connection 'master' was properly closed.
[0m15:47:00.827967 [debug] [MainThread]: Connection 'create_nyc_parking_violations_main_dbt_test__audit' was properly closed.
[0m15:47:00.827967 [debug] [MainThread]: Connection 'list_nyc_parking_violations_main' was properly closed.
[0m15:47:00.827967 [debug] [MainThread]: Connection 'test.nyc_parking_violations.violation_codes_revenue' was properly closed.
[0m15:47:00.827967 [info ] [MainThread]: 
[0m15:47:00.827967 [info ] [MainThread]: Finished running 4 tests in 0 hours 0 minutes and 0.48 seconds (0.48s).
[0m15:47:00.827967 [debug] [MainThread]: Command end result
[0m15:47:00.845366 [info ] [MainThread]: 
[0m15:47:00.846364 [info ] [MainThread]: [31mCompleted with 1 error and 1 warning:[0m
[0m15:47:00.847401 [info ] [MainThread]: 
[0m15:47:00.847401 [error] [MainThread]: [33mCompilation Error in test generic_not_null_bronze_parking_violations_summons_number (models\docs\schema.yml)[0m
[0m15:47:00.847401 [error] [MainThread]:   'test_generic_not_null' is undefined. This can happen when calling a macro that does not exist. Check for typos and/or install package dependencies with "dbt deps".
[0m15:47:00.847401 [info ] [MainThread]: 
[0m15:47:00.847401 [warn ] [MainThread]: [33mWarning in test violation_codes_revenue (tests\violation_codes_revenue.sql)[0m
[0m15:47:00.847401 [warn ] [MainThread]: Got 1 result, configured to warn if != 0
[0m15:47:00.847401 [info ] [MainThread]: 
[0m15:47:00.847401 [info ] [MainThread]:   compiled Code at target\compiled\nyc_parking_violations\tests\violation_codes_revenue.sql
[0m15:47:00.847401 [info ] [MainThread]: 
[0m15:47:00.853437 [info ] [MainThread]:   See test failures:
  ---------------------------------------------------------------------------------------
  select * from "nyc_parking_violations"."main_dbt_test__audit"."violation_codes_revenue"
  ---------------------------------------------------------------------------------------
[0m15:47:00.853437 [info ] [MainThread]: 
[0m15:47:00.854744 [info ] [MainThread]: Done. PASS=2 WARN=1 ERROR=1 SKIP=0 TOTAL=4
[0m15:47:00.855753 [debug] [MainThread]: Command `dbt test` failed at 15:47:00.855753 after 0.78 seconds
[0m15:47:00.856753 [debug] [MainThread]: Sending event: {'category': 'dbt', 'action': 'invocation', 'label': 'end', 'context': [<snowplow_tracker.self_describing_json.SelfDescribingJson object at 0x000001F0643EF4F0>, <snowplow_tracker.self_describing_json.SelfDescribingJson object at 0x000001F067316DA0>, <snowplow_tracker.self_describing_json.SelfDescribingJson object at 0x000001F068632DA0>]}
[0m15:47:00.857749 [debug] [MainThread]: Flushing usage events
[0m15:49:01.044560 [debug] [MainThread]: Sending event: {'category': 'dbt', 'action': 'invocation', 'label': 'start', 'context': [<snowplow_tracker.self_describing_json.SelfDescribingJson object at 0x00000169CF24F4F0>, <snowplow_tracker.self_describing_json.SelfDescribingJson object at 0x00000169D2099CF0>, <snowplow_tracker.self_describing_json.SelfDescribingJson object at 0x00000169D20991E0>]}


============================== 15:49:01.059655 | efa82caa-cc34-4297-97ac-296d91d166d7 ==============================
[0m15:49:01.059655 [info ] [MainThread]: Running with dbt=1.6.1
[0m15:49:01.059655 [debug] [MainThread]: running dbt with arguments {'no_print': 'None', 'log_format': 'default', 'printer_width': '80', 'invocation_command': 'dbt deps', 'write_json': 'True', 'warn_error': 'None', 'static_parser': 'True', 'fail_fast': 'False', 'indirect_selection': 'eager', 'send_anonymous_usage_stats': 'True', 'partial_parse': 'True', 'warn_error_options': 'WarnErrorOptions(include=[], exclude=[])', 'log_path': 'D:\\DBT CORE\\nyc_parking_violations\\logs', 'version_check': 'True', 'use_experimental_parser': 'False', 'introspect': 'True', 'quiet': 'False', 'log_cache_events': 'False', 'debug': 'False', 'profiles_dir': 'D:\\DBT CORE\\nyc_parking_violations', 'use_colors': 'True', 'cache_selected_only': 'False', 'target_path': 'None'}
[0m15:49:01.115352 [debug] [MainThread]: Sending event: {'category': 'dbt', 'action': 'project_id', 'label': 'efa82caa-cc34-4297-97ac-296d91d166d7', 'context': [<snowplow_tracker.self_describing_json.SelfDescribingJson object at 0x00000169D20991E0>]}
[0m15:49:01.116259 [info ] [MainThread]: Warning: No packages were found in packages.yml
[0m15:49:01.119394 [debug] [MainThread]: Command `dbt deps` succeeded at 15:49:01.118251 after 0.09 seconds
[0m15:49:01.120394 [debug] [MainThread]: Sending event: {'category': 'dbt', 'action': 'invocation', 'label': 'end', 'context': [<snowplow_tracker.self_describing_json.SelfDescribingJson object at 0x00000169CF24F4F0>, <snowplow_tracker.self_describing_json.SelfDescribingJson object at 0x00000169D20991E0>, <snowplow_tracker.self_describing_json.SelfDescribingJson object at 0x00000169D2104A60>]}
[0m15:49:01.122394 [debug] [MainThread]: Flushing usage events
[0m15:50:35.264585 [debug] [MainThread]: Sending event: {'category': 'dbt', 'action': 'invocation', 'label': 'start', 'context': [<snowplow_tracker.self_describing_json.SelfDescribingJson object at 0x0000024623F2F520>, <snowplow_tracker.self_describing_json.SelfDescribingJson object at 0x0000024626D79D50>, <snowplow_tracker.self_describing_json.SelfDescribingJson object at 0x0000024626D78820>]}


============================== 15:50:35.264585 | 2efe8b8d-38c8-4184-acea-2bcc69625fb6 ==============================
[0m15:50:35.264585 [info ] [MainThread]: Running with dbt=1.6.1
[0m15:50:35.264585 [debug] [MainThread]: running dbt with arguments {'no_print': 'None', 'log_format': 'default', 'printer_width': '80', 'invocation_command': 'dbt test', 'write_json': 'True', 'warn_error': 'None', 'static_parser': 'True', 'partial_parse': 'True', 'indirect_selection': 'eager', 'send_anonymous_usage_stats': 'True', 'fail_fast': 'False', 'warn_error_options': 'WarnErrorOptions(include=[], exclude=[])', 'log_path': 'D:\\DBT CORE\\nyc_parking_violations\\logs', 'use_experimental_parser': 'False', 'version_check': 'True', 'introspect': 'True', 'quiet': 'False', 'log_cache_events': 'False', 'debug': 'False', 'profiles_dir': 'D:\\DBT CORE\\nyc_parking_violations', 'use_colors': 'True', 'cache_selected_only': 'False', 'target_path': 'None'}
[0m15:50:35.381884 [debug] [MainThread]: Sending event: {'category': 'dbt', 'action': 'project_id', 'label': '2efe8b8d-38c8-4184-acea-2bcc69625fb6', 'context': [<snowplow_tracker.self_describing_json.SelfDescribingJson object at 0x0000024626D79ED0>]}
[0m15:50:35.396881 [debug] [MainThread]: Sending event: {'category': 'dbt', 'action': 'adapter_info', 'label': '2efe8b8d-38c8-4184-acea-2bcc69625fb6', 'context': [<snowplow_tracker.self_describing_json.SelfDescribingJson object at 0x0000024626E5EE60>]}
[0m15:50:35.396881 [info ] [MainThread]: Registered adapter: duckdb=1.6.0
[0m15:50:35.412952 [debug] [MainThread]: checksum: efe19d9f5b93d1a98cc804fbfcdb6b3aced98b974af664946fee1cde8837deb7, vars: {}, profile: , target: , version: 1.6.1
[0m15:50:35.434807 [error] [MainThread]: Encountered an error:
Parsing Error
  The schema file at models\docs\schema.yml is invalid because a list element for 'models' does not have a name attribute.
[0m15:50:35.434807 [debug] [MainThread]: Command `dbt test` failed at 15:50:35.434807 after 0.19 seconds
[0m15:50:35.434807 [debug] [MainThread]: Sending event: {'category': 'dbt', 'action': 'invocation', 'label': 'end', 'context': [<snowplow_tracker.self_describing_json.SelfDescribingJson object at 0x0000024623F2F520>, <snowplow_tracker.self_describing_json.SelfDescribingJson object at 0x000002462702FEB0>, <snowplow_tracker.self_describing_json.SelfDescribingJson object at 0x000002462702FF40>]}
[0m15:50:35.434807 [debug] [MainThread]: Flushing usage events
[0m15:50:58.826897 [debug] [MainThread]: Sending event: {'category': 'dbt', 'action': 'invocation', 'label': 'start', 'context': [<snowplow_tracker.self_describing_json.SelfDescribingJson object at 0x000002998F82F550>, <snowplow_tracker.self_describing_json.SelfDescribingJson object at 0x0000029992679D20>, <snowplow_tracker.self_describing_json.SelfDescribingJson object at 0x00000299926787F0>]}


============================== 15:50:58.837021 | acbca3a9-04eb-4a51-afc8-2d6b14860353 ==============================
[0m15:50:58.837021 [info ] [MainThread]: Running with dbt=1.6.1
[0m15:50:58.839027 [debug] [MainThread]: running dbt with arguments {'log_format': 'default', 'printer_width': '80', 'target_path': 'None', 'invocation_command': 'dbt test', 'profiles_dir': 'D:\\DBT CORE\\nyc_parking_violations', 'warn_error': 'None', 'static_parser': 'True', 'fail_fast': 'False', 'partial_parse': 'True', 'send_anonymous_usage_stats': 'True', 'log_path': 'D:\\DBT CORE\\nyc_parking_violations\\logs', 'warn_error_options': 'WarnErrorOptions(include=[], exclude=[])', 'indirect_selection': 'eager', 'version_check': 'True', 'use_experimental_parser': 'False', 'quiet': 'False', 'introspect': 'True', 'log_cache_events': 'False', 'debug': 'False', 'no_print': 'None', 'use_colors': 'True', 'cache_selected_only': 'False', 'write_json': 'True'}
[0m15:50:58.956755 [debug] [MainThread]: Sending event: {'category': 'dbt', 'action': 'project_id', 'label': 'acbca3a9-04eb-4a51-afc8-2d6b14860353', 'context': [<snowplow_tracker.self_describing_json.SelfDescribingJson object at 0x0000029992679EA0>]}
[0m15:50:58.972569 [debug] [MainThread]: Sending event: {'category': 'dbt', 'action': 'adapter_info', 'label': 'acbca3a9-04eb-4a51-afc8-2d6b14860353', 'context': [<snowplow_tracker.self_describing_json.SelfDescribingJson object at 0x000002999275AD70>]}
[0m15:50:58.975247 [info ] [MainThread]: Registered adapter: duckdb=1.6.0
[0m15:50:58.975247 [debug] [MainThread]: checksum: efe19d9f5b93d1a98cc804fbfcdb6b3aced98b974af664946fee1cde8837deb7, vars: {}, profile: , target: , version: 1.6.1
[0m15:50:59.053546 [debug] [MainThread]: Partial parsing enabled: 0 files deleted, 0 files added, 0 files changed.
[0m15:50:59.053546 [debug] [MainThread]: Partial parsing enabled, no changes found, skipping parsing
[0m15:50:59.059235 [debug] [MainThread]: Sending event: {'category': 'dbt', 'action': 'load_project', 'label': 'acbca3a9-04eb-4a51-afc8-2d6b14860353', 'context': [<snowplow_tracker.self_describing_json.SelfDescribingJson object at 0x0000029992981600>]}
[0m15:50:59.071235 [debug] [MainThread]: Sending event: {'category': 'dbt', 'action': 'resource_counts', 'label': 'acbca3a9-04eb-4a51-afc8-2d6b14860353', 'context': [<snowplow_tracker.self_describing_json.SelfDescribingJson object at 0x000002999287C580>]}
[0m15:50:59.072159 [info ] [MainThread]: Found 10 models, 4 tests, 0 sources, 0 exposures, 0 metrics, 348 macros, 0 groups, 0 semantic models
[0m15:50:59.072979 [debug] [MainThread]: Sending event: {'category': 'dbt', 'action': 'runnable_timing', 'label': 'acbca3a9-04eb-4a51-afc8-2d6b14860353', 'context': [<snowplow_tracker.self_describing_json.SelfDescribingJson object at 0x000002999287C7C0>]}
[0m15:50:59.073880 [info ] [MainThread]: 
[0m15:50:59.073880 [debug] [MainThread]: Acquiring new duckdb connection 'master'
[0m15:50:59.073880 [debug] [ThreadPool]: Acquiring new duckdb connection 'list_nyc_parking_violations'
[0m15:50:59.086461 [debug] [ThreadPool]: Using duckdb connection "list_nyc_parking_violations"
[0m15:50:59.087360 [debug] [ThreadPool]: On list_nyc_parking_violations: /* {"app": "dbt", "dbt_version": "1.6.1", "profile_name": "nyc_parking_violations", "target_name": "dev", "connection_name": "list_nyc_parking_violations"} */

    
    select schema_name
    from system.information_schema.schemata
    
    where catalog_name = '"nyc_parking_violations"'
    
  
  
[0m15:50:59.087360 [debug] [ThreadPool]: Opening a new connection, currently in state init
[0m15:50:59.107022 [debug] [ThreadPool]: SQL status: OK in 0.0 seconds
[0m15:50:59.109032 [debug] [ThreadPool]: On list_nyc_parking_violations: Close
[0m15:50:59.113579 [debug] [ThreadPool]: Re-using an available connection from the pool (formerly list_nyc_parking_violations, now create_nyc_parking_violations_main_dbt_test__audit)
[0m15:50:59.113579 [debug] [ThreadPool]: Creating schema "database: "nyc_parking_violations"
schema: "main_dbt_test__audit"
"
[0m15:50:59.113579 [debug] [ThreadPool]: Using duckdb connection "create_nyc_parking_violations_main_dbt_test__audit"
[0m15:50:59.113579 [debug] [ThreadPool]: On create_nyc_parking_violations_main_dbt_test__audit: BEGIN
[0m15:50:59.113579 [debug] [ThreadPool]: Opening a new connection, currently in state closed
[0m15:50:59.124749 [debug] [ThreadPool]: SQL status: OK in 0.0 seconds
[0m15:50:59.124749 [debug] [ThreadPool]: Using duckdb connection "create_nyc_parking_violations_main_dbt_test__audit"
[0m15:50:59.124749 [debug] [ThreadPool]: On create_nyc_parking_violations_main_dbt_test__audit: /* {"app": "dbt", "dbt_version": "1.6.1", "profile_name": "nyc_parking_violations", "target_name": "dev", "connection_name": "create_nyc_parking_violations_main_dbt_test__audit"} */
create schema if not exists "nyc_parking_violations"."main_dbt_test__audit"
[0m15:50:59.124749 [debug] [ThreadPool]: SQL status: OK in 0.0 seconds
[0m15:50:59.124749 [debug] [ThreadPool]: On create_nyc_parking_violations_main_dbt_test__audit: COMMIT
[0m15:50:59.124749 [debug] [ThreadPool]: Using duckdb connection "create_nyc_parking_violations_main_dbt_test__audit"
[0m15:50:59.124749 [debug] [ThreadPool]: On create_nyc_parking_violations_main_dbt_test__audit: COMMIT
[0m15:50:59.140428 [debug] [ThreadPool]: SQL status: OK in 0.0 seconds
[0m15:50:59.141439 [debug] [ThreadPool]: On create_nyc_parking_violations_main_dbt_test__audit: Close
[0m15:50:59.145934 [debug] [ThreadPool]: Acquiring new duckdb connection 'list_nyc_parking_violations_main_dbt_test__audit'
[0m15:50:59.149871 [debug] [ThreadPool]: Using duckdb connection "list_nyc_parking_violations_main_dbt_test__audit"
[0m15:50:59.150872 [debug] [ThreadPool]: On list_nyc_parking_violations_main_dbt_test__audit: BEGIN
[0m15:50:59.150872 [debug] [ThreadPool]: Opening a new connection, currently in state init
[0m15:50:59.164432 [debug] [ThreadPool]: SQL status: OK in 0.0 seconds
[0m15:50:59.165410 [debug] [ThreadPool]: Using duckdb connection "list_nyc_parking_violations_main_dbt_test__audit"
[0m15:50:59.165410 [debug] [ThreadPool]: On list_nyc_parking_violations_main_dbt_test__audit: /* {"app": "dbt", "dbt_version": "1.6.1", "profile_name": "nyc_parking_violations", "target_name": "dev", "connection_name": "list_nyc_parking_violations_main_dbt_test__audit"} */
select
      'nyc_parking_violations' as database,
      table_name as name,
      table_schema as schema,
      CASE table_type
        WHEN 'BASE TABLE' THEN 'table'
        WHEN 'VIEW' THEN 'view'
        WHEN 'LOCAL TEMPORARY' THEN 'table'
        END as type
    from system.information_schema.tables
    where table_schema = 'main_dbt_test__audit'
    and table_catalog = 'nyc_parking_violations'
  
[0m15:50:59.174421 [debug] [ThreadPool]: SQL status: OK in 0.0 seconds
[0m15:50:59.174421 [debug] [ThreadPool]: On list_nyc_parking_violations_main_dbt_test__audit: ROLLBACK
[0m15:50:59.174421 [debug] [ThreadPool]: Failed to rollback 'list_nyc_parking_violations_main_dbt_test__audit'
[0m15:50:59.174421 [debug] [ThreadPool]: On list_nyc_parking_violations_main_dbt_test__audit: Close
[0m15:50:59.174421 [debug] [ThreadPool]: Re-using an available connection from the pool (formerly list_nyc_parking_violations_main_dbt_test__audit, now list_nyc_parking_violations_main)
[0m15:50:59.174421 [debug] [ThreadPool]: Using duckdb connection "list_nyc_parking_violations_main"
[0m15:50:59.174421 [debug] [ThreadPool]: On list_nyc_parking_violations_main: BEGIN
[0m15:50:59.174421 [debug] [ThreadPool]: Opening a new connection, currently in state closed
[0m15:50:59.190178 [debug] [ThreadPool]: SQL status: OK in 0.0 seconds
[0m15:50:59.190178 [debug] [ThreadPool]: Using duckdb connection "list_nyc_parking_violations_main"
[0m15:50:59.190178 [debug] [ThreadPool]: On list_nyc_parking_violations_main: /* {"app": "dbt", "dbt_version": "1.6.1", "profile_name": "nyc_parking_violations", "target_name": "dev", "connection_name": "list_nyc_parking_violations_main"} */
select
      'nyc_parking_violations' as database,
      table_name as name,
      table_schema as schema,
      CASE table_type
        WHEN 'BASE TABLE' THEN 'table'
        WHEN 'VIEW' THEN 'view'
        WHEN 'LOCAL TEMPORARY' THEN 'table'
        END as type
    from system.information_schema.tables
    where table_schema = 'main'
    and table_catalog = 'nyc_parking_violations'
  
[0m15:50:59.212680 [debug] [ThreadPool]: SQL status: OK in 0.0 seconds
[0m15:50:59.212680 [debug] [ThreadPool]: On list_nyc_parking_violations_main: ROLLBACK
[0m15:50:59.214685 [debug] [ThreadPool]: Failed to rollback 'list_nyc_parking_violations_main'
[0m15:50:59.214685 [debug] [ThreadPool]: On list_nyc_parking_violations_main: Close
[0m15:50:59.216689 [debug] [MainThread]: Sending event: {'category': 'dbt', 'action': 'runnable_timing', 'label': 'acbca3a9-04eb-4a51-afc8-2d6b14860353', 'context': [<snowplow_tracker.self_describing_json.SelfDescribingJson object at 0x00000299929B5F00>]}
[0m15:50:59.216689 [debug] [MainThread]: Using duckdb connection "master"
[0m15:50:59.216689 [debug] [MainThread]: On master: BEGIN
[0m15:50:59.216689 [debug] [MainThread]: Opening a new connection, currently in state init
[0m15:50:59.233977 [debug] [MainThread]: SQL status: OK in 0.0 seconds
[0m15:50:59.233977 [debug] [MainThread]: On master: COMMIT
[0m15:50:59.233977 [debug] [MainThread]: Using duckdb connection "master"
[0m15:50:59.235981 [debug] [MainThread]: On master: COMMIT
[0m15:50:59.235981 [debug] [MainThread]: SQL status: OK in 0.0 seconds
[0m15:50:59.235981 [debug] [MainThread]: On master: Close
[0m15:50:59.237727 [info ] [MainThread]: Concurrency: 1 threads (target='dev')
[0m15:50:59.237727 [info ] [MainThread]: 
[0m15:50:59.237727 [debug] [Thread-1 (]: Began running node test.nyc_parking_violations.generic_not_null_bronze_parking_violations_summons_number.e84297fd3d
[0m15:50:59.237727 [info ] [Thread-1 (]: 1 of 4 START test generic_not_null_bronze_parking_violations_summons_number .... [RUN]
[0m15:50:59.237727 [debug] [Thread-1 (]: Acquiring new duckdb connection 'test.nyc_parking_violations.generic_not_null_bronze_parking_violations_summons_number.e84297fd3d'
[0m15:50:59.237727 [debug] [Thread-1 (]: Began compiling node test.nyc_parking_violations.generic_not_null_bronze_parking_violations_summons_number.e84297fd3d
[0m15:50:59.261767 [debug] [Thread-1 (]: Timing info for test.nyc_parking_violations.generic_not_null_bronze_parking_violations_summons_number.e84297fd3d (compile): 15:50:59.237727 => 15:50:59.261767
[0m15:50:59.265800 [debug] [Thread-1 (]: Compilation Error in test generic_not_null_bronze_parking_violations_summons_number (models\docs\schema.yml)
  'test_generic_not_null' is undefined. This can happen when calling a macro that does not exist. Check for typos and/or install package dependencies with "dbt deps".
[0m15:50:59.265800 [error] [Thread-1 (]: 1 of 4 ERROR generic_not_null_bronze_parking_violations_summons_number ......... [[31mERROR[0m in 0.03s]
[0m15:50:59.265800 [debug] [Thread-1 (]: Finished running node test.nyc_parking_violations.generic_not_null_bronze_parking_violations_summons_number.e84297fd3d
[0m15:50:59.265800 [debug] [Thread-1 (]: Began running node test.nyc_parking_violations.not_null_bronze_parking_violations_summons_number.29cef758ac
[0m15:50:59.265800 [info ] [Thread-1 (]: 2 of 4 START test not_null_bronze_parking_violations_summons_number ............ [RUN]
[0m15:50:59.265800 [debug] [Thread-1 (]: Re-using an available connection from the pool (formerly test.nyc_parking_violations.generic_not_null_bronze_parking_violations_summons_number.e84297fd3d, now test.nyc_parking_violations.not_null_bronze_parking_violations_summons_number.29cef758ac)
[0m15:50:59.265800 [debug] [Thread-1 (]: Began compiling node test.nyc_parking_violations.not_null_bronze_parking_violations_summons_number.29cef758ac
[0m15:50:59.276154 [debug] [Thread-1 (]: Writing injected SQL for node "test.nyc_parking_violations.not_null_bronze_parking_violations_summons_number.29cef758ac"
[0m15:50:59.276154 [debug] [Thread-1 (]: Timing info for test.nyc_parking_violations.not_null_bronze_parking_violations_summons_number.29cef758ac (compile): 15:50:59.265800 => 15:50:59.276154
[0m15:50:59.276154 [debug] [Thread-1 (]: Began executing node test.nyc_parking_violations.not_null_bronze_parking_violations_summons_number.29cef758ac
[0m15:50:59.296753 [debug] [Thread-1 (]: Using duckdb connection "test.nyc_parking_violations.not_null_bronze_parking_violations_summons_number.29cef758ac"
[0m15:50:59.296753 [debug] [Thread-1 (]: On test.nyc_parking_violations.not_null_bronze_parking_violations_summons_number.29cef758ac: /* {"app": "dbt", "dbt_version": "1.6.1", "profile_name": "nyc_parking_violations", "target_name": "dev", "node_id": "test.nyc_parking_violations.not_null_bronze_parking_violations_summons_number.29cef758ac"} */
drop table if exists "nyc_parking_violations"."main_dbt_test__audit"."not_null_bronze_parking_violations_summons_number" cascade
[0m15:50:59.296753 [debug] [Thread-1 (]: Opening a new connection, currently in state init
[0m15:50:59.310692 [debug] [Thread-1 (]: SQL status: OK in 0.0 seconds
[0m15:50:59.325986 [debug] [Thread-1 (]: Using duckdb connection "test.nyc_parking_violations.not_null_bronze_parking_violations_summons_number.29cef758ac"
[0m15:50:59.325986 [debug] [Thread-1 (]: On test.nyc_parking_violations.not_null_bronze_parking_violations_summons_number.29cef758ac: BEGIN
[0m15:50:59.327993 [debug] [Thread-1 (]: SQL status: OK in 0.0 seconds
[0m15:50:59.327993 [debug] [Thread-1 (]: Using duckdb connection "test.nyc_parking_violations.not_null_bronze_parking_violations_summons_number.29cef758ac"
[0m15:50:59.327993 [debug] [Thread-1 (]: On test.nyc_parking_violations.not_null_bronze_parking_violations_summons_number.29cef758ac: /* {"app": "dbt", "dbt_version": "1.6.1", "profile_name": "nyc_parking_violations", "target_name": "dev", "node_id": "test.nyc_parking_violations.not_null_bronze_parking_violations_summons_number.29cef758ac"} */

        
  
    
    

    create  table
      "nyc_parking_violations"."main_dbt_test__audit"."not_null_bronze_parking_violations_summons_number"
  
    as (
      
    
    



select *
from "nyc_parking_violations"."main"."bronze_parking_violations"
where summons_number is null



    );
  
  
    
[0m15:50:59.329997 [debug] [Thread-1 (]: SQL status: OK in 0.0 seconds
[0m15:50:59.332002 [debug] [Thread-1 (]: On test.nyc_parking_violations.not_null_bronze_parking_violations_summons_number.29cef758ac: COMMIT
[0m15:50:59.332002 [debug] [Thread-1 (]: Using duckdb connection "test.nyc_parking_violations.not_null_bronze_parking_violations_summons_number.29cef758ac"
[0m15:50:59.332002 [debug] [Thread-1 (]: On test.nyc_parking_violations.not_null_bronze_parking_violations_summons_number.29cef758ac: COMMIT
[0m15:50:59.332002 [debug] [Thread-1 (]: SQL status: OK in 0.0 seconds
[0m15:50:59.337335 [debug] [Thread-1 (]: Writing runtime sql for node "test.nyc_parking_violations.not_null_bronze_parking_violations_summons_number.29cef758ac"
[0m15:50:59.340702 [debug] [Thread-1 (]: Using duckdb connection "test.nyc_parking_violations.not_null_bronze_parking_violations_summons_number.29cef758ac"
[0m15:50:59.340702 [debug] [Thread-1 (]: On test.nyc_parking_violations.not_null_bronze_parking_violations_summons_number.29cef758ac: BEGIN
[0m15:50:59.340702 [debug] [Thread-1 (]: SQL status: OK in 0.0 seconds
[0m15:50:59.340702 [debug] [Thread-1 (]: Using duckdb connection "test.nyc_parking_violations.not_null_bronze_parking_violations_summons_number.29cef758ac"
[0m15:50:59.340702 [debug] [Thread-1 (]: On test.nyc_parking_violations.not_null_bronze_parking_violations_summons_number.29cef758ac: /* {"app": "dbt", "dbt_version": "1.6.1", "profile_name": "nyc_parking_violations", "target_name": "dev", "node_id": "test.nyc_parking_violations.not_null_bronze_parking_violations_summons_number.29cef758ac"} */
select
      count(*) as failures,
      count(*) != 0 as should_warn,
      count(*) != 0 as should_error
    from (
      
        select *
        from "nyc_parking_violations"."main_dbt_test__audit"."not_null_bronze_parking_violations_summons_number"
    
      
    ) dbt_internal_test
[0m15:50:59.340702 [debug] [Thread-1 (]: SQL status: OK in 0.0 seconds
[0m15:50:59.340702 [debug] [Thread-1 (]: Timing info for test.nyc_parking_violations.not_null_bronze_parking_violations_summons_number.29cef758ac (execute): 15:50:59.276154 => 15:50:59.340702
[0m15:50:59.340702 [debug] [Thread-1 (]: On test.nyc_parking_violations.not_null_bronze_parking_violations_summons_number.29cef758ac: ROLLBACK
[0m15:50:59.340702 [debug] [Thread-1 (]: Failed to rollback 'test.nyc_parking_violations.not_null_bronze_parking_violations_summons_number.29cef758ac'
[0m15:50:59.340702 [debug] [Thread-1 (]: On test.nyc_parking_violations.not_null_bronze_parking_violations_summons_number.29cef758ac: Close
[0m15:50:59.363882 [info ] [Thread-1 (]: 2 of 4 PASS not_null_bronze_parking_violations_summons_number .................. [[32mPASS[0m in 0.10s]
[0m15:50:59.364879 [debug] [Thread-1 (]: Finished running node test.nyc_parking_violations.not_null_bronze_parking_violations_summons_number.29cef758ac
[0m15:50:59.365925 [debug] [Thread-1 (]: Began running node test.nyc_parking_violations.unique_bronze_parking_violations_summons_number.305522a239
[0m15:50:59.365925 [info ] [Thread-1 (]: 3 of 4 START test unique_bronze_parking_violations_summons_number .............. [RUN]
[0m15:50:59.366875 [debug] [Thread-1 (]: Re-using an available connection from the pool (formerly test.nyc_parking_violations.not_null_bronze_parking_violations_summons_number.29cef758ac, now test.nyc_parking_violations.unique_bronze_parking_violations_summons_number.305522a239)
[0m15:50:59.367925 [debug] [Thread-1 (]: Began compiling node test.nyc_parking_violations.unique_bronze_parking_violations_summons_number.305522a239
[0m15:50:59.373840 [debug] [Thread-1 (]: Writing injected SQL for node "test.nyc_parking_violations.unique_bronze_parking_violations_summons_number.305522a239"
[0m15:50:59.375838 [debug] [Thread-1 (]: Timing info for test.nyc_parking_violations.unique_bronze_parking_violations_summons_number.305522a239 (compile): 15:50:59.367925 => 15:50:59.375838
[0m15:50:59.377758 [debug] [Thread-1 (]: Began executing node test.nyc_parking_violations.unique_bronze_parking_violations_summons_number.305522a239
[0m15:50:59.377758 [debug] [Thread-1 (]: Using duckdb connection "test.nyc_parking_violations.unique_bronze_parking_violations_summons_number.305522a239"
[0m15:50:59.377758 [debug] [Thread-1 (]: On test.nyc_parking_violations.unique_bronze_parking_violations_summons_number.305522a239: /* {"app": "dbt", "dbt_version": "1.6.1", "profile_name": "nyc_parking_violations", "target_name": "dev", "node_id": "test.nyc_parking_violations.unique_bronze_parking_violations_summons_number.305522a239"} */
drop table if exists "nyc_parking_violations"."main_dbt_test__audit"."unique_bronze_parking_violations_summons_number" cascade
[0m15:50:59.377758 [debug] [Thread-1 (]: Opening a new connection, currently in state closed
[0m15:50:59.396852 [debug] [Thread-1 (]: SQL status: OK in 0.0 seconds
[0m15:50:59.396852 [debug] [Thread-1 (]: Using duckdb connection "test.nyc_parking_violations.unique_bronze_parking_violations_summons_number.305522a239"
[0m15:50:59.396852 [debug] [Thread-1 (]: On test.nyc_parking_violations.unique_bronze_parking_violations_summons_number.305522a239: BEGIN
[0m15:50:59.406866 [debug] [Thread-1 (]: SQL status: OK in 0.0 seconds
[0m15:50:59.407874 [debug] [Thread-1 (]: Using duckdb connection "test.nyc_parking_violations.unique_bronze_parking_violations_summons_number.305522a239"
[0m15:50:59.408875 [debug] [Thread-1 (]: On test.nyc_parking_violations.unique_bronze_parking_violations_summons_number.305522a239: /* {"app": "dbt", "dbt_version": "1.6.1", "profile_name": "nyc_parking_violations", "target_name": "dev", "node_id": "test.nyc_parking_violations.unique_bronze_parking_violations_summons_number.305522a239"} */

        
  
    
    

    create  table
      "nyc_parking_violations"."main_dbt_test__audit"."unique_bronze_parking_violations_summons_number"
  
    as (
      
    
    

select
    summons_number as unique_field,
    count(*) as n_records

from "nyc_parking_violations"."main"."bronze_parking_violations"
where summons_number is not null
group by summons_number
having count(*) > 1



    );
  
  
    
[0m15:50:59.421369 [debug] [Thread-1 (]: SQL status: OK in 0.0 seconds
[0m15:50:59.423396 [debug] [Thread-1 (]: On test.nyc_parking_violations.unique_bronze_parking_violations_summons_number.305522a239: COMMIT
[0m15:50:59.424606 [debug] [Thread-1 (]: Using duckdb connection "test.nyc_parking_violations.unique_bronze_parking_violations_summons_number.305522a239"
[0m15:50:59.424606 [debug] [Thread-1 (]: On test.nyc_parking_violations.unique_bronze_parking_violations_summons_number.305522a239: COMMIT
[0m15:50:59.424606 [debug] [Thread-1 (]: SQL status: OK in 0.0 seconds
[0m15:50:59.424606 [debug] [Thread-1 (]: Writing runtime sql for node "test.nyc_parking_violations.unique_bronze_parking_violations_summons_number.305522a239"
[0m15:50:59.431395 [debug] [Thread-1 (]: Using duckdb connection "test.nyc_parking_violations.unique_bronze_parking_violations_summons_number.305522a239"
[0m15:50:59.431395 [debug] [Thread-1 (]: On test.nyc_parking_violations.unique_bronze_parking_violations_summons_number.305522a239: BEGIN
[0m15:50:59.434148 [debug] [Thread-1 (]: SQL status: OK in 0.0 seconds
[0m15:50:59.434148 [debug] [Thread-1 (]: Using duckdb connection "test.nyc_parking_violations.unique_bronze_parking_violations_summons_number.305522a239"
[0m15:50:59.434148 [debug] [Thread-1 (]: On test.nyc_parking_violations.unique_bronze_parking_violations_summons_number.305522a239: /* {"app": "dbt", "dbt_version": "1.6.1", "profile_name": "nyc_parking_violations", "target_name": "dev", "node_id": "test.nyc_parking_violations.unique_bronze_parking_violations_summons_number.305522a239"} */
select
      count(*) as failures,
      count(*) != 0 as should_warn,
      count(*) != 0 as should_error
    from (
      
        select *
        from "nyc_parking_violations"."main_dbt_test__audit"."unique_bronze_parking_violations_summons_number"
    
      
    ) dbt_internal_test
[0m15:50:59.436152 [debug] [Thread-1 (]: SQL status: OK in 0.0 seconds
[0m15:50:59.436152 [debug] [Thread-1 (]: Timing info for test.nyc_parking_violations.unique_bronze_parking_violations_summons_number.305522a239 (execute): 15:50:59.377758 => 15:50:59.436152
[0m15:50:59.436152 [debug] [Thread-1 (]: On test.nyc_parking_violations.unique_bronze_parking_violations_summons_number.305522a239: ROLLBACK
[0m15:50:59.436152 [debug] [Thread-1 (]: Failed to rollback 'test.nyc_parking_violations.unique_bronze_parking_violations_summons_number.305522a239'
[0m15:50:59.436152 [debug] [Thread-1 (]: On test.nyc_parking_violations.unique_bronze_parking_violations_summons_number.305522a239: Close
[0m15:50:59.458567 [info ] [Thread-1 (]: 3 of 4 PASS unique_bronze_parking_violations_summons_number .................... [[32mPASS[0m in 0.09s]
[0m15:50:59.459567 [debug] [Thread-1 (]: Finished running node test.nyc_parking_violations.unique_bronze_parking_violations_summons_number.305522a239
[0m15:50:59.460566 [debug] [Thread-1 (]: Began running node test.nyc_parking_violations.violation_codes_revenue
[0m15:50:59.460566 [info ] [Thread-1 (]: 4 of 4 START test violation_codes_revenue ...................................... [RUN]
[0m15:50:59.461563 [debug] [Thread-1 (]: Re-using an available connection from the pool (formerly test.nyc_parking_violations.unique_bronze_parking_violations_summons_number.305522a239, now test.nyc_parking_violations.violation_codes_revenue)
[0m15:50:59.462568 [debug] [Thread-1 (]: Began compiling node test.nyc_parking_violations.violation_codes_revenue
[0m15:50:59.467566 [debug] [Thread-1 (]: Writing injected SQL for node "test.nyc_parking_violations.violation_codes_revenue"
[0m15:50:59.470644 [debug] [Thread-1 (]: Writing injected SQL for node "test.nyc_parking_violations.violation_codes_revenue"
[0m15:50:59.471655 [debug] [Thread-1 (]: Timing info for test.nyc_parking_violations.violation_codes_revenue (compile): 15:50:59.462568 => 15:50:59.471655
[0m15:50:59.472664 [debug] [Thread-1 (]: Began executing node test.nyc_parking_violations.violation_codes_revenue
[0m15:50:59.477871 [debug] [Thread-1 (]: Using duckdb connection "test.nyc_parking_violations.violation_codes_revenue"
[0m15:50:59.477871 [debug] [Thread-1 (]: On test.nyc_parking_violations.violation_codes_revenue: /* {"app": "dbt", "dbt_version": "1.6.1", "profile_name": "nyc_parking_violations", "target_name": "dev", "node_id": "test.nyc_parking_violations.violation_codes_revenue"} */
drop table if exists "nyc_parking_violations"."main_dbt_test__audit"."violation_codes_revenue" cascade
[0m15:50:59.477871 [debug] [Thread-1 (]: Opening a new connection, currently in state closed
[0m15:50:59.497298 [debug] [Thread-1 (]: SQL status: OK in 0.0 seconds
[0m15:50:59.497298 [debug] [Thread-1 (]: Using duckdb connection "test.nyc_parking_violations.violation_codes_revenue"
[0m15:50:59.497298 [debug] [Thread-1 (]: On test.nyc_parking_violations.violation_codes_revenue: BEGIN
[0m15:50:59.497298 [debug] [Thread-1 (]: SQL status: OK in 0.0 seconds
[0m15:50:59.497298 [debug] [Thread-1 (]: Using duckdb connection "test.nyc_parking_violations.violation_codes_revenue"
[0m15:50:59.497298 [debug] [Thread-1 (]: On test.nyc_parking_violations.violation_codes_revenue: /* {"app": "dbt", "dbt_version": "1.6.1", "profile_name": "nyc_parking_violations", "target_name": "dev", "node_id": "test.nyc_parking_violations.violation_codes_revenue"} */

        
  
    
    

    create  table
      "nyc_parking_violations"."main_dbt_test__audit"."violation_codes_revenue"
  
    as (
      

with __dbt__cte__silver_parking_violation_codes as (
WITH manhattan_violation_codes AS (
    SELECT
        violation_code,
        definition,
        TRUE AS is_manhattan_96th_st_below,
        manhattan_96th_st_below AS fee_usd,
    FROM
        "nyc_parking_violations"."main"."bronze_parking_violation_codes"
),

all_other_violation_codes AS (
    SELECT
        violation_code,
        definition,
        FALSE AS is_manhattan_96th_st_below,
        all_other_areas AS fee_usd,
    FROM
        "nyc_parking_violations"."main"."bronze_parking_violation_codes"
)

SELECT * FROM manhattan_violation_codes
UNION ALL
SELECT * FROM all_other_violation_codes
ORDER BY violation_code ASC
) SELECT
    violation_code,
    SUM(fee_usd) AS total_revenue_usd
FROM
    __dbt__cte__silver_parking_violation_codes
GROUP BY
    violation_code
HAVING
    NOT(total_revenue_usd >= 1)
    );
  
  
    
[0m15:50:59.506878 [debug] [Thread-1 (]: SQL status: OK in 0.0 seconds
[0m15:50:59.507885 [debug] [Thread-1 (]: On test.nyc_parking_violations.violation_codes_revenue: COMMIT
[0m15:50:59.507885 [debug] [Thread-1 (]: Using duckdb connection "test.nyc_parking_violations.violation_codes_revenue"
[0m15:50:59.507885 [debug] [Thread-1 (]: On test.nyc_parking_violations.violation_codes_revenue: COMMIT
[0m15:50:59.511000 [debug] [Thread-1 (]: SQL status: OK in 0.0 seconds
[0m15:50:59.511000 [debug] [Thread-1 (]: Writing runtime sql for node "test.nyc_parking_violations.violation_codes_revenue"
[0m15:50:59.511000 [debug] [Thread-1 (]: Using duckdb connection "test.nyc_parking_violations.violation_codes_revenue"
[0m15:50:59.511000 [debug] [Thread-1 (]: On test.nyc_parking_violations.violation_codes_revenue: BEGIN
[0m15:50:59.511000 [debug] [Thread-1 (]: SQL status: OK in 0.0 seconds
[0m15:50:59.511000 [debug] [Thread-1 (]: Using duckdb connection "test.nyc_parking_violations.violation_codes_revenue"
[0m15:50:59.511000 [debug] [Thread-1 (]: On test.nyc_parking_violations.violation_codes_revenue: /* {"app": "dbt", "dbt_version": "1.6.1", "profile_name": "nyc_parking_violations", "target_name": "dev", "node_id": "test.nyc_parking_violations.violation_codes_revenue"} */
select
      count(*) as failures,
      count(*) != 0 as should_warn,
      count(*) != 0 as should_error
    from (
      
        select *
        from "nyc_parking_violations"."main_dbt_test__audit"."violation_codes_revenue"
    
      
    ) dbt_internal_test
[0m15:50:59.511000 [debug] [Thread-1 (]: SQL status: OK in 0.0 seconds
[0m15:50:59.511000 [debug] [Thread-1 (]: Timing info for test.nyc_parking_violations.violation_codes_revenue (execute): 15:50:59.473560 => 15:50:59.511000
[0m15:50:59.511000 [debug] [Thread-1 (]: On test.nyc_parking_violations.violation_codes_revenue: ROLLBACK
[0m15:50:59.511000 [debug] [Thread-1 (]: Failed to rollback 'test.nyc_parking_violations.violation_codes_revenue'
[0m15:50:59.511000 [debug] [Thread-1 (]: On test.nyc_parking_violations.violation_codes_revenue: Close
[0m15:50:59.540123 [warn ] [Thread-1 (]: 4 of 4 WARN 1 violation_codes_revenue .......................................... [[33mWARN 1[0m in 0.08s]
[0m15:50:59.540693 [debug] [Thread-1 (]: Finished running node test.nyc_parking_violations.violation_codes_revenue
[0m15:50:59.542744 [debug] [MainThread]: Using duckdb connection "master"
[0m15:50:59.542744 [debug] [MainThread]: On master: BEGIN
[0m15:50:59.543835 [debug] [MainThread]: Opening a new connection, currently in state closed
[0m15:50:59.556783 [debug] [MainThread]: SQL status: OK in 0.0 seconds
[0m15:50:59.557302 [debug] [MainThread]: On master: COMMIT
[0m15:50:59.558360 [debug] [MainThread]: Using duckdb connection "master"
[0m15:50:59.558360 [debug] [MainThread]: On master: COMMIT
[0m15:50:59.560298 [debug] [MainThread]: SQL status: OK in 0.0 seconds
[0m15:50:59.561289 [debug] [MainThread]: On master: Close
[0m15:50:59.562649 [debug] [MainThread]: Connection 'master' was properly closed.
[0m15:50:59.562649 [debug] [MainThread]: Connection 'create_nyc_parking_violations_main_dbt_test__audit' was properly closed.
[0m15:50:59.562649 [debug] [MainThread]: Connection 'list_nyc_parking_violations_main' was properly closed.
[0m15:50:59.566566 [debug] [MainThread]: Connection 'test.nyc_parking_violations.violation_codes_revenue' was properly closed.
[0m15:50:59.566566 [info ] [MainThread]: 
[0m15:50:59.566566 [info ] [MainThread]: Finished running 4 tests in 0 hours 0 minutes and 0.49 seconds (0.49s).
[0m15:50:59.566566 [debug] [MainThread]: Command end result
[0m15:50:59.578899 [info ] [MainThread]: 
[0m15:50:59.580024 [info ] [MainThread]: [31mCompleted with 1 error and 1 warning:[0m
[0m15:50:59.580967 [info ] [MainThread]: 
[0m15:50:59.580967 [error] [MainThread]: [33mCompilation Error in test generic_not_null_bronze_parking_violations_summons_number (models\docs\schema.yml)[0m
[0m15:50:59.580967 [error] [MainThread]:   'test_generic_not_null' is undefined. This can happen when calling a macro that does not exist. Check for typos and/or install package dependencies with "dbt deps".
[0m15:50:59.580967 [info ] [MainThread]: 
[0m15:50:59.580967 [warn ] [MainThread]: [33mWarning in test violation_codes_revenue (tests\violation_codes_revenue.sql)[0m
[0m15:50:59.580967 [warn ] [MainThread]: Got 1 result, configured to warn if != 0
[0m15:50:59.580967 [info ] [MainThread]: 
[0m15:50:59.580967 [info ] [MainThread]:   compiled Code at target\compiled\nyc_parking_violations\tests\violation_codes_revenue.sql
[0m15:50:59.580967 [info ] [MainThread]: 
[0m15:50:59.580967 [info ] [MainThread]:   See test failures:
  ---------------------------------------------------------------------------------------
  select * from "nyc_parking_violations"."main_dbt_test__audit"."violation_codes_revenue"
  ---------------------------------------------------------------------------------------
[0m15:50:59.580967 [info ] [MainThread]: 
[0m15:50:59.580967 [info ] [MainThread]: Done. PASS=2 WARN=1 ERROR=1 SKIP=0 TOTAL=4
[0m15:50:59.580967 [debug] [MainThread]: Command `dbt test` failed at 15:50:59.580967 after 0.78 seconds
[0m15:50:59.580967 [debug] [MainThread]: Sending event: {'category': 'dbt', 'action': 'invocation', 'label': 'end', 'context': [<snowplow_tracker.self_describing_json.SelfDescribingJson object at 0x000002998F82F550>, <snowplow_tracker.self_describing_json.SelfDescribingJson object at 0x000002999275AD70>, <snowplow_tracker.self_describing_json.SelfDescribingJson object at 0x0000029993A72C80>]}
[0m15:50:59.580967 [debug] [MainThread]: Flushing usage events
[0m15:51:28.955555 [debug] [MainThread]: Sending event: {'category': 'dbt', 'action': 'invocation', 'label': 'start', 'context': [<snowplow_tracker.self_describing_json.SelfDescribingJson object at 0x000001374DBBF4C0>, <snowplow_tracker.self_describing_json.SelfDescribingJson object at 0x0000013750A09CF0>, <snowplow_tracker.self_describing_json.SelfDescribingJson object at 0x0000013750A092D0>]}


============================== 15:51:28.955555 | 27acd147-7a8f-484c-8400-2ea6f8a852ca ==============================
[0m15:51:28.955555 [info ] [MainThread]: Running with dbt=1.6.1
[0m15:51:28.971257 [debug] [MainThread]: running dbt with arguments {'cache_selected_only': 'False', 'log_format': 'default', 'target_path': 'None', 'use_colors': 'True', 'no_print': 'None', 'warn_error': 'None', 'log_path': 'D:\\DBT CORE\\nyc_parking_violations\\logs', 'partial_parse': 'True', 'static_parser': 'True', 'send_anonymous_usage_stats': 'True', 'fail_fast': 'False', 'warn_error_options': 'WarnErrorOptions(include=[], exclude=[])', 'indirect_selection': 'eager', 'version_check': 'True', 'use_experimental_parser': 'False', 'introspect': 'True', 'quiet': 'False', 'log_cache_events': 'False', 'debug': 'False', 'profiles_dir': 'D:\\DBT CORE\\nyc_parking_violations', 'invocation_command': 'dbt clean', 'printer_width': '80', 'write_json': 'True'}
[0m15:51:29.021986 [debug] [MainThread]: Sending event: {'category': 'dbt', 'action': 'project_id', 'label': '27acd147-7a8f-484c-8400-2ea6f8a852ca', 'context': [<snowplow_tracker.self_describing_json.SelfDescribingJson object at 0x0000013750A092D0>]}
[0m15:51:29.039816 [debug] [MainThread]: Command `dbt clean` succeeded at 15:51:29.039816 after 0.10 seconds
[0m15:51:29.046671 [debug] [MainThread]: Sending event: {'category': 'dbt', 'action': 'invocation', 'label': 'end', 'context': [<snowplow_tracker.self_describing_json.SelfDescribingJson object at 0x000001374DBBF4C0>, <snowplow_tracker.self_describing_json.SelfDescribingJson object at 0x0000013750A0B0A0>, <snowplow_tracker.self_describing_json.SelfDescribingJson object at 0x0000013750A75210>]}
[0m15:51:29.047106 [debug] [MainThread]: Flushing usage events
[0m15:51:32.639400 [debug] [MainThread]: Sending event: {'category': 'dbt', 'action': 'invocation', 'label': 'start', 'context': [<snowplow_tracker.self_describing_json.SelfDescribingJson object at 0x000001CAAE65F520>, <snowplow_tracker.self_describing_json.SelfDescribingJson object at 0x000001CAB14A9CC0>, <snowplow_tracker.self_describing_json.SelfDescribingJson object at 0x000001CAB14A91B0>]}


============================== 15:51:32.639400 | dde4b158-0658-4cdf-b282-26794b6f13cc ==============================
[0m15:51:32.639400 [info ] [MainThread]: Running with dbt=1.6.1
[0m15:51:32.639400 [debug] [MainThread]: running dbt with arguments {'log_format': 'default', 'no_print': 'None', 'target_path': 'None', 'invocation_command': 'dbt deps', 'cache_selected_only': 'False', 'warn_error': 'None', 'indirect_selection': 'eager', 'partial_parse': 'True', 'static_parser': 'True', 'send_anonymous_usage_stats': 'True', 'log_path': 'D:\\DBT CORE\\nyc_parking_violations\\logs', 'warn_error_options': 'WarnErrorOptions(include=[], exclude=[])', 'fail_fast': 'False', 'use_experimental_parser': 'False', 'version_check': 'True', 'introspect': 'True', 'quiet': 'False', 'log_cache_events': 'False', 'debug': 'False', 'profiles_dir': 'D:\\DBT CORE\\nyc_parking_violations', 'use_colors': 'True', 'printer_width': '80', 'write_json': 'True'}
[0m15:51:32.695634 [debug] [MainThread]: Sending event: {'category': 'dbt', 'action': 'project_id', 'label': 'dde4b158-0658-4cdf-b282-26794b6f13cc', 'context': [<snowplow_tracker.self_describing_json.SelfDescribingJson object at 0x000001CAB14A91B0>]}
[0m15:51:32.697772 [info ] [MainThread]: Warning: No packages were found in packages.yml
[0m15:51:32.698142 [debug] [MainThread]: Command `dbt deps` succeeded at 15:51:32.698142 after 0.09 seconds
[0m15:51:32.699235 [debug] [MainThread]: Sending event: {'category': 'dbt', 'action': 'invocation', 'label': 'end', 'context': [<snowplow_tracker.self_describing_json.SelfDescribingJson object at 0x000001CAAE65F520>, <snowplow_tracker.self_describing_json.SelfDescribingJson object at 0x000001CAB14A91B0>, <snowplow_tracker.self_describing_json.SelfDescribingJson object at 0x000001CAB1514940>]}
[0m15:51:32.699235 [debug] [MainThread]: Flushing usage events
[0m15:51:36.156020 [debug] [MainThread]: Sending event: {'category': 'dbt', 'action': 'invocation', 'label': 'start', 'context': [<snowplow_tracker.self_describing_json.SelfDescribingJson object at 0x0000024118FAF460>, <snowplow_tracker.self_describing_json.SelfDescribingJson object at 0x000002411BDA9E40>, <snowplow_tracker.self_describing_json.SelfDescribingJson object at 0x000002411BDA8910>]}


============================== 15:51:36.156020 | 0a8d8d84-5cf3-47bf-b39d-2f3b44376341 ==============================
[0m15:51:36.156020 [info ] [MainThread]: Running with dbt=1.6.1
[0m15:51:36.156020 [debug] [MainThread]: running dbt with arguments {'cache_selected_only': 'False', 'profiles_dir': 'D:\\DBT CORE\\nyc_parking_violations', 'no_print': 'None', 'target_path': 'None', 'invocation_command': 'dbt compile', 'warn_error': 'None', 'static_parser': 'True', 'partial_parse': 'True', 'log_path': 'D:\\DBT CORE\\nyc_parking_violations\\logs', 'send_anonymous_usage_stats': 'True', 'fail_fast': 'False', 'warn_error_options': 'WarnErrorOptions(include=[], exclude=[])', 'indirect_selection': 'eager', 'use_experimental_parser': 'False', 'version_check': 'True', 'introspect': 'True', 'quiet': 'False', 'log_cache_events': 'False', 'debug': 'False', 'log_format': 'default', 'use_colors': 'True', 'printer_width': '80', 'write_json': 'True'}
[0m15:51:36.275845 [debug] [MainThread]: Sending event: {'category': 'dbt', 'action': 'project_id', 'label': '0a8d8d84-5cf3-47bf-b39d-2f3b44376341', 'context': [<snowplow_tracker.self_describing_json.SelfDescribingJson object at 0x000002411BDA9FC0>]}
[0m15:51:36.291900 [debug] [MainThread]: Sending event: {'category': 'dbt', 'action': 'adapter_info', 'label': '0a8d8d84-5cf3-47bf-b39d-2f3b44376341', 'context': [<snowplow_tracker.self_describing_json.SelfDescribingJson object at 0x000002411BE8EE30>]}
[0m15:51:36.291900 [info ] [MainThread]: Registered adapter: duckdb=1.6.0
[0m15:51:36.291900 [debug] [MainThread]: checksum: efe19d9f5b93d1a98cc804fbfcdb6b3aced98b974af664946fee1cde8837deb7, vars: {}, profile: , target: , version: 1.6.1
[0m15:51:36.291900 [info ] [MainThread]: Unable to do partial parsing because saved manifest not found. Starting full parse.
[0m15:51:36.291900 [debug] [MainThread]: Sending event: {'category': 'dbt', 'action': 'partial_parser', 'label': '0a8d8d84-5cf3-47bf-b39d-2f3b44376341', 'context': [<snowplow_tracker.self_describing_json.SelfDescribingJson object at 0x000002411BE8EAA0>]}
[0m15:51:37.048236 [debug] [MainThread]: Sending event: {'category': 'dbt', 'action': 'load_project', 'label': '0a8d8d84-5cf3-47bf-b39d-2f3b44376341', 'context': [<snowplow_tracker.self_describing_json.SelfDescribingJson object at 0x000002411C0265F0>]}
[0m15:51:37.048236 [debug] [MainThread]: Sending event: {'category': 'dbt', 'action': 'resource_counts', 'label': '0a8d8d84-5cf3-47bf-b39d-2f3b44376341', 'context': [<snowplow_tracker.self_describing_json.SelfDescribingJson object at 0x000002411C026F50>]}
[0m15:51:37.064103 [info ] [MainThread]: Found 10 models, 4 tests, 0 sources, 0 exposures, 0 metrics, 348 macros, 0 groups, 0 semantic models
[0m15:51:37.064103 [debug] [MainThread]: Sending event: {'category': 'dbt', 'action': 'runnable_timing', 'label': '0a8d8d84-5cf3-47bf-b39d-2f3b44376341', 'context': [<snowplow_tracker.self_describing_json.SelfDescribingJson object at 0x000002411BFD6260>]}
[0m15:51:37.064103 [info ] [MainThread]: 
[0m15:51:37.064103 [debug] [MainThread]: Acquiring new duckdb connection 'master'
[0m15:51:37.064103 [debug] [ThreadPool]: Acquiring new duckdb connection 'list_nyc_parking_violations_main_dbt_test__audit'
[0m15:51:37.064103 [debug] [ThreadPool]: Using duckdb connection "list_nyc_parking_violations_main_dbt_test__audit"
[0m15:51:37.064103 [debug] [ThreadPool]: On list_nyc_parking_violations_main_dbt_test__audit: BEGIN
[0m15:51:37.064103 [debug] [ThreadPool]: Opening a new connection, currently in state init
[0m15:51:37.096083 [debug] [ThreadPool]: SQL status: OK in 0.0 seconds
[0m15:51:37.097083 [debug] [ThreadPool]: Using duckdb connection "list_nyc_parking_violations_main_dbt_test__audit"
[0m15:51:37.097083 [debug] [ThreadPool]: On list_nyc_parking_violations_main_dbt_test__audit: /* {"app": "dbt", "dbt_version": "1.6.1", "profile_name": "nyc_parking_violations", "target_name": "dev", "connection_name": "list_nyc_parking_violations_main_dbt_test__audit"} */
select
      'nyc_parking_violations' as database,
      table_name as name,
      table_schema as schema,
      CASE table_type
        WHEN 'BASE TABLE' THEN 'table'
        WHEN 'VIEW' THEN 'view'
        WHEN 'LOCAL TEMPORARY' THEN 'table'
        END as type
    from system.information_schema.tables
    where table_schema = 'main_dbt_test__audit'
    and table_catalog = 'nyc_parking_violations'
  
[0m15:51:37.100464 [debug] [ThreadPool]: SQL status: OK in 0.0 seconds
[0m15:51:37.112194 [debug] [ThreadPool]: On list_nyc_parking_violations_main_dbt_test__audit: ROLLBACK
[0m15:51:37.112194 [debug] [ThreadPool]: Failed to rollback 'list_nyc_parking_violations_main_dbt_test__audit'
[0m15:51:37.112194 [debug] [ThreadPool]: On list_nyc_parking_violations_main_dbt_test__audit: Close
[0m15:51:37.112194 [debug] [ThreadPool]: Re-using an available connection from the pool (formerly list_nyc_parking_violations_main_dbt_test__audit, now list_nyc_parking_violations_main)
[0m15:51:37.112194 [debug] [ThreadPool]: Using duckdb connection "list_nyc_parking_violations_main"
[0m15:51:37.112194 [debug] [ThreadPool]: On list_nyc_parking_violations_main: BEGIN
[0m15:51:37.112194 [debug] [ThreadPool]: Opening a new connection, currently in state closed
[0m15:51:37.136828 [debug] [ThreadPool]: SQL status: OK in 0.0 seconds
[0m15:51:37.137761 [debug] [ThreadPool]: Using duckdb connection "list_nyc_parking_violations_main"
[0m15:51:37.138817 [debug] [ThreadPool]: On list_nyc_parking_violations_main: /* {"app": "dbt", "dbt_version": "1.6.1", "profile_name": "nyc_parking_violations", "target_name": "dev", "connection_name": "list_nyc_parking_violations_main"} */
select
      'nyc_parking_violations' as database,
      table_name as name,
      table_schema as schema,
      CASE table_type
        WHEN 'BASE TABLE' THEN 'table'
        WHEN 'VIEW' THEN 'view'
        WHEN 'LOCAL TEMPORARY' THEN 'table'
        END as type
    from system.information_schema.tables
    where table_schema = 'main'
    and table_catalog = 'nyc_parking_violations'
  
[0m15:51:37.150294 [debug] [ThreadPool]: SQL status: OK in 0.0 seconds
[0m15:51:37.151294 [debug] [ThreadPool]: On list_nyc_parking_violations_main: ROLLBACK
[0m15:51:37.152295 [debug] [ThreadPool]: Failed to rollback 'list_nyc_parking_violations_main'
[0m15:51:37.152295 [debug] [ThreadPool]: On list_nyc_parking_violations_main: Close
[0m15:51:37.157591 [debug] [MainThread]: Sending event: {'category': 'dbt', 'action': 'runnable_timing', 'label': '0a8d8d84-5cf3-47bf-b39d-2f3b44376341', 'context': [<snowplow_tracker.self_describing_json.SelfDescribingJson object at 0x000002411C027DF0>]}
[0m15:51:37.157591 [info ] [MainThread]: Concurrency: 1 threads (target='dev')
[0m15:51:37.158682 [info ] [MainThread]: 
[0m15:51:37.161599 [debug] [Thread-1 (]: Began running node model.nyc_parking_violations.bronze_parking_violation_codes
[0m15:51:37.161599 [debug] [Thread-1 (]: Acquiring new duckdb connection 'model.nyc_parking_violations.bronze_parking_violation_codes'
[0m15:51:37.161599 [debug] [Thread-1 (]: Began compiling node model.nyc_parking_violations.bronze_parking_violation_codes
[0m15:51:37.161599 [debug] [Thread-1 (]: Writing injected SQL for node "model.nyc_parking_violations.bronze_parking_violation_codes"
[0m15:51:37.161599 [debug] [Thread-1 (]: Timing info for model.nyc_parking_violations.bronze_parking_violation_codes (compile): 15:51:37.161599 => 15:51:37.161599
[0m15:51:37.161599 [debug] [Thread-1 (]: Began executing node model.nyc_parking_violations.bronze_parking_violation_codes
[0m15:51:37.161599 [debug] [Thread-1 (]: Timing info for model.nyc_parking_violations.bronze_parking_violation_codes (execute): 15:51:37.161599 => 15:51:37.161599
[0m15:51:37.161599 [debug] [Thread-1 (]: Finished running node model.nyc_parking_violations.bronze_parking_violation_codes
[0m15:51:37.161599 [debug] [Thread-1 (]: Began running node model.nyc_parking_violations.bronze_parking_violations
[0m15:51:37.161599 [debug] [Thread-1 (]: Re-using an available connection from the pool (formerly model.nyc_parking_violations.bronze_parking_violation_codes, now model.nyc_parking_violations.bronze_parking_violations)
[0m15:51:37.177704 [debug] [Thread-1 (]: Began compiling node model.nyc_parking_violations.bronze_parking_violations
[0m15:51:37.179479 [debug] [Thread-1 (]: Writing injected SQL for node "model.nyc_parking_violations.bronze_parking_violations"
[0m15:51:37.181660 [debug] [Thread-1 (]: Timing info for model.nyc_parking_violations.bronze_parking_violations (compile): 15:51:37.178799 => 15:51:37.181660
[0m15:51:37.182851 [debug] [Thread-1 (]: Began executing node model.nyc_parking_violations.bronze_parking_violations
[0m15:51:37.182851 [debug] [Thread-1 (]: Timing info for model.nyc_parking_violations.bronze_parking_violations (execute): 15:51:37.182851 => 15:51:37.182851
[0m15:51:37.184161 [debug] [Thread-1 (]: Finished running node model.nyc_parking_violations.bronze_parking_violations
[0m15:51:37.184161 [debug] [Thread-1 (]: Began running node model.nyc_parking_violations.first_model
[0m15:51:37.185742 [debug] [Thread-1 (]: Re-using an available connection from the pool (formerly model.nyc_parking_violations.bronze_parking_violations, now model.nyc_parking_violations.first_model)
[0m15:51:37.186756 [debug] [Thread-1 (]: Began compiling node model.nyc_parking_violations.first_model
[0m15:51:37.188837 [debug] [Thread-1 (]: Writing injected SQL for node "model.nyc_parking_violations.first_model"
[0m15:51:37.190786 [debug] [Thread-1 (]: Timing info for model.nyc_parking_violations.first_model (compile): 15:51:37.187834 => 15:51:37.190786
[0m15:51:37.190786 [debug] [Thread-1 (]: Finished running node model.nyc_parking_violations.first_model
[0m15:51:37.190786 [debug] [Thread-1 (]: Began running node model.nyc_parking_violations.silver_parking_violation_codes
[0m15:51:37.190786 [debug] [Thread-1 (]: Re-using an available connection from the pool (formerly model.nyc_parking_violations.first_model, now model.nyc_parking_violations.silver_parking_violation_codes)
[0m15:51:37.193914 [debug] [Thread-1 (]: Began compiling node model.nyc_parking_violations.silver_parking_violation_codes
[0m15:51:37.196924 [debug] [Thread-1 (]: Writing injected SQL for node "model.nyc_parking_violations.silver_parking_violation_codes"
[0m15:51:37.199929 [debug] [Thread-1 (]: Timing info for model.nyc_parking_violations.silver_parking_violation_codes (compile): 15:51:37.193914 => 15:51:37.199929
[0m15:51:37.199929 [debug] [Thread-1 (]: Finished running node model.nyc_parking_violations.silver_parking_violation_codes
[0m15:51:37.199929 [debug] [Thread-1 (]: Began running node model.nyc_parking_violations.silver_parking_violations
[0m15:51:37.199929 [debug] [Thread-1 (]: Re-using an available connection from the pool (formerly model.nyc_parking_violations.silver_parking_violation_codes, now model.nyc_parking_violations.silver_parking_violations)
[0m15:51:37.199929 [debug] [Thread-1 (]: Began compiling node model.nyc_parking_violations.silver_parking_violations
[0m15:51:37.199929 [debug] [Thread-1 (]: Writing injected SQL for node "model.nyc_parking_violations.silver_parking_violations"
[0m15:51:37.199929 [debug] [Thread-1 (]: Timing info for model.nyc_parking_violations.silver_parking_violations (compile): 15:51:37.199929 => 15:51:37.199929
[0m15:51:37.199929 [debug] [Thread-1 (]: Finished running node model.nyc_parking_violations.silver_parking_violations
[0m15:51:37.211706 [debug] [Thread-1 (]: Began running node test.nyc_parking_violations.generic_not_null_bronze_parking_violations_summons_number.e84297fd3d
[0m15:51:37.212010 [debug] [Thread-1 (]: Re-using an available connection from the pool (formerly model.nyc_parking_violations.silver_parking_violations, now test.nyc_parking_violations.generic_not_null_bronze_parking_violations_summons_number.e84297fd3d)
[0m15:51:37.212010 [debug] [Thread-1 (]: Began compiling node test.nyc_parking_violations.generic_not_null_bronze_parking_violations_summons_number.e84297fd3d
[0m15:51:37.212010 [debug] [Thread-1 (]: Timing info for test.nyc_parking_violations.generic_not_null_bronze_parking_violations_summons_number.e84297fd3d (compile): 15:51:37.212010 => 15:51:37.212010
[0m15:51:37.212010 [debug] [Thread-1 (]: Compilation Error in test generic_not_null_bronze_parking_violations_summons_number (models\docs\schema.yml)
  'test_generic_not_null' is undefined. This can happen when calling a macro that does not exist. Check for typos and/or install package dependencies with "dbt deps".
[0m15:51:37.212010 [debug] [Thread-1 (]: Finished running node test.nyc_parking_violations.generic_not_null_bronze_parking_violations_summons_number.e84297fd3d
[0m15:51:37.212010 [debug] [Thread-1 (]: Began running node test.nyc_parking_violations.not_null_bronze_parking_violations_summons_number.29cef758ac
[0m15:51:37.212010 [debug] [Thread-1 (]: Re-using an available connection from the pool (formerly test.nyc_parking_violations.generic_not_null_bronze_parking_violations_summons_number.e84297fd3d, now test.nyc_parking_violations.not_null_bronze_parking_violations_summons_number.29cef758ac)
[0m15:51:37.212010 [debug] [Thread-1 (]: Began compiling node test.nyc_parking_violations.not_null_bronze_parking_violations_summons_number.29cef758ac
[0m15:51:37.231002 [debug] [Thread-1 (]: Writing injected SQL for node "test.nyc_parking_violations.not_null_bronze_parking_violations_summons_number.29cef758ac"
[0m15:51:37.233125 [debug] [Thread-1 (]: Timing info for test.nyc_parking_violations.not_null_bronze_parking_violations_summons_number.29cef758ac (compile): 15:51:37.212010 => 15:51:37.233125
[0m15:51:37.234132 [debug] [Thread-1 (]: Began executing node test.nyc_parking_violations.not_null_bronze_parking_violations_summons_number.29cef758ac
[0m15:51:37.234132 [debug] [Thread-1 (]: Timing info for test.nyc_parking_violations.not_null_bronze_parking_violations_summons_number.29cef758ac (execute): 15:51:37.234132 => 15:51:37.234132
[0m15:51:37.235131 [debug] [Thread-1 (]: Finished running node test.nyc_parking_violations.not_null_bronze_parking_violations_summons_number.29cef758ac
[0m15:51:37.236133 [debug] [Thread-1 (]: Began running node test.nyc_parking_violations.unique_bronze_parking_violations_summons_number.305522a239
[0m15:51:37.236133 [debug] [Thread-1 (]: Re-using an available connection from the pool (formerly test.nyc_parking_violations.not_null_bronze_parking_violations_summons_number.29cef758ac, now test.nyc_parking_violations.unique_bronze_parking_violations_summons_number.305522a239)
[0m15:51:37.237131 [debug] [Thread-1 (]: Began compiling node test.nyc_parking_violations.unique_bronze_parking_violations_summons_number.305522a239
[0m15:51:37.242131 [debug] [Thread-1 (]: Writing injected SQL for node "test.nyc_parking_violations.unique_bronze_parking_violations_summons_number.305522a239"
[0m15:51:37.244467 [debug] [Thread-1 (]: Timing info for test.nyc_parking_violations.unique_bronze_parking_violations_summons_number.305522a239 (compile): 15:51:37.237131 => 15:51:37.243892
[0m15:51:37.244467 [debug] [Thread-1 (]: Began executing node test.nyc_parking_violations.unique_bronze_parking_violations_summons_number.305522a239
[0m15:51:37.245625 [debug] [Thread-1 (]: Timing info for test.nyc_parking_violations.unique_bronze_parking_violations_summons_number.305522a239 (execute): 15:51:37.245625 => 15:51:37.245625
[0m15:51:37.246626 [debug] [Thread-1 (]: Finished running node test.nyc_parking_violations.unique_bronze_parking_violations_summons_number.305522a239
[0m15:51:37.246626 [debug] [Thread-1 (]: Began running node model.nyc_parking_violations.ref_model
[0m15:51:37.247540 [debug] [Thread-1 (]: Re-using an available connection from the pool (formerly test.nyc_parking_violations.unique_bronze_parking_violations_summons_number.305522a239, now model.nyc_parking_violations.ref_model)
[0m15:51:37.248544 [debug] [Thread-1 (]: Began compiling node model.nyc_parking_violations.ref_model
[0m15:51:37.250544 [debug] [Thread-1 (]: Writing injected SQL for node "model.nyc_parking_violations.ref_model"
[0m15:51:37.252681 [debug] [Thread-1 (]: Timing info for model.nyc_parking_violations.ref_model (compile): 15:51:37.248544 => 15:51:37.252681
[0m15:51:37.253687 [debug] [Thread-1 (]: Finished running node model.nyc_parking_violations.ref_model
[0m15:51:37.253687 [debug] [Thread-1 (]: Began running node test.nyc_parking_violations.violation_codes_revenue
[0m15:51:37.254686 [debug] [Thread-1 (]: Re-using an available connection from the pool (formerly model.nyc_parking_violations.ref_model, now test.nyc_parking_violations.violation_codes_revenue)
[0m15:51:37.254686 [debug] [Thread-1 (]: Began compiling node test.nyc_parking_violations.violation_codes_revenue
[0m15:51:37.258686 [debug] [Thread-1 (]: Writing injected SQL for node "test.nyc_parking_violations.violation_codes_revenue"
[0m15:51:37.260558 [debug] [Thread-1 (]: Timing info for test.nyc_parking_violations.violation_codes_revenue (compile): 15:51:37.255687 => 15:51:37.260558
[0m15:51:37.261794 [debug] [Thread-1 (]: Began executing node test.nyc_parking_violations.violation_codes_revenue
[0m15:51:37.261794 [debug] [Thread-1 (]: Timing info for test.nyc_parking_violations.violation_codes_revenue (execute): 15:51:37.261794 => 15:51:37.261794
[0m15:51:37.262795 [debug] [Thread-1 (]: Finished running node test.nyc_parking_violations.violation_codes_revenue
[0m15:51:37.263793 [debug] [Thread-1 (]: Began running node model.nyc_parking_violations.silver_violation_tickets
[0m15:51:37.264797 [debug] [Thread-1 (]: Re-using an available connection from the pool (formerly test.nyc_parking_violations.violation_codes_revenue, now model.nyc_parking_violations.silver_violation_tickets)
[0m15:51:37.264797 [debug] [Thread-1 (]: Began compiling node model.nyc_parking_violations.silver_violation_tickets
[0m15:51:37.270794 [debug] [Thread-1 (]: Writing injected SQL for node "model.nyc_parking_violations.silver_violation_tickets"
[0m15:51:37.272156 [debug] [Thread-1 (]: Timing info for model.nyc_parking_violations.silver_violation_tickets (compile): 15:51:37.264797 => 15:51:37.272156
[0m15:51:37.273162 [debug] [Thread-1 (]: Began executing node model.nyc_parking_violations.silver_violation_tickets
[0m15:51:37.273162 [debug] [Thread-1 (]: Timing info for model.nyc_parking_violations.silver_violation_tickets (execute): 15:51:37.273162 => 15:51:37.273162
[0m15:51:37.274162 [debug] [Thread-1 (]: Finished running node model.nyc_parking_violations.silver_violation_tickets
[0m15:51:37.274162 [debug] [Thread-1 (]: Began running node model.nyc_parking_violations.silver_violation_vehicles
[0m15:51:37.275161 [debug] [MainThread]: Connection 'master' was properly closed.
[0m15:51:37.276364 [debug] [MainThread]: Connection 'list_nyc_parking_violations_main' was properly closed.
[0m15:51:37.276364 [debug] [MainThread]: Connection 'model.nyc_parking_violations.silver_violation_tickets' was properly closed.
[0m15:51:37.277369 [debug] [Thread-1 (]: Acquiring new duckdb connection 'model.nyc_parking_violations.silver_violation_vehicles'
[0m15:51:37.277369 [error] [MainThread]: Encountered an error:
Runtime Error
  Compilation Error in test generic_not_null_bronze_parking_violations_summons_number (models\docs\schema.yml)
    'test_generic_not_null' is undefined. This can happen when calling a macro that does not exist. Check for typos and/or install package dependencies with "dbt deps".
[0m15:51:37.277369 [debug] [Thread-1 (]: Began compiling node model.nyc_parking_violations.silver_violation_vehicles
[0m15:51:37.277369 [debug] [MainThread]: Command `dbt compile` failed at 15:51:37.277369 after 1.15 seconds
[0m15:51:37.277369 [debug] [Thread-1 (]: Writing injected SQL for node "model.nyc_parking_violations.silver_violation_vehicles"
[0m15:51:37.277369 [debug] [MainThread]: Connection 'model.nyc_parking_violations.silver_violation_vehicles' was properly closed.
[0m15:51:37.277369 [debug] [MainThread]: Sending event: {'category': 'dbt', 'action': 'invocation', 'label': 'end', 'context': [<snowplow_tracker.self_describing_json.SelfDescribingJson object at 0x0000024118FAF460>, <snowplow_tracker.self_describing_json.SelfDescribingJson object at 0x000002411C10B0D0>, <snowplow_tracker.self_describing_json.SelfDescribingJson object at 0x000002411BE86B60>]}
[0m15:51:37.277369 [debug] [MainThread]: Flushing usage events
[0m15:51:37.277369 [debug] [Thread-1 (]: Timing info for model.nyc_parking_violations.silver_violation_vehicles (compile): 15:51:37.277369 => 15:51:37.277369
[0m15:51:37.277369 [debug] [Thread-1 (]: Began executing node model.nyc_parking_violations.silver_violation_vehicles
[0m15:51:37.277369 [debug] [Thread-1 (]: Timing info for model.nyc_parking_violations.silver_violation_vehicles (execute): 15:51:37.277369 => 15:51:37.277369
[0m15:51:37.277369 [debug] [Thread-1 (]: Finished running node model.nyc_parking_violations.silver_violation_vehicles
[0m15:53:09.783718 [debug] [MainThread]: Sending event: {'category': 'dbt', 'action': 'invocation', 'label': 'start', 'context': [<snowplow_tracker.self_describing_json.SelfDescribingJson object at 0x000001B0E82BF4F0>, <snowplow_tracker.self_describing_json.SelfDescribingJson object at 0x000001B0EB069DE0>, <snowplow_tracker.self_describing_json.SelfDescribingJson object at 0x000001B0EB069AE0>]}


============================== 15:53:09.787562 | 3982837e-b535-4712-ba4a-b89e7e0094ca ==============================
[0m15:53:09.787562 [info ] [MainThread]: Running with dbt=1.6.1
[0m15:53:09.788205 [debug] [MainThread]: running dbt with arguments {'printer_width': '80', 'use_colors': 'True', 'write_json': 'True', 'log_format': 'default', 'profiles_dir': 'D:\\DBT CORE\\nyc_parking_violations', 'warn_error': 'None', 'log_path': 'D:\\DBT CORE\\nyc_parking_violations\\logs', 'fail_fast': 'False', 'static_parser': 'True', 'send_anonymous_usage_stats': 'True', 'indirect_selection': 'eager', 'warn_error_options': 'WarnErrorOptions(include=[], exclude=[])', 'partial_parse': 'True', 'use_experimental_parser': 'False', 'version_check': 'True', 'quiet': 'False', 'introspect': 'True', 'log_cache_events': 'False', 'debug': 'False', 'no_print': 'None', 'invocation_command': 'dbt test --select generic_not_null_bronze_parking_violations_summons_number', 'cache_selected_only': 'False', 'target_path': 'None'}
[0m15:53:09.915962 [debug] [MainThread]: Sending event: {'category': 'dbt', 'action': 'project_id', 'label': '3982837e-b535-4712-ba4a-b89e7e0094ca', 'context': [<snowplow_tracker.self_describing_json.SelfDescribingJson object at 0x000001B0EB069ED0>]}
[0m15:53:09.931134 [debug] [MainThread]: Sending event: {'category': 'dbt', 'action': 'adapter_info', 'label': '3982837e-b535-4712-ba4a-b89e7e0094ca', 'context': [<snowplow_tracker.self_describing_json.SelfDescribingJson object at 0x000001B0EB14AE00>]}
[0m15:53:09.931134 [info ] [MainThread]: Registered adapter: duckdb=1.6.0
[0m15:53:09.931134 [debug] [MainThread]: checksum: efe19d9f5b93d1a98cc804fbfcdb6b3aced98b974af664946fee1cde8837deb7, vars: {}, profile: , target: , version: 1.6.1
[0m15:53:10.015547 [debug] [MainThread]: Partial parsing enabled: 0 files deleted, 0 files added, 0 files changed.
[0m15:53:10.015547 [debug] [MainThread]: Partial parsing enabled, no changes found, skipping parsing
[0m15:53:10.021290 [debug] [MainThread]: Sending event: {'category': 'dbt', 'action': 'load_project', 'label': '3982837e-b535-4712-ba4a-b89e7e0094ca', 'context': [<snowplow_tracker.self_describing_json.SelfDescribingJson object at 0x000001B0EB361630>]}
[0m15:53:10.034650 [debug] [MainThread]: Sending event: {'category': 'dbt', 'action': 'resource_counts', 'label': '3982837e-b535-4712-ba4a-b89e7e0094ca', 'context': [<snowplow_tracker.self_describing_json.SelfDescribingJson object at 0x000001B0EB2888B0>]}
[0m15:53:10.036195 [info ] [MainThread]: Found 10 models, 4 tests, 0 sources, 0 exposures, 0 metrics, 348 macros, 0 groups, 0 semantic models
[0m15:53:10.037304 [debug] [MainThread]: Sending event: {'category': 'dbt', 'action': 'runnable_timing', 'label': '3982837e-b535-4712-ba4a-b89e7e0094ca', 'context': [<snowplow_tracker.self_describing_json.SelfDescribingJson object at 0x000001B0EB2887F0>]}
[0m15:53:10.038305 [info ] [MainThread]: 
[0m15:53:10.039306 [debug] [MainThread]: Acquiring new duckdb connection 'master'
[0m15:53:10.041452 [debug] [ThreadPool]: Acquiring new duckdb connection 'list_nyc_parking_violations'
[0m15:53:10.051254 [debug] [ThreadPool]: Using duckdb connection "list_nyc_parking_violations"
[0m15:53:10.051254 [debug] [ThreadPool]: On list_nyc_parking_violations: /* {"app": "dbt", "dbt_version": "1.6.1", "profile_name": "nyc_parking_violations", "target_name": "dev", "connection_name": "list_nyc_parking_violations"} */

    
    select schema_name
    from system.information_schema.schemata
    
    where catalog_name = '"nyc_parking_violations"'
    
  
  
[0m15:53:10.051254 [debug] [ThreadPool]: Opening a new connection, currently in state init
[0m15:53:10.070969 [debug] [ThreadPool]: SQL status: OK in 0.0 seconds
[0m15:53:10.070969 [debug] [ThreadPool]: On list_nyc_parking_violations: Close
[0m15:53:10.070969 [debug] [ThreadPool]: Re-using an available connection from the pool (formerly list_nyc_parking_violations, now create_nyc_parking_violations_main_dbt_test__audit)
[0m15:53:10.070969 [debug] [ThreadPool]: Creating schema "database: "nyc_parking_violations"
schema: "main_dbt_test__audit"
"
[0m15:53:10.080731 [debug] [ThreadPool]: Using duckdb connection "create_nyc_parking_violations_main_dbt_test__audit"
[0m15:53:10.080731 [debug] [ThreadPool]: On create_nyc_parking_violations_main_dbt_test__audit: BEGIN
[0m15:53:10.080731 [debug] [ThreadPool]: Opening a new connection, currently in state closed
[0m15:53:10.095426 [debug] [ThreadPool]: SQL status: OK in 0.0 seconds
[0m15:53:10.096433 [debug] [ThreadPool]: Using duckdb connection "create_nyc_parking_violations_main_dbt_test__audit"
[0m15:53:10.097031 [debug] [ThreadPool]: On create_nyc_parking_violations_main_dbt_test__audit: /* {"app": "dbt", "dbt_version": "1.6.1", "profile_name": "nyc_parking_violations", "target_name": "dev", "connection_name": "create_nyc_parking_violations_main_dbt_test__audit"} */
create schema if not exists "nyc_parking_violations"."main_dbt_test__audit"
[0m15:53:10.097031 [debug] [ThreadPool]: SQL status: OK in 0.0 seconds
[0m15:53:10.097031 [debug] [ThreadPool]: On create_nyc_parking_violations_main_dbt_test__audit: COMMIT
[0m15:53:10.097031 [debug] [ThreadPool]: Using duckdb connection "create_nyc_parking_violations_main_dbt_test__audit"
[0m15:53:10.097031 [debug] [ThreadPool]: On create_nyc_parking_violations_main_dbt_test__audit: COMMIT
[0m15:53:10.097031 [debug] [ThreadPool]: SQL status: OK in 0.0 seconds
[0m15:53:10.097031 [debug] [ThreadPool]: On create_nyc_parking_violations_main_dbt_test__audit: Close
[0m15:53:10.097031 [debug] [ThreadPool]: Acquiring new duckdb connection 'list_nyc_parking_violations_main_dbt_test__audit'
[0m15:53:10.097031 [debug] [ThreadPool]: Using duckdb connection "list_nyc_parking_violations_main_dbt_test__audit"
[0m15:53:10.097031 [debug] [ThreadPool]: On list_nyc_parking_violations_main_dbt_test__audit: BEGIN
[0m15:53:10.097031 [debug] [ThreadPool]: Opening a new connection, currently in state init
[0m15:53:10.112658 [debug] [ThreadPool]: SQL status: OK in 0.0 seconds
[0m15:53:10.112658 [debug] [ThreadPool]: Using duckdb connection "list_nyc_parking_violations_main_dbt_test__audit"
[0m15:53:10.112658 [debug] [ThreadPool]: On list_nyc_parking_violations_main_dbt_test__audit: /* {"app": "dbt", "dbt_version": "1.6.1", "profile_name": "nyc_parking_violations", "target_name": "dev", "connection_name": "list_nyc_parking_violations_main_dbt_test__audit"} */
select
      'nyc_parking_violations' as database,
      table_name as name,
      table_schema as schema,
      CASE table_type
        WHEN 'BASE TABLE' THEN 'table'
        WHEN 'VIEW' THEN 'view'
        WHEN 'LOCAL TEMPORARY' THEN 'table'
        END as type
    from system.information_schema.tables
    where table_schema = 'main_dbt_test__audit'
    and table_catalog = 'nyc_parking_violations'
  
[0m15:53:10.129013 [debug] [ThreadPool]: SQL status: OK in 0.0 seconds
[0m15:53:10.129013 [debug] [ThreadPool]: On list_nyc_parking_violations_main_dbt_test__audit: ROLLBACK
[0m15:53:10.129013 [debug] [ThreadPool]: Failed to rollback 'list_nyc_parking_violations_main_dbt_test__audit'
[0m15:53:10.129013 [debug] [ThreadPool]: On list_nyc_parking_violations_main_dbt_test__audit: Close
[0m15:53:10.144069 [debug] [ThreadPool]: Re-using an available connection from the pool (formerly list_nyc_parking_violations_main_dbt_test__audit, now list_nyc_parking_violations_main)
[0m15:53:10.145958 [debug] [ThreadPool]: Using duckdb connection "list_nyc_parking_violations_main"
[0m15:53:10.145958 [debug] [ThreadPool]: On list_nyc_parking_violations_main: BEGIN
[0m15:53:10.145958 [debug] [ThreadPool]: Opening a new connection, currently in state closed
[0m15:53:10.161259 [debug] [ThreadPool]: SQL status: OK in 0.0 seconds
[0m15:53:10.163010 [debug] [ThreadPool]: Using duckdb connection "list_nyc_parking_violations_main"
[0m15:53:10.163010 [debug] [ThreadPool]: On list_nyc_parking_violations_main: /* {"app": "dbt", "dbt_version": "1.6.1", "profile_name": "nyc_parking_violations", "target_name": "dev", "connection_name": "list_nyc_parking_violations_main"} */
select
      'nyc_parking_violations' as database,
      table_name as name,
      table_schema as schema,
      CASE table_type
        WHEN 'BASE TABLE' THEN 'table'
        WHEN 'VIEW' THEN 'view'
        WHEN 'LOCAL TEMPORARY' THEN 'table'
        END as type
    from system.information_schema.tables
    where table_schema = 'main'
    and table_catalog = 'nyc_parking_violations'
  
[0m15:53:10.163010 [debug] [ThreadPool]: SQL status: OK in 0.0 seconds
[0m15:53:10.163010 [debug] [ThreadPool]: On list_nyc_parking_violations_main: ROLLBACK
[0m15:53:10.163010 [debug] [ThreadPool]: Failed to rollback 'list_nyc_parking_violations_main'
[0m15:53:10.163010 [debug] [ThreadPool]: On list_nyc_parking_violations_main: Close
[0m15:53:10.179191 [debug] [MainThread]: Sending event: {'category': 'dbt', 'action': 'runnable_timing', 'label': '3982837e-b535-4712-ba4a-b89e7e0094ca', 'context': [<snowplow_tracker.self_describing_json.SelfDescribingJson object at 0x000001B0EB3A5F90>]}
[0m15:53:10.179191 [debug] [MainThread]: Using duckdb connection "master"
[0m15:53:10.179191 [debug] [MainThread]: On master: BEGIN
[0m15:53:10.179191 [debug] [MainThread]: Opening a new connection, currently in state init
[0m15:53:10.196040 [debug] [MainThread]: SQL status: OK in 0.0 seconds
[0m15:53:10.196040 [debug] [MainThread]: On master: COMMIT
[0m15:53:10.196040 [debug] [MainThread]: Using duckdb connection "master"
[0m15:53:10.196040 [debug] [MainThread]: On master: COMMIT
[0m15:53:10.196040 [debug] [MainThread]: SQL status: OK in 0.0 seconds
[0m15:53:10.196040 [debug] [MainThread]: On master: Close
[0m15:53:10.196040 [info ] [MainThread]: Concurrency: 1 threads (target='dev')
[0m15:53:10.196040 [info ] [MainThread]: 
[0m15:53:10.196040 [debug] [Thread-1 (]: Began running node test.nyc_parking_violations.generic_not_null_bronze_parking_violations_summons_number.e84297fd3d
[0m15:53:10.196040 [info ] [Thread-1 (]: 1 of 1 START test generic_not_null_bronze_parking_violations_summons_number .... [RUN]
[0m15:53:10.196040 [debug] [Thread-1 (]: Acquiring new duckdb connection 'test.nyc_parking_violations.generic_not_null_bronze_parking_violations_summons_number.e84297fd3d'
[0m15:53:10.196040 [debug] [Thread-1 (]: Began compiling node test.nyc_parking_violations.generic_not_null_bronze_parking_violations_summons_number.e84297fd3d
[0m15:53:10.215458 [debug] [Thread-1 (]: Timing info for test.nyc_parking_violations.generic_not_null_bronze_parking_violations_summons_number.e84297fd3d (compile): 15:53:10.210686 => 15:53:10.215458
[0m15:53:10.215458 [debug] [Thread-1 (]: Compilation Error in test generic_not_null_bronze_parking_violations_summons_number (models\docs\schema.yml)
  'test_generic_not_null' is undefined. This can happen when calling a macro that does not exist. Check for typos and/or install package dependencies with "dbt deps".
[0m15:53:10.215458 [error] [Thread-1 (]: 1 of 1 ERROR generic_not_null_bronze_parking_violations_summons_number ......... [[31mERROR[0m in 0.02s]
[0m15:53:10.215458 [debug] [Thread-1 (]: Finished running node test.nyc_parking_violations.generic_not_null_bronze_parking_violations_summons_number.e84297fd3d
[0m15:53:10.227687 [debug] [MainThread]: Using duckdb connection "master"
[0m15:53:10.228687 [debug] [MainThread]: On master: BEGIN
[0m15:53:10.229688 [debug] [MainThread]: Opening a new connection, currently in state closed
[0m15:53:10.232178 [debug] [MainThread]: SQL status: OK in 0.0 seconds
[0m15:53:10.232178 [debug] [MainThread]: On master: COMMIT
[0m15:53:10.232178 [debug] [MainThread]: Using duckdb connection "master"
[0m15:53:10.232178 [debug] [MainThread]: On master: COMMIT
[0m15:53:10.232178 [debug] [MainThread]: SQL status: OK in 0.0 seconds
[0m15:53:10.232178 [debug] [MainThread]: On master: Close
[0m15:53:10.249172 [debug] [MainThread]: Connection 'master' was properly closed.
[0m15:53:10.250254 [debug] [MainThread]: Connection 'create_nyc_parking_violations_main_dbt_test__audit' was properly closed.
[0m15:53:10.250254 [debug] [MainThread]: Connection 'list_nyc_parking_violations_main' was properly closed.
[0m15:53:10.250254 [debug] [MainThread]: Connection 'test.nyc_parking_violations.generic_not_null_bronze_parking_violations_summons_number.e84297fd3d' was properly closed.
[0m15:53:10.251844 [info ] [MainThread]: 
[0m15:53:10.252852 [info ] [MainThread]: Finished running 1 test in 0 hours 0 minutes and 0.21 seconds (0.21s).
[0m15:53:10.253890 [debug] [MainThread]: Command end result
[0m15:53:10.265537 [info ] [MainThread]: 
[0m15:53:10.266537 [info ] [MainThread]: [31mCompleted with 1 error and 0 warnings:[0m
[0m15:53:10.267538 [info ] [MainThread]: 
[0m15:53:10.268554 [error] [MainThread]: [33mCompilation Error in test generic_not_null_bronze_parking_violations_summons_number (models\docs\schema.yml)[0m
[0m15:53:10.269413 [error] [MainThread]:   'test_generic_not_null' is undefined. This can happen when calling a macro that does not exist. Check for typos and/or install package dependencies with "dbt deps".
[0m15:53:10.270237 [info ] [MainThread]: 
[0m15:53:10.271243 [info ] [MainThread]: Done. PASS=0 WARN=0 ERROR=1 SKIP=0 TOTAL=1
[0m15:53:10.272246 [debug] [MainThread]: Command `dbt test` failed at 15:53:10.272246 after 0.52 seconds
[0m15:53:10.272246 [debug] [MainThread]: Sending event: {'category': 'dbt', 'action': 'invocation', 'label': 'end', 'context': [<snowplow_tracker.self_describing_json.SelfDescribingJson object at 0x000001B0E82BF4F0>, <snowplow_tracker.self_describing_json.SelfDescribingJson object at 0x000001B0EB3CE650>, <snowplow_tracker.self_describing_json.SelfDescribingJson object at 0x000001B0EB3CFB80>]}
[0m15:53:10.273160 [debug] [MainThread]: Flushing usage events
[0m15:55:49.000442 [debug] [MainThread]: Sending event: {'category': 'dbt', 'action': 'invocation', 'label': 'start', 'context': [<snowplow_tracker.self_describing_json.SelfDescribingJson object at 0x00000202D8C4F520>, <snowplow_tracker.self_describing_json.SelfDescribingJson object at 0x00000202DB9E9DB0>, <snowplow_tracker.self_describing_json.SelfDescribingJson object at 0x00000202DB9E8880>]}


============================== 15:55:49.003703 | 865118fc-eb62-4dc3-b16e-de1919619a4b ==============================
[0m15:55:49.003703 [info ] [MainThread]: Running with dbt=1.6.1
[0m15:55:49.004752 [debug] [MainThread]: running dbt with arguments {'log_format': 'default', 'profiles_dir': 'D:\\DBT CORE\\nyc_parking_violations', 'invocation_command': 'dbt test', 'target_path': 'None', 'cache_selected_only': 'False', 'warn_error': 'None', 'indirect_selection': 'eager', 'partial_parse': 'True', 'static_parser': 'True', 'send_anonymous_usage_stats': 'True', 'log_path': 'D:\\DBT CORE\\nyc_parking_violations\\logs', 'warn_error_options': 'WarnErrorOptions(include=[], exclude=[])', 'fail_fast': 'False', 'version_check': 'True', 'use_experimental_parser': 'False', 'introspect': 'True', 'quiet': 'False', 'log_cache_events': 'False', 'debug': 'False', 'no_print': 'None', 'use_colors': 'True', 'printer_width': '80', 'write_json': 'True'}
[0m15:55:49.127142 [debug] [MainThread]: Sending event: {'category': 'dbt', 'action': 'project_id', 'label': '865118fc-eb62-4dc3-b16e-de1919619a4b', 'context': [<snowplow_tracker.self_describing_json.SelfDescribingJson object at 0x00000202DB9E9F30>]}
[0m15:55:49.140836 [debug] [MainThread]: Sending event: {'category': 'dbt', 'action': 'adapter_info', 'label': '865118fc-eb62-4dc3-b16e-de1919619a4b', 'context': [<snowplow_tracker.self_describing_json.SelfDescribingJson object at 0x00000202DBACAD40>]}
[0m15:55:49.143658 [info ] [MainThread]: Registered adapter: duckdb=1.6.0
[0m15:55:49.150661 [debug] [MainThread]: checksum: efe19d9f5b93d1a98cc804fbfcdb6b3aced98b974af664946fee1cde8837deb7, vars: {}, profile: , target: , version: 1.6.1
[0m15:55:49.222014 [debug] [MainThread]: Partial parsing enabled: 0 files deleted, 0 files added, 1 files changed.
[0m15:55:49.222913 [debug] [MainThread]: Partial parsing: updated file: nyc_parking_violations://models\docs\schema.yml
[0m15:55:49.287914 [debug] [MainThread]: Sending event: {'category': 'dbt', 'action': 'load_project', 'label': '865118fc-eb62-4dc3-b16e-de1919619a4b', 'context': [<snowplow_tracker.self_describing_json.SelfDescribingJson object at 0x00000202DBDB80D0>]}
[0m15:55:49.304122 [debug] [MainThread]: Sending event: {'category': 'dbt', 'action': 'resource_counts', 'label': '865118fc-eb62-4dc3-b16e-de1919619a4b', 'context': [<snowplow_tracker.self_describing_json.SelfDescribingJson object at 0x00000202DBC006D0>]}
[0m15:55:49.304122 [info ] [MainThread]: Found 10 models, 3 tests, 0 sources, 0 exposures, 0 metrics, 348 macros, 0 groups, 0 semantic models
[0m15:55:49.304122 [debug] [MainThread]: Sending event: {'category': 'dbt', 'action': 'runnable_timing', 'label': '865118fc-eb62-4dc3-b16e-de1919619a4b', 'context': [<snowplow_tracker.self_describing_json.SelfDescribingJson object at 0x00000202DBC00910>]}
[0m15:55:49.304122 [info ] [MainThread]: 
[0m15:55:49.304122 [debug] [MainThread]: Acquiring new duckdb connection 'master'
[0m15:55:49.304122 [debug] [ThreadPool]: Acquiring new duckdb connection 'list_nyc_parking_violations'
[0m15:55:49.327417 [debug] [ThreadPool]: Using duckdb connection "list_nyc_parking_violations"
[0m15:55:49.327417 [debug] [ThreadPool]: On list_nyc_parking_violations: /* {"app": "dbt", "dbt_version": "1.6.1", "profile_name": "nyc_parking_violations", "target_name": "dev", "connection_name": "list_nyc_parking_violations"} */

    
    select schema_name
    from system.information_schema.schemata
    
    where catalog_name = '"nyc_parking_violations"'
    
  
  
[0m15:55:49.327417 [debug] [ThreadPool]: Opening a new connection, currently in state init
[0m15:55:49.341002 [debug] [ThreadPool]: SQL status: OK in 0.0 seconds
[0m15:55:49.341002 [debug] [ThreadPool]: On list_nyc_parking_violations: Close
[0m15:55:49.341002 [debug] [ThreadPool]: Re-using an available connection from the pool (formerly list_nyc_parking_violations, now create_nyc_parking_violations_main_dbt_test__audit)
[0m15:55:49.341002 [debug] [ThreadPool]: Creating schema "database: "nyc_parking_violations"
schema: "main_dbt_test__audit"
"
[0m15:55:49.356080 [debug] [ThreadPool]: Using duckdb connection "create_nyc_parking_violations_main_dbt_test__audit"
[0m15:55:49.357019 [debug] [ThreadPool]: On create_nyc_parking_violations_main_dbt_test__audit: BEGIN
[0m15:55:49.357600 [debug] [ThreadPool]: Opening a new connection, currently in state closed
[0m15:55:49.362284 [debug] [ThreadPool]: SQL status: OK in 0.0 seconds
[0m15:55:49.374481 [debug] [ThreadPool]: Using duckdb connection "create_nyc_parking_violations_main_dbt_test__audit"
[0m15:55:49.374481 [debug] [ThreadPool]: On create_nyc_parking_violations_main_dbt_test__audit: /* {"app": "dbt", "dbt_version": "1.6.1", "profile_name": "nyc_parking_violations", "target_name": "dev", "connection_name": "create_nyc_parking_violations_main_dbt_test__audit"} */
create schema if not exists "nyc_parking_violations"."main_dbt_test__audit"
[0m15:55:49.374481 [debug] [ThreadPool]: SQL status: OK in 0.0 seconds
[0m15:55:49.374481 [debug] [ThreadPool]: On create_nyc_parking_violations_main_dbt_test__audit: COMMIT
[0m15:55:49.374481 [debug] [ThreadPool]: Using duckdb connection "create_nyc_parking_violations_main_dbt_test__audit"
[0m15:55:49.374481 [debug] [ThreadPool]: On create_nyc_parking_violations_main_dbt_test__audit: COMMIT
[0m15:55:49.374481 [debug] [ThreadPool]: SQL status: OK in 0.0 seconds
[0m15:55:49.374481 [debug] [ThreadPool]: On create_nyc_parking_violations_main_dbt_test__audit: Close
[0m15:55:49.374481 [debug] [ThreadPool]: Acquiring new duckdb connection 'list_nyc_parking_violations_main_dbt_test__audit'
[0m15:55:49.374481 [debug] [ThreadPool]: Using duckdb connection "list_nyc_parking_violations_main_dbt_test__audit"
[0m15:55:49.374481 [debug] [ThreadPool]: On list_nyc_parking_violations_main_dbt_test__audit: BEGIN
[0m15:55:49.389846 [debug] [ThreadPool]: Opening a new connection, currently in state init
[0m15:55:49.390971 [debug] [ThreadPool]: SQL status: OK in 0.0 seconds
[0m15:55:49.390971 [debug] [ThreadPool]: Using duckdb connection "list_nyc_parking_violations_main_dbt_test__audit"
[0m15:55:49.390971 [debug] [ThreadPool]: On list_nyc_parking_violations_main_dbt_test__audit: /* {"app": "dbt", "dbt_version": "1.6.1", "profile_name": "nyc_parking_violations", "target_name": "dev", "connection_name": "list_nyc_parking_violations_main_dbt_test__audit"} */
select
      'nyc_parking_violations' as database,
      table_name as name,
      table_schema as schema,
      CASE table_type
        WHEN 'BASE TABLE' THEN 'table'
        WHEN 'VIEW' THEN 'view'
        WHEN 'LOCAL TEMPORARY' THEN 'table'
        END as type
    from system.information_schema.tables
    where table_schema = 'main_dbt_test__audit'
    and table_catalog = 'nyc_parking_violations'
  
[0m15:55:49.417435 [debug] [ThreadPool]: SQL status: OK in 0.0 seconds
[0m15:55:49.418450 [debug] [ThreadPool]: On list_nyc_parking_violations_main_dbt_test__audit: ROLLBACK
[0m15:55:49.419431 [debug] [ThreadPool]: Failed to rollback 'list_nyc_parking_violations_main_dbt_test__audit'
[0m15:55:49.420382 [debug] [ThreadPool]: On list_nyc_parking_violations_main_dbt_test__audit: Close
[0m15:55:49.424349 [debug] [ThreadPool]: Re-using an available connection from the pool (formerly list_nyc_parking_violations_main_dbt_test__audit, now list_nyc_parking_violations_main)
[0m15:55:49.426432 [debug] [ThreadPool]: Using duckdb connection "list_nyc_parking_violations_main"
[0m15:55:49.426432 [debug] [ThreadPool]: On list_nyc_parking_violations_main: BEGIN
[0m15:55:49.427439 [debug] [ThreadPool]: Opening a new connection, currently in state closed
[0m15:55:49.440731 [debug] [ThreadPool]: SQL status: OK in 0.0 seconds
[0m15:55:49.440731 [debug] [ThreadPool]: Using duckdb connection "list_nyc_parking_violations_main"
[0m15:55:49.440731 [debug] [ThreadPool]: On list_nyc_parking_violations_main: /* {"app": "dbt", "dbt_version": "1.6.1", "profile_name": "nyc_parking_violations", "target_name": "dev", "connection_name": "list_nyc_parking_violations_main"} */
select
      'nyc_parking_violations' as database,
      table_name as name,
      table_schema as schema,
      CASE table_type
        WHEN 'BASE TABLE' THEN 'table'
        WHEN 'VIEW' THEN 'view'
        WHEN 'LOCAL TEMPORARY' THEN 'table'
        END as type
    from system.information_schema.tables
    where table_schema = 'main'
    and table_catalog = 'nyc_parking_violations'
  
[0m15:55:49.440731 [debug] [ThreadPool]: SQL status: OK in 0.0 seconds
[0m15:55:49.455958 [debug] [ThreadPool]: On list_nyc_parking_violations_main: ROLLBACK
[0m15:55:49.455958 [debug] [ThreadPool]: Failed to rollback 'list_nyc_parking_violations_main'
[0m15:55:49.455958 [debug] [ThreadPool]: On list_nyc_parking_violations_main: Close
[0m15:55:49.455958 [debug] [MainThread]: Sending event: {'category': 'dbt', 'action': 'runnable_timing', 'label': '865118fc-eb62-4dc3-b16e-de1919619a4b', 'context': [<snowplow_tracker.self_describing_json.SelfDescribingJson object at 0x00000202DBE13160>]}
[0m15:55:49.455958 [debug] [MainThread]: Using duckdb connection "master"
[0m15:55:49.455958 [debug] [MainThread]: On master: BEGIN
[0m15:55:49.455958 [debug] [MainThread]: Opening a new connection, currently in state init
[0m15:55:49.471968 [debug] [MainThread]: SQL status: OK in 0.0 seconds
[0m15:55:49.471968 [debug] [MainThread]: On master: COMMIT
[0m15:55:49.471968 [debug] [MainThread]: Using duckdb connection "master"
[0m15:55:49.471968 [debug] [MainThread]: On master: COMMIT
[0m15:55:49.471968 [debug] [MainThread]: SQL status: OK in 0.0 seconds
[0m15:55:49.471968 [debug] [MainThread]: On master: Close
[0m15:55:49.471968 [info ] [MainThread]: Concurrency: 1 threads (target='dev')
[0m15:55:49.471968 [info ] [MainThread]: 
[0m15:55:49.471968 [debug] [Thread-1 (]: Began running node test.nyc_parking_violations.not_null_bronze_parking_violations_summons_number.29cef758ac
[0m15:55:49.471968 [info ] [Thread-1 (]: 1 of 3 START test not_null_bronze_parking_violations_summons_number ............ [RUN]
[0m15:55:49.487993 [debug] [Thread-1 (]: Acquiring new duckdb connection 'test.nyc_parking_violations.not_null_bronze_parking_violations_summons_number.29cef758ac'
[0m15:55:49.488886 [debug] [Thread-1 (]: Began compiling node test.nyc_parking_violations.not_null_bronze_parking_violations_summons_number.29cef758ac
[0m15:55:49.493549 [debug] [Thread-1 (]: Writing injected SQL for node "test.nyc_parking_violations.not_null_bronze_parking_violations_summons_number.29cef758ac"
[0m15:55:49.493549 [debug] [Thread-1 (]: Timing info for test.nyc_parking_violations.not_null_bronze_parking_violations_summons_number.29cef758ac (compile): 15:55:49.488886 => 15:55:49.493549
[0m15:55:49.493549 [debug] [Thread-1 (]: Began executing node test.nyc_parking_violations.not_null_bronze_parking_violations_summons_number.29cef758ac
[0m15:55:49.560364 [debug] [Thread-1 (]: Using duckdb connection "test.nyc_parking_violations.not_null_bronze_parking_violations_summons_number.29cef758ac"
[0m15:55:49.560364 [debug] [Thread-1 (]: On test.nyc_parking_violations.not_null_bronze_parking_violations_summons_number.29cef758ac: /* {"app": "dbt", "dbt_version": "1.6.1", "profile_name": "nyc_parking_violations", "target_name": "dev", "node_id": "test.nyc_parking_violations.not_null_bronze_parking_violations_summons_number.29cef758ac"} */
drop table if exists "nyc_parking_violations"."main_dbt_test__audit"."not_null_bronze_parking_violations_summons_number" cascade
[0m15:55:49.561370 [debug] [Thread-1 (]: Opening a new connection, currently in state init
[0m15:55:49.581475 [debug] [Thread-1 (]: SQL status: OK in 0.0 seconds
[0m15:55:49.589426 [debug] [Thread-1 (]: Using duckdb connection "test.nyc_parking_violations.not_null_bronze_parking_violations_summons_number.29cef758ac"
[0m15:55:49.590340 [debug] [Thread-1 (]: On test.nyc_parking_violations.not_null_bronze_parking_violations_summons_number.29cef758ac: BEGIN
[0m15:55:49.591070 [debug] [Thread-1 (]: SQL status: OK in 0.0 seconds
[0m15:55:49.591070 [debug] [Thread-1 (]: Using duckdb connection "test.nyc_parking_violations.not_null_bronze_parking_violations_summons_number.29cef758ac"
[0m15:55:49.592254 [debug] [Thread-1 (]: On test.nyc_parking_violations.not_null_bronze_parking_violations_summons_number.29cef758ac: /* {"app": "dbt", "dbt_version": "1.6.1", "profile_name": "nyc_parking_violations", "target_name": "dev", "node_id": "test.nyc_parking_violations.not_null_bronze_parking_violations_summons_number.29cef758ac"} */

        
  
    
    

    create  table
      "nyc_parking_violations"."main_dbt_test__audit"."not_null_bronze_parking_violations_summons_number"
  
    as (
      
    
    



select *
from "nyc_parking_violations"."main"."bronze_parking_violations"
where summons_number is null



    );
  
  
    
[0m15:55:49.593295 [debug] [Thread-1 (]: SQL status: OK in 0.0 seconds
[0m15:55:49.594290 [debug] [Thread-1 (]: On test.nyc_parking_violations.not_null_bronze_parking_violations_summons_number.29cef758ac: COMMIT
[0m15:55:49.595341 [debug] [Thread-1 (]: Using duckdb connection "test.nyc_parking_violations.not_null_bronze_parking_violations_summons_number.29cef758ac"
[0m15:55:49.595341 [debug] [Thread-1 (]: On test.nyc_parking_violations.not_null_bronze_parking_violations_summons_number.29cef758ac: COMMIT
[0m15:55:49.599046 [debug] [Thread-1 (]: SQL status: OK in 0.0 seconds
[0m15:55:49.601996 [debug] [Thread-1 (]: Writing runtime sql for node "test.nyc_parking_violations.not_null_bronze_parking_violations_summons_number.29cef758ac"
[0m15:55:49.605949 [debug] [Thread-1 (]: Using duckdb connection "test.nyc_parking_violations.not_null_bronze_parking_violations_summons_number.29cef758ac"
[0m15:55:49.605949 [debug] [Thread-1 (]: On test.nyc_parking_violations.not_null_bronze_parking_violations_summons_number.29cef758ac: BEGIN
[0m15:55:49.607476 [debug] [Thread-1 (]: SQL status: OK in 0.0 seconds
[0m15:55:49.608482 [debug] [Thread-1 (]: Using duckdb connection "test.nyc_parking_violations.not_null_bronze_parking_violations_summons_number.29cef758ac"
[0m15:55:49.608482 [debug] [Thread-1 (]: On test.nyc_parking_violations.not_null_bronze_parking_violations_summons_number.29cef758ac: /* {"app": "dbt", "dbt_version": "1.6.1", "profile_name": "nyc_parking_violations", "target_name": "dev", "node_id": "test.nyc_parking_violations.not_null_bronze_parking_violations_summons_number.29cef758ac"} */
select
      count(*) as failures,
      count(*) != 0 as should_warn,
      count(*) != 0 as should_error
    from (
      
        select *
        from "nyc_parking_violations"."main_dbt_test__audit"."not_null_bronze_parking_violations_summons_number"
    
      
    ) dbt_internal_test
[0m15:55:49.610497 [debug] [Thread-1 (]: SQL status: OK in 0.0 seconds
[0m15:55:49.612483 [debug] [Thread-1 (]: Timing info for test.nyc_parking_violations.not_null_bronze_parking_violations_summons_number.29cef758ac (execute): 15:55:49.507714 => 15:55:49.611482
[0m15:55:49.612483 [debug] [Thread-1 (]: On test.nyc_parking_violations.not_null_bronze_parking_violations_summons_number.29cef758ac: ROLLBACK
[0m15:55:49.613488 [debug] [Thread-1 (]: Failed to rollback 'test.nyc_parking_violations.not_null_bronze_parking_violations_summons_number.29cef758ac'
[0m15:55:49.613488 [debug] [Thread-1 (]: On test.nyc_parking_violations.not_null_bronze_parking_violations_summons_number.29cef758ac: Close
[0m15:55:49.629953 [info ] [Thread-1 (]: 1 of 3 PASS not_null_bronze_parking_violations_summons_number .................. [[32mPASS[0m in 0.16s]
[0m15:55:49.629953 [debug] [Thread-1 (]: Finished running node test.nyc_parking_violations.not_null_bronze_parking_violations_summons_number.29cef758ac
[0m15:55:49.629953 [debug] [Thread-1 (]: Began running node test.nyc_parking_violations.unique_bronze_parking_violations_summons_number.305522a239
[0m15:55:49.629953 [info ] [Thread-1 (]: 2 of 3 START test unique_bronze_parking_violations_summons_number .............. [RUN]
[0m15:55:49.629953 [debug] [Thread-1 (]: Re-using an available connection from the pool (formerly test.nyc_parking_violations.not_null_bronze_parking_violations_summons_number.29cef758ac, now test.nyc_parking_violations.unique_bronze_parking_violations_summons_number.305522a239)
[0m15:55:49.629953 [debug] [Thread-1 (]: Began compiling node test.nyc_parking_violations.unique_bronze_parking_violations_summons_number.305522a239
[0m15:55:49.640676 [debug] [Thread-1 (]: Writing injected SQL for node "test.nyc_parking_violations.unique_bronze_parking_violations_summons_number.305522a239"
[0m15:55:49.642592 [debug] [Thread-1 (]: Timing info for test.nyc_parking_violations.unique_bronze_parking_violations_summons_number.305522a239 (compile): 15:55:49.629953 => 15:55:49.642592
[0m15:55:49.643725 [debug] [Thread-1 (]: Began executing node test.nyc_parking_violations.unique_bronze_parking_violations_summons_number.305522a239
[0m15:55:49.645243 [debug] [Thread-1 (]: Using duckdb connection "test.nyc_parking_violations.unique_bronze_parking_violations_summons_number.305522a239"
[0m15:55:49.645243 [debug] [Thread-1 (]: On test.nyc_parking_violations.unique_bronze_parking_violations_summons_number.305522a239: /* {"app": "dbt", "dbt_version": "1.6.1", "profile_name": "nyc_parking_violations", "target_name": "dev", "node_id": "test.nyc_parking_violations.unique_bronze_parking_violations_summons_number.305522a239"} */
drop table if exists "nyc_parking_violations"."main_dbt_test__audit"."unique_bronze_parking_violations_summons_number" cascade
[0m15:55:49.645243 [debug] [Thread-1 (]: Opening a new connection, currently in state closed
[0m15:55:49.664328 [debug] [Thread-1 (]: SQL status: OK in 0.0 seconds
[0m15:55:49.671171 [debug] [Thread-1 (]: Using duckdb connection "test.nyc_parking_violations.unique_bronze_parking_violations_summons_number.305522a239"
[0m15:55:49.671171 [debug] [Thread-1 (]: On test.nyc_parking_violations.unique_bronze_parking_violations_summons_number.305522a239: BEGIN
[0m15:55:49.671171 [debug] [Thread-1 (]: SQL status: OK in 0.0 seconds
[0m15:55:49.671171 [debug] [Thread-1 (]: Using duckdb connection "test.nyc_parking_violations.unique_bronze_parking_violations_summons_number.305522a239"
[0m15:55:49.673176 [debug] [Thread-1 (]: On test.nyc_parking_violations.unique_bronze_parking_violations_summons_number.305522a239: /* {"app": "dbt", "dbt_version": "1.6.1", "profile_name": "nyc_parking_violations", "target_name": "dev", "node_id": "test.nyc_parking_violations.unique_bronze_parking_violations_summons_number.305522a239"} */

        
  
    
    

    create  table
      "nyc_parking_violations"."main_dbt_test__audit"."unique_bronze_parking_violations_summons_number"
  
    as (
      
    
    

select
    summons_number as unique_field,
    count(*) as n_records

from "nyc_parking_violations"."main"."bronze_parking_violations"
where summons_number is not null
group by summons_number
having count(*) > 1



    );
  
  
    
[0m15:55:49.679390 [debug] [Thread-1 (]: SQL status: OK in 0.0 seconds
[0m15:55:49.679390 [debug] [Thread-1 (]: On test.nyc_parking_violations.unique_bronze_parking_violations_summons_number.305522a239: COMMIT
[0m15:55:49.687139 [debug] [Thread-1 (]: Using duckdb connection "test.nyc_parking_violations.unique_bronze_parking_violations_summons_number.305522a239"
[0m15:55:49.687139 [debug] [Thread-1 (]: On test.nyc_parking_violations.unique_bronze_parking_violations_summons_number.305522a239: COMMIT
[0m15:55:49.691645 [debug] [Thread-1 (]: SQL status: OK in 0.0 seconds
[0m15:55:49.691645 [debug] [Thread-1 (]: Writing runtime sql for node "test.nyc_parking_violations.unique_bronze_parking_violations_summons_number.305522a239"
[0m15:55:49.691645 [debug] [Thread-1 (]: Using duckdb connection "test.nyc_parking_violations.unique_bronze_parking_violations_summons_number.305522a239"
[0m15:55:49.691645 [debug] [Thread-1 (]: On test.nyc_parking_violations.unique_bronze_parking_violations_summons_number.305522a239: BEGIN
[0m15:55:49.691645 [debug] [Thread-1 (]: SQL status: OK in 0.0 seconds
[0m15:55:49.691645 [debug] [Thread-1 (]: Using duckdb connection "test.nyc_parking_violations.unique_bronze_parking_violations_summons_number.305522a239"
[0m15:55:49.691645 [debug] [Thread-1 (]: On test.nyc_parking_violations.unique_bronze_parking_violations_summons_number.305522a239: /* {"app": "dbt", "dbt_version": "1.6.1", "profile_name": "nyc_parking_violations", "target_name": "dev", "node_id": "test.nyc_parking_violations.unique_bronze_parking_violations_summons_number.305522a239"} */
select
      count(*) as failures,
      count(*) != 0 as should_warn,
      count(*) != 0 as should_error
    from (
      
        select *
        from "nyc_parking_violations"."main_dbt_test__audit"."unique_bronze_parking_violations_summons_number"
    
      
    ) dbt_internal_test
[0m15:55:49.691645 [debug] [Thread-1 (]: SQL status: OK in 0.0 seconds
[0m15:55:49.691645 [debug] [Thread-1 (]: Timing info for test.nyc_parking_violations.unique_bronze_parking_violations_summons_number.305522a239 (execute): 15:55:49.644730 => 15:55:49.691645
[0m15:55:49.691645 [debug] [Thread-1 (]: On test.nyc_parking_violations.unique_bronze_parking_violations_summons_number.305522a239: ROLLBACK
[0m15:55:49.691645 [debug] [Thread-1 (]: Failed to rollback 'test.nyc_parking_violations.unique_bronze_parking_violations_summons_number.305522a239'
[0m15:55:49.691645 [debug] [Thread-1 (]: On test.nyc_parking_violations.unique_bronze_parking_violations_summons_number.305522a239: Close
[0m15:55:49.718465 [info ] [Thread-1 (]: 2 of 3 PASS unique_bronze_parking_violations_summons_number .................... [[32mPASS[0m in 0.09s]
[0m15:55:49.720466 [debug] [Thread-1 (]: Finished running node test.nyc_parking_violations.unique_bronze_parking_violations_summons_number.305522a239
[0m15:55:49.720466 [debug] [Thread-1 (]: Began running node test.nyc_parking_violations.violation_codes_revenue
[0m15:55:49.721466 [info ] [Thread-1 (]: 3 of 3 START test violation_codes_revenue ...................................... [RUN]
[0m15:55:49.722466 [debug] [Thread-1 (]: Re-using an available connection from the pool (formerly test.nyc_parking_violations.unique_bronze_parking_violations_summons_number.305522a239, now test.nyc_parking_violations.violation_codes_revenue)
[0m15:55:49.723772 [debug] [Thread-1 (]: Began compiling node test.nyc_parking_violations.violation_codes_revenue
[0m15:55:49.727558 [debug] [Thread-1 (]: Writing injected SQL for node "test.nyc_parking_violations.violation_codes_revenue"
[0m15:55:49.730564 [debug] [Thread-1 (]: Writing injected SQL for node "test.nyc_parking_violations.violation_codes_revenue"
[0m15:55:49.732563 [debug] [Thread-1 (]: Timing info for test.nyc_parking_violations.violation_codes_revenue (compile): 15:55:49.723772 => 15:55:49.732563
[0m15:55:49.732563 [debug] [Thread-1 (]: Began executing node test.nyc_parking_violations.violation_codes_revenue
[0m15:55:49.736563 [debug] [Thread-1 (]: Using duckdb connection "test.nyc_parking_violations.violation_codes_revenue"
[0m15:55:49.737563 [debug] [Thread-1 (]: On test.nyc_parking_violations.violation_codes_revenue: /* {"app": "dbt", "dbt_version": "1.6.1", "profile_name": "nyc_parking_violations", "target_name": "dev", "node_id": "test.nyc_parking_violations.violation_codes_revenue"} */
drop table if exists "nyc_parking_violations"."main_dbt_test__audit"."violation_codes_revenue" cascade
[0m15:55:49.737563 [debug] [Thread-1 (]: Opening a new connection, currently in state closed
[0m15:55:49.757556 [debug] [Thread-1 (]: SQL status: OK in 0.0 seconds
[0m15:55:49.757556 [debug] [Thread-1 (]: Using duckdb connection "test.nyc_parking_violations.violation_codes_revenue"
[0m15:55:49.757556 [debug] [Thread-1 (]: On test.nyc_parking_violations.violation_codes_revenue: BEGIN
[0m15:55:49.757556 [debug] [Thread-1 (]: SQL status: OK in 0.0 seconds
[0m15:55:49.757556 [debug] [Thread-1 (]: Using duckdb connection "test.nyc_parking_violations.violation_codes_revenue"
[0m15:55:49.757556 [debug] [Thread-1 (]: On test.nyc_parking_violations.violation_codes_revenue: /* {"app": "dbt", "dbt_version": "1.6.1", "profile_name": "nyc_parking_violations", "target_name": "dev", "node_id": "test.nyc_parking_violations.violation_codes_revenue"} */

        
  
    
    

    create  table
      "nyc_parking_violations"."main_dbt_test__audit"."violation_codes_revenue"
  
    as (
      

with __dbt__cte__silver_parking_violation_codes as (
WITH manhattan_violation_codes AS (
    SELECT
        violation_code,
        definition,
        TRUE AS is_manhattan_96th_st_below,
        manhattan_96th_st_below AS fee_usd,
    FROM
        "nyc_parking_violations"."main"."bronze_parking_violation_codes"
),

all_other_violation_codes AS (
    SELECT
        violation_code,
        definition,
        FALSE AS is_manhattan_96th_st_below,
        all_other_areas AS fee_usd,
    FROM
        "nyc_parking_violations"."main"."bronze_parking_violation_codes"
)

SELECT * FROM manhattan_violation_codes
UNION ALL
SELECT * FROM all_other_violation_codes
ORDER BY violation_code ASC
) SELECT
    violation_code,
    SUM(fee_usd) AS total_revenue_usd
FROM
    __dbt__cte__silver_parking_violation_codes
GROUP BY
    violation_code
HAVING
    NOT(total_revenue_usd >= 1)
    );
  
  
    
[0m15:55:49.757556 [debug] [Thread-1 (]: SQL status: OK in 0.0 seconds
[0m15:55:49.757556 [debug] [Thread-1 (]: On test.nyc_parking_violations.violation_codes_revenue: COMMIT
[0m15:55:49.757556 [debug] [Thread-1 (]: Using duckdb connection "test.nyc_parking_violations.violation_codes_revenue"
[0m15:55:49.757556 [debug] [Thread-1 (]: On test.nyc_parking_violations.violation_codes_revenue: COMMIT
[0m15:55:49.773736 [debug] [Thread-1 (]: SQL status: OK in 0.0 seconds
[0m15:55:49.774211 [debug] [Thread-1 (]: Writing runtime sql for node "test.nyc_parking_violations.violation_codes_revenue"
[0m15:55:49.774211 [debug] [Thread-1 (]: Using duckdb connection "test.nyc_parking_violations.violation_codes_revenue"
[0m15:55:49.774211 [debug] [Thread-1 (]: On test.nyc_parking_violations.violation_codes_revenue: BEGIN
[0m15:55:49.779146 [debug] [Thread-1 (]: SQL status: OK in 0.0 seconds
[0m15:55:49.779146 [debug] [Thread-1 (]: Using duckdb connection "test.nyc_parking_violations.violation_codes_revenue"
[0m15:55:49.779146 [debug] [Thread-1 (]: On test.nyc_parking_violations.violation_codes_revenue: /* {"app": "dbt", "dbt_version": "1.6.1", "profile_name": "nyc_parking_violations", "target_name": "dev", "node_id": "test.nyc_parking_violations.violation_codes_revenue"} */
select
      count(*) as failures,
      count(*) != 0 as should_warn,
      count(*) != 0 as should_error
    from (
      
        select *
        from "nyc_parking_violations"."main_dbt_test__audit"."violation_codes_revenue"
    
      
    ) dbt_internal_test
[0m15:55:49.781153 [debug] [Thread-1 (]: SQL status: OK in 0.0 seconds
[0m15:55:49.781153 [debug] [Thread-1 (]: Timing info for test.nyc_parking_violations.violation_codes_revenue (execute): 15:55:49.733564 => 15:55:49.781153
[0m15:55:49.783158 [debug] [Thread-1 (]: On test.nyc_parking_violations.violation_codes_revenue: ROLLBACK
[0m15:55:49.783158 [debug] [Thread-1 (]: Failed to rollback 'test.nyc_parking_violations.violation_codes_revenue'
[0m15:55:49.783158 [debug] [Thread-1 (]: On test.nyc_parking_violations.violation_codes_revenue: Close
[0m15:55:49.799026 [warn ] [Thread-1 (]: 3 of 3 WARN 1 violation_codes_revenue .......................................... [[33mWARN 1[0m in 0.08s]
[0m15:55:49.801228 [debug] [Thread-1 (]: Finished running node test.nyc_parking_violations.violation_codes_revenue
[0m15:55:49.803239 [debug] [MainThread]: Using duckdb connection "master"
[0m15:55:49.803239 [debug] [MainThread]: On master: BEGIN
[0m15:55:49.803239 [debug] [MainThread]: Opening a new connection, currently in state closed
[0m15:55:49.813488 [debug] [MainThread]: SQL status: OK in 0.0 seconds
[0m15:55:49.813488 [debug] [MainThread]: On master: COMMIT
[0m15:55:49.813488 [debug] [MainThread]: Using duckdb connection "master"
[0m15:55:49.813488 [debug] [MainThread]: On master: COMMIT
[0m15:55:49.813488 [debug] [MainThread]: SQL status: OK in 0.0 seconds
[0m15:55:49.813488 [debug] [MainThread]: On master: Close
[0m15:55:49.827655 [debug] [MainThread]: Connection 'master' was properly closed.
[0m15:55:49.827655 [debug] [MainThread]: Connection 'create_nyc_parking_violations_main_dbt_test__audit' was properly closed.
[0m15:55:49.827655 [debug] [MainThread]: Connection 'list_nyc_parking_violations_main' was properly closed.
[0m15:55:49.829500 [debug] [MainThread]: Connection 'test.nyc_parking_violations.violation_codes_revenue' was properly closed.
[0m15:55:49.829500 [info ] [MainThread]: 
[0m15:55:49.829500 [info ] [MainThread]: Finished running 3 tests in 0 hours 0 minutes and 0.53 seconds (0.53s).
[0m15:55:49.829500 [debug] [MainThread]: Command end result
[0m15:55:49.842809 [info ] [MainThread]: 
[0m15:55:49.844092 [info ] [MainThread]: [33mCompleted with 1 warning:[0m
[0m15:55:49.845097 [info ] [MainThread]: 
[0m15:55:49.845097 [warn ] [MainThread]: [33mWarning in test violation_codes_revenue (tests\violation_codes_revenue.sql)[0m
[0m15:55:49.847054 [warn ] [MainThread]: Got 1 result, configured to warn if != 0
[0m15:55:49.848322 [info ] [MainThread]: 
[0m15:55:49.848322 [info ] [MainThread]:   compiled Code at target\compiled\nyc_parking_violations\tests\violation_codes_revenue.sql
[0m15:55:49.849385 [info ] [MainThread]: 
[0m15:55:49.850320 [info ] [MainThread]:   See test failures:
  ---------------------------------------------------------------------------------------
  select * from "nyc_parking_violations"."main_dbt_test__audit"."violation_codes_revenue"
  ---------------------------------------------------------------------------------------
[0m15:55:49.851321 [info ] [MainThread]: 
[0m15:55:49.851321 [info ] [MainThread]: Done. PASS=2 WARN=1 ERROR=0 SKIP=0 TOTAL=3
[0m15:55:49.852320 [debug] [MainThread]: Command `dbt test` succeeded at 15:55:49.852320 after 0.88 seconds
[0m15:55:49.852320 [debug] [MainThread]: Sending event: {'category': 'dbt', 'action': 'invocation', 'label': 'end', 'context': [<snowplow_tracker.self_describing_json.SelfDescribingJson object at 0x00000202D8C4F520>, <snowplow_tracker.self_describing_json.SelfDescribingJson object at 0x00000202D4EA61D0>, <snowplow_tracker.self_describing_json.SelfDescribingJson object at 0x00000202DB9E9F30>]}
[0m15:55:49.852320 [debug] [MainThread]: Flushing usage events
[0m16:05:58.990825 [debug] [MainThread]: Sending event: {'category': 'dbt', 'action': 'invocation', 'label': 'start', 'context': [<snowplow_tracker.self_describing_json.SelfDescribingJson object at 0x0000019FFDBFF4C0>, <snowplow_tracker.self_describing_json.SelfDescribingJson object at 0x0000019F80BA9DE0>, <snowplow_tracker.self_describing_json.SelfDescribingJson object at 0x0000019F80BA88B0>]}


============================== 16:05:58.994120 | fc0cb221-46a0-4da7-a524-7af971d3b1eb ==============================
[0m16:05:58.994120 [info ] [MainThread]: Running with dbt=1.6.1
[0m16:05:58.995115 [debug] [MainThread]: running dbt with arguments {'use_colors': 'True', 'target_path': 'None', 'cache_selected_only': 'False', 'log_format': 'default', 'profiles_dir': 'D:\\DBT CORE\\nyc_parking_violations', 'warn_error': 'None', 'log_path': 'D:\\DBT CORE\\nyc_parking_violations\\logs', 'fail_fast': 'False', 'static_parser': 'True', 'send_anonymous_usage_stats': 'True', 'indirect_selection': 'eager', 'warn_error_options': 'WarnErrorOptions(include=[], exclude=[])', 'partial_parse': 'True', 'version_check': 'True', 'use_experimental_parser': 'False', 'quiet': 'False', 'introspect': 'True', 'log_cache_events': 'False', 'debug': 'False', 'no_print': 'None', 'invocation_command': 'dbt test', 'printer_width': '80', 'write_json': 'True'}
[0m16:05:59.123667 [debug] [MainThread]: Sending event: {'category': 'dbt', 'action': 'project_id', 'label': 'fc0cb221-46a0-4da7-a524-7af971d3b1eb', 'context': [<snowplow_tracker.self_describing_json.SelfDescribingJson object at 0x0000019F80BA9F60>]}
[0m16:05:59.137830 [debug] [MainThread]: Sending event: {'category': 'dbt', 'action': 'adapter_info', 'label': 'fc0cb221-46a0-4da7-a524-7af971d3b1eb', 'context': [<snowplow_tracker.self_describing_json.SelfDescribingJson object at 0x0000019F80C86E60>]}
[0m16:05:59.139949 [info ] [MainThread]: Registered adapter: duckdb=1.6.0
[0m16:05:59.148598 [debug] [MainThread]: checksum: efe19d9f5b93d1a98cc804fbfcdb6b3aced98b974af664946fee1cde8837deb7, vars: {}, profile: , target: , version: 1.6.1
[0m16:05:59.223129 [debug] [MainThread]: Partial parsing enabled: 0 files deleted, 1 files added, 1 files changed.
[0m16:05:59.224144 [debug] [MainThread]: Partial parsing: added file: nyc_parking_violations://tests\generic\generic_not_null.sql
[0m16:05:59.224759 [debug] [MainThread]: Partial parsing: updated file: nyc_parking_violations://models\docs\schema.yml
[0m16:05:59.305651 [debug] [MainThread]: Sending event: {'category': 'dbt', 'action': 'load_project', 'label': 'fc0cb221-46a0-4da7-a524-7af971d3b1eb', 'context': [<snowplow_tracker.self_describing_json.SelfDescribingJson object at 0x0000019F80F7C0D0>]}
[0m16:05:59.318188 [debug] [MainThread]: Sending event: {'category': 'dbt', 'action': 'resource_counts', 'label': 'fc0cb221-46a0-4da7-a524-7af971d3b1eb', 'context': [<snowplow_tracker.self_describing_json.SelfDescribingJson object at 0x0000019F80E6C460>]}
[0m16:05:59.319195 [info ] [MainThread]: Found 10 models, 3 tests, 0 sources, 0 exposures, 0 metrics, 349 macros, 0 groups, 0 semantic models
[0m16:05:59.320223 [debug] [MainThread]: Sending event: {'category': 'dbt', 'action': 'runnable_timing', 'label': 'fc0cb221-46a0-4da7-a524-7af971d3b1eb', 'context': [<snowplow_tracker.self_describing_json.SelfDescribingJson object at 0x0000019F80E6C6A0>]}
[0m16:05:59.321194 [info ] [MainThread]: 
[0m16:05:59.322926 [debug] [MainThread]: Acquiring new duckdb connection 'master'
[0m16:05:59.324110 [debug] [ThreadPool]: Acquiring new duckdb connection 'list_nyc_parking_violations'
[0m16:05:59.334554 [debug] [ThreadPool]: Using duckdb connection "list_nyc_parking_violations"
[0m16:05:59.335776 [debug] [ThreadPool]: On list_nyc_parking_violations: /* {"app": "dbt", "dbt_version": "1.6.1", "profile_name": "nyc_parking_violations", "target_name": "dev", "connection_name": "list_nyc_parking_violations"} */

    
    select schema_name
    from system.information_schema.schemata
    
    where catalog_name = '"nyc_parking_violations"'
    
  
  
[0m16:05:59.336782 [debug] [ThreadPool]: Opening a new connection, currently in state init
[0m16:05:59.353331 [debug] [ThreadPool]: SQL status: OK in 0.0 seconds
[0m16:05:59.355229 [debug] [ThreadPool]: On list_nyc_parking_violations: Close
[0m16:05:59.358864 [debug] [ThreadPool]: Re-using an available connection from the pool (formerly list_nyc_parking_violations, now create_nyc_parking_violations_main_dbt_test__audit)
[0m16:05:59.359872 [debug] [ThreadPool]: Creating schema "database: "nyc_parking_violations"
schema: "main_dbt_test__audit"
"
[0m16:05:59.362871 [debug] [ThreadPool]: Using duckdb connection "create_nyc_parking_violations_main_dbt_test__audit"
[0m16:05:59.363871 [debug] [ThreadPool]: On create_nyc_parking_violations_main_dbt_test__audit: BEGIN
[0m16:05:59.363871 [debug] [ThreadPool]: Opening a new connection, currently in state closed
[0m16:05:59.380981 [debug] [ThreadPool]: SQL status: OK in 0.0 seconds
[0m16:05:59.383027 [debug] [ThreadPool]: Using duckdb connection "create_nyc_parking_violations_main_dbt_test__audit"
[0m16:05:59.384191 [debug] [ThreadPool]: On create_nyc_parking_violations_main_dbt_test__audit: /* {"app": "dbt", "dbt_version": "1.6.1", "profile_name": "nyc_parking_violations", "target_name": "dev", "connection_name": "create_nyc_parking_violations_main_dbt_test__audit"} */
create schema if not exists "nyc_parking_violations"."main_dbt_test__audit"
[0m16:05:59.385204 [debug] [ThreadPool]: SQL status: OK in 0.0 seconds
[0m16:05:59.386289 [debug] [ThreadPool]: On create_nyc_parking_violations_main_dbt_test__audit: COMMIT
[0m16:05:59.386289 [debug] [ThreadPool]: Using duckdb connection "create_nyc_parking_violations_main_dbt_test__audit"
[0m16:05:59.386289 [debug] [ThreadPool]: On create_nyc_parking_violations_main_dbt_test__audit: COMMIT
[0m16:05:59.387204 [debug] [ThreadPool]: SQL status: OK in 0.0 seconds
[0m16:05:59.387204 [debug] [ThreadPool]: On create_nyc_parking_violations_main_dbt_test__audit: Close
[0m16:05:59.392504 [debug] [ThreadPool]: Acquiring new duckdb connection 'list_nyc_parking_violations_main_dbt_test__audit'
[0m16:05:59.396510 [debug] [ThreadPool]: Using duckdb connection "list_nyc_parking_violations_main_dbt_test__audit"
[0m16:05:59.397509 [debug] [ThreadPool]: On list_nyc_parking_violations_main_dbt_test__audit: BEGIN
[0m16:05:59.397509 [debug] [ThreadPool]: Opening a new connection, currently in state init
[0m16:05:59.411782 [debug] [ThreadPool]: SQL status: OK in 0.0 seconds
[0m16:05:59.411782 [debug] [ThreadPool]: Using duckdb connection "list_nyc_parking_violations_main_dbt_test__audit"
[0m16:05:59.412783 [debug] [ThreadPool]: On list_nyc_parking_violations_main_dbt_test__audit: /* {"app": "dbt", "dbt_version": "1.6.1", "profile_name": "nyc_parking_violations", "target_name": "dev", "connection_name": "list_nyc_parking_violations_main_dbt_test__audit"} */
select
      'nyc_parking_violations' as database,
      table_name as name,
      table_schema as schema,
      CASE table_type
        WHEN 'BASE TABLE' THEN 'table'
        WHEN 'VIEW' THEN 'view'
        WHEN 'LOCAL TEMPORARY' THEN 'table'
        END as type
    from system.information_schema.tables
    where table_schema = 'main_dbt_test__audit'
    and table_catalog = 'nyc_parking_violations'
  
[0m16:05:59.423785 [debug] [ThreadPool]: SQL status: OK in 0.0 seconds
[0m16:05:59.425786 [debug] [ThreadPool]: On list_nyc_parking_violations_main_dbt_test__audit: ROLLBACK
[0m16:05:59.426785 [debug] [ThreadPool]: Failed to rollback 'list_nyc_parking_violations_main_dbt_test__audit'
[0m16:05:59.426785 [debug] [ThreadPool]: On list_nyc_parking_violations_main_dbt_test__audit: Close
[0m16:05:59.430888 [debug] [ThreadPool]: Re-using an available connection from the pool (formerly list_nyc_parking_violations_main_dbt_test__audit, now list_nyc_parking_violations_main)
[0m16:05:59.430888 [debug] [ThreadPool]: Using duckdb connection "list_nyc_parking_violations_main"
[0m16:05:59.430888 [debug] [ThreadPool]: On list_nyc_parking_violations_main: BEGIN
[0m16:05:59.430888 [debug] [ThreadPool]: Opening a new connection, currently in state closed
[0m16:05:59.447059 [debug] [ThreadPool]: SQL status: OK in 0.0 seconds
[0m16:05:59.448158 [debug] [ThreadPool]: Using duckdb connection "list_nyc_parking_violations_main"
[0m16:05:59.448158 [debug] [ThreadPool]: On list_nyc_parking_violations_main: /* {"app": "dbt", "dbt_version": "1.6.1", "profile_name": "nyc_parking_violations", "target_name": "dev", "connection_name": "list_nyc_parking_violations_main"} */
select
      'nyc_parking_violations' as database,
      table_name as name,
      table_schema as schema,
      CASE table_type
        WHEN 'BASE TABLE' THEN 'table'
        WHEN 'VIEW' THEN 'view'
        WHEN 'LOCAL TEMPORARY' THEN 'table'
        END as type
    from system.information_schema.tables
    where table_schema = 'main'
    and table_catalog = 'nyc_parking_violations'
  
[0m16:05:59.459124 [debug] [ThreadPool]: SQL status: OK in 0.0 seconds
[0m16:05:59.461129 [debug] [ThreadPool]: On list_nyc_parking_violations_main: ROLLBACK
[0m16:05:59.461129 [debug] [ThreadPool]: Failed to rollback 'list_nyc_parking_violations_main'
[0m16:05:59.461129 [debug] [ThreadPool]: On list_nyc_parking_violations_main: Close
[0m16:05:59.467762 [debug] [MainThread]: Sending event: {'category': 'dbt', 'action': 'runnable_timing', 'label': 'fc0cb221-46a0-4da7-a524-7af971d3b1eb', 'context': [<snowplow_tracker.self_describing_json.SelfDescribingJson object at 0x0000019F80F9B7F0>]}
[0m16:05:59.467762 [debug] [MainThread]: Using duckdb connection "master"
[0m16:05:59.468809 [debug] [MainThread]: On master: BEGIN
[0m16:05:59.468809 [debug] [MainThread]: Opening a new connection, currently in state init
[0m16:05:59.480926 [debug] [MainThread]: SQL status: OK in 0.0 seconds
[0m16:05:59.480926 [debug] [MainThread]: On master: COMMIT
[0m16:05:59.480926 [debug] [MainThread]: Using duckdb connection "master"
[0m16:05:59.480926 [debug] [MainThread]: On master: COMMIT
[0m16:05:59.480926 [debug] [MainThread]: SQL status: OK in 0.0 seconds
[0m16:05:59.480926 [debug] [MainThread]: On master: Close
[0m16:05:59.480926 [info ] [MainThread]: Concurrency: 1 threads (target='dev')
[0m16:05:59.480926 [info ] [MainThread]: 
[0m16:05:59.480926 [debug] [Thread-1 (]: Began running node test.nyc_parking_violations.not_null_bronze_parking_violations_summons_number.29cef758ac
[0m16:05:59.480926 [info ] [Thread-1 (]: 1 of 3 START test not_null_bronze_parking_violations_summons_number ............ [RUN]
[0m16:05:59.480926 [debug] [Thread-1 (]: Acquiring new duckdb connection 'test.nyc_parking_violations.not_null_bronze_parking_violations_summons_number.29cef758ac'
[0m16:05:59.480926 [debug] [Thread-1 (]: Began compiling node test.nyc_parking_violations.not_null_bronze_parking_violations_summons_number.29cef758ac
[0m16:05:59.502685 [debug] [Thread-1 (]: Writing injected SQL for node "test.nyc_parking_violations.not_null_bronze_parking_violations_summons_number.29cef758ac"
[0m16:05:59.502685 [debug] [Thread-1 (]: Timing info for test.nyc_parking_violations.not_null_bronze_parking_violations_summons_number.29cef758ac (compile): 16:05:59.480926 => 16:05:59.502685
[0m16:05:59.502685 [debug] [Thread-1 (]: Began executing node test.nyc_parking_violations.not_null_bronze_parking_violations_summons_number.29cef758ac
[0m16:05:59.556904 [debug] [Thread-1 (]: Using duckdb connection "test.nyc_parking_violations.not_null_bronze_parking_violations_summons_number.29cef758ac"
[0m16:05:59.556904 [debug] [Thread-1 (]: On test.nyc_parking_violations.not_null_bronze_parking_violations_summons_number.29cef758ac: /* {"app": "dbt", "dbt_version": "1.6.1", "profile_name": "nyc_parking_violations", "target_name": "dev", "node_id": "test.nyc_parking_violations.not_null_bronze_parking_violations_summons_number.29cef758ac"} */
drop table if exists "nyc_parking_violations"."main_dbt_test__audit"."not_null_bronze_parking_violations_summons_number" cascade
[0m16:05:59.557915 [debug] [Thread-1 (]: Opening a new connection, currently in state init
[0m16:05:59.577534 [debug] [Thread-1 (]: SQL status: OK in 0.0 seconds
[0m16:05:59.581721 [debug] [Thread-1 (]: Using duckdb connection "test.nyc_parking_violations.not_null_bronze_parking_violations_summons_number.29cef758ac"
[0m16:05:59.581721 [debug] [Thread-1 (]: On test.nyc_parking_violations.not_null_bronze_parking_violations_summons_number.29cef758ac: BEGIN
[0m16:05:59.581721 [debug] [Thread-1 (]: SQL status: OK in 0.0 seconds
[0m16:05:59.581721 [debug] [Thread-1 (]: Using duckdb connection "test.nyc_parking_violations.not_null_bronze_parking_violations_summons_number.29cef758ac"
[0m16:05:59.581721 [debug] [Thread-1 (]: On test.nyc_parking_violations.not_null_bronze_parking_violations_summons_number.29cef758ac: /* {"app": "dbt", "dbt_version": "1.6.1", "profile_name": "nyc_parking_violations", "target_name": "dev", "node_id": "test.nyc_parking_violations.not_null_bronze_parking_violations_summons_number.29cef758ac"} */

        
  
    
    

    create  table
      "nyc_parking_violations"."main_dbt_test__audit"."not_null_bronze_parking_violations_summons_number"
  
    as (
      
    
    



select *
from "nyc_parking_violations"."main"."bronze_parking_violations"
where summons_number is null



    );
  
  
    
[0m16:05:59.581721 [debug] [Thread-1 (]: SQL status: OK in 0.0 seconds
[0m16:05:59.581721 [debug] [Thread-1 (]: On test.nyc_parking_violations.not_null_bronze_parking_violations_summons_number.29cef758ac: COMMIT
[0m16:05:59.581721 [debug] [Thread-1 (]: Using duckdb connection "test.nyc_parking_violations.not_null_bronze_parking_violations_summons_number.29cef758ac"
[0m16:05:59.581721 [debug] [Thread-1 (]: On test.nyc_parking_violations.not_null_bronze_parking_violations_summons_number.29cef758ac: COMMIT
[0m16:05:59.581721 [debug] [Thread-1 (]: SQL status: OK in 0.0 seconds
[0m16:05:59.581721 [debug] [Thread-1 (]: Writing runtime sql for node "test.nyc_parking_violations.not_null_bronze_parking_violations_summons_number.29cef758ac"
[0m16:05:59.597548 [debug] [Thread-1 (]: Using duckdb connection "test.nyc_parking_violations.not_null_bronze_parking_violations_summons_number.29cef758ac"
[0m16:05:59.597548 [debug] [Thread-1 (]: On test.nyc_parking_violations.not_null_bronze_parking_violations_summons_number.29cef758ac: BEGIN
[0m16:05:59.599901 [debug] [Thread-1 (]: SQL status: OK in 0.0 seconds
[0m16:05:59.599901 [debug] [Thread-1 (]: Using duckdb connection "test.nyc_parking_violations.not_null_bronze_parking_violations_summons_number.29cef758ac"
[0m16:05:59.599901 [debug] [Thread-1 (]: On test.nyc_parking_violations.not_null_bronze_parking_violations_summons_number.29cef758ac: /* {"app": "dbt", "dbt_version": "1.6.1", "profile_name": "nyc_parking_violations", "target_name": "dev", "node_id": "test.nyc_parking_violations.not_null_bronze_parking_violations_summons_number.29cef758ac"} */
select
      count(*) as failures,
      count(*) != 0 as should_warn,
      count(*) != 0 as should_error
    from (
      
        select *
        from "nyc_parking_violations"."main_dbt_test__audit"."not_null_bronze_parking_violations_summons_number"
    
      
    ) dbt_internal_test
[0m16:05:59.599901 [debug] [Thread-1 (]: SQL status: OK in 0.0 seconds
[0m16:05:59.599901 [debug] [Thread-1 (]: Timing info for test.nyc_parking_violations.not_null_bronze_parking_violations_summons_number.29cef758ac (execute): 16:05:59.502685 => 16:05:59.599901
[0m16:05:59.599901 [debug] [Thread-1 (]: On test.nyc_parking_violations.not_null_bronze_parking_violations_summons_number.29cef758ac: ROLLBACK
[0m16:05:59.599901 [debug] [Thread-1 (]: Failed to rollback 'test.nyc_parking_violations.not_null_bronze_parking_violations_summons_number.29cef758ac'
[0m16:05:59.599901 [debug] [Thread-1 (]: On test.nyc_parking_violations.not_null_bronze_parking_violations_summons_number.29cef758ac: Close
[0m16:05:59.613531 [info ] [Thread-1 (]: 1 of 3 PASS not_null_bronze_parking_violations_summons_number .................. [[32mPASS[0m in 0.13s]
[0m16:05:59.613531 [debug] [Thread-1 (]: Finished running node test.nyc_parking_violations.not_null_bronze_parking_violations_summons_number.29cef758ac
[0m16:05:59.613531 [debug] [Thread-1 (]: Began running node test.nyc_parking_violations.unique_bronze_parking_violations_summons_number.305522a239
[0m16:05:59.613531 [info ] [Thread-1 (]: 2 of 3 START test unique_bronze_parking_violations_summons_number .............. [RUN]
[0m16:05:59.613531 [debug] [Thread-1 (]: Re-using an available connection from the pool (formerly test.nyc_parking_violations.not_null_bronze_parking_violations_summons_number.29cef758ac, now test.nyc_parking_violations.unique_bronze_parking_violations_summons_number.305522a239)
[0m16:05:59.613531 [debug] [Thread-1 (]: Began compiling node test.nyc_parking_violations.unique_bronze_parking_violations_summons_number.305522a239
[0m16:05:59.629386 [debug] [Thread-1 (]: Writing injected SQL for node "test.nyc_parking_violations.unique_bronze_parking_violations_summons_number.305522a239"
[0m16:05:59.629386 [debug] [Thread-1 (]: Timing info for test.nyc_parking_violations.unique_bronze_parking_violations_summons_number.305522a239 (compile): 16:05:59.613531 => 16:05:59.629386
[0m16:05:59.629386 [debug] [Thread-1 (]: Began executing node test.nyc_parking_violations.unique_bronze_parking_violations_summons_number.305522a239
[0m16:05:59.629386 [debug] [Thread-1 (]: Using duckdb connection "test.nyc_parking_violations.unique_bronze_parking_violations_summons_number.305522a239"
[0m16:05:59.629386 [debug] [Thread-1 (]: On test.nyc_parking_violations.unique_bronze_parking_violations_summons_number.305522a239: /* {"app": "dbt", "dbt_version": "1.6.1", "profile_name": "nyc_parking_violations", "target_name": "dev", "node_id": "test.nyc_parking_violations.unique_bronze_parking_violations_summons_number.305522a239"} */
drop table if exists "nyc_parking_violations"."main_dbt_test__audit"."unique_bronze_parking_violations_summons_number" cascade
[0m16:05:59.629386 [debug] [Thread-1 (]: Opening a new connection, currently in state closed
[0m16:05:59.658360 [debug] [Thread-1 (]: SQL status: OK in 0.0 seconds
[0m16:05:59.659373 [debug] [Thread-1 (]: Using duckdb connection "test.nyc_parking_violations.unique_bronze_parking_violations_summons_number.305522a239"
[0m16:05:59.660423 [debug] [Thread-1 (]: On test.nyc_parking_violations.unique_bronze_parking_violations_summons_number.305522a239: BEGIN
[0m16:05:59.660423 [debug] [Thread-1 (]: SQL status: OK in 0.0 seconds
[0m16:05:59.661413 [debug] [Thread-1 (]: Using duckdb connection "test.nyc_parking_violations.unique_bronze_parking_violations_summons_number.305522a239"
[0m16:05:59.662323 [debug] [Thread-1 (]: On test.nyc_parking_violations.unique_bronze_parking_violations_summons_number.305522a239: /* {"app": "dbt", "dbt_version": "1.6.1", "profile_name": "nyc_parking_violations", "target_name": "dev", "node_id": "test.nyc_parking_violations.unique_bronze_parking_violations_summons_number.305522a239"} */

        
  
    
    

    create  table
      "nyc_parking_violations"."main_dbt_test__audit"."unique_bronze_parking_violations_summons_number"
  
    as (
      
    
    

select
    summons_number as unique_field,
    count(*) as n_records

from "nyc_parking_violations"."main"."bronze_parking_violations"
where summons_number is not null
group by summons_number
having count(*) > 1



    );
  
  
    
[0m16:05:59.670662 [debug] [Thread-1 (]: SQL status: OK in 0.0 seconds
[0m16:05:59.670662 [debug] [Thread-1 (]: On test.nyc_parking_violations.unique_bronze_parking_violations_summons_number.305522a239: COMMIT
[0m16:05:59.670662 [debug] [Thread-1 (]: Using duckdb connection "test.nyc_parking_violations.unique_bronze_parking_violations_summons_number.305522a239"
[0m16:05:59.670662 [debug] [Thread-1 (]: On test.nyc_parking_violations.unique_bronze_parking_violations_summons_number.305522a239: COMMIT
[0m16:05:59.670662 [debug] [Thread-1 (]: SQL status: OK in 0.0 seconds
[0m16:05:59.670662 [debug] [Thread-1 (]: Writing runtime sql for node "test.nyc_parking_violations.unique_bronze_parking_violations_summons_number.305522a239"
[0m16:05:59.681366 [debug] [Thread-1 (]: Using duckdb connection "test.nyc_parking_violations.unique_bronze_parking_violations_summons_number.305522a239"
[0m16:05:59.681366 [debug] [Thread-1 (]: On test.nyc_parking_violations.unique_bronze_parking_violations_summons_number.305522a239: BEGIN
[0m16:05:59.681366 [debug] [Thread-1 (]: SQL status: OK in 0.0 seconds
[0m16:05:59.681366 [debug] [Thread-1 (]: Using duckdb connection "test.nyc_parking_violations.unique_bronze_parking_violations_summons_number.305522a239"
[0m16:05:59.681366 [debug] [Thread-1 (]: On test.nyc_parking_violations.unique_bronze_parking_violations_summons_number.305522a239: /* {"app": "dbt", "dbt_version": "1.6.1", "profile_name": "nyc_parking_violations", "target_name": "dev", "node_id": "test.nyc_parking_violations.unique_bronze_parking_violations_summons_number.305522a239"} */
select
      count(*) as failures,
      count(*) != 0 as should_warn,
      count(*) != 0 as should_error
    from (
      
        select *
        from "nyc_parking_violations"."main_dbt_test__audit"."unique_bronze_parking_violations_summons_number"
    
      
    ) dbt_internal_test
[0m16:05:59.681366 [debug] [Thread-1 (]: SQL status: OK in 0.0 seconds
[0m16:05:59.681366 [debug] [Thread-1 (]: Timing info for test.nyc_parking_violations.unique_bronze_parking_violations_summons_number.305522a239 (execute): 16:05:59.629386 => 16:05:59.681366
[0m16:05:59.681366 [debug] [Thread-1 (]: On test.nyc_parking_violations.unique_bronze_parking_violations_summons_number.305522a239: ROLLBACK
[0m16:05:59.681366 [debug] [Thread-1 (]: Failed to rollback 'test.nyc_parking_violations.unique_bronze_parking_violations_summons_number.305522a239'
[0m16:05:59.681366 [debug] [Thread-1 (]: On test.nyc_parking_violations.unique_bronze_parking_violations_summons_number.305522a239: Close
[0m16:05:59.700306 [info ] [Thread-1 (]: 2 of 3 PASS unique_bronze_parking_violations_summons_number .................... [[32mPASS[0m in 0.09s]
[0m16:05:59.700306 [debug] [Thread-1 (]: Finished running node test.nyc_parking_violations.unique_bronze_parking_violations_summons_number.305522a239
[0m16:05:59.700306 [debug] [Thread-1 (]: Began running node test.nyc_parking_violations.violation_codes_revenue
[0m16:05:59.700306 [info ] [Thread-1 (]: 3 of 3 START test violation_codes_revenue ...................................... [RUN]
[0m16:05:59.700306 [debug] [Thread-1 (]: Re-using an available connection from the pool (formerly test.nyc_parking_violations.unique_bronze_parking_violations_summons_number.305522a239, now test.nyc_parking_violations.violation_codes_revenue)
[0m16:05:59.700306 [debug] [Thread-1 (]: Began compiling node test.nyc_parking_violations.violation_codes_revenue
[0m16:05:59.700306 [debug] [Thread-1 (]: Writing injected SQL for node "test.nyc_parking_violations.violation_codes_revenue"
[0m16:05:59.714092 [debug] [Thread-1 (]: Writing injected SQL for node "test.nyc_parking_violations.violation_codes_revenue"
[0m16:05:59.717100 [debug] [Thread-1 (]: Timing info for test.nyc_parking_violations.violation_codes_revenue (compile): 16:05:59.700306 => 16:05:59.716103
[0m16:05:59.718098 [debug] [Thread-1 (]: Began executing node test.nyc_parking_violations.violation_codes_revenue
[0m16:05:59.720103 [debug] [Thread-1 (]: Using duckdb connection "test.nyc_parking_violations.violation_codes_revenue"
[0m16:05:59.720103 [debug] [Thread-1 (]: On test.nyc_parking_violations.violation_codes_revenue: /* {"app": "dbt", "dbt_version": "1.6.1", "profile_name": "nyc_parking_violations", "target_name": "dev", "node_id": "test.nyc_parking_violations.violation_codes_revenue"} */
drop table if exists "nyc_parking_violations"."main_dbt_test__audit"."violation_codes_revenue" cascade
[0m16:05:59.720103 [debug] [Thread-1 (]: Opening a new connection, currently in state closed
[0m16:05:59.737655 [debug] [Thread-1 (]: SQL status: OK in 0.0 seconds
[0m16:05:59.737655 [debug] [Thread-1 (]: Using duckdb connection "test.nyc_parking_violations.violation_codes_revenue"
[0m16:05:59.737655 [debug] [Thread-1 (]: On test.nyc_parking_violations.violation_codes_revenue: BEGIN
[0m16:05:59.737655 [debug] [Thread-1 (]: SQL status: OK in 0.0 seconds
[0m16:05:59.737655 [debug] [Thread-1 (]: Using duckdb connection "test.nyc_parking_violations.violation_codes_revenue"
[0m16:05:59.737655 [debug] [Thread-1 (]: On test.nyc_parking_violations.violation_codes_revenue: /* {"app": "dbt", "dbt_version": "1.6.1", "profile_name": "nyc_parking_violations", "target_name": "dev", "node_id": "test.nyc_parking_violations.violation_codes_revenue"} */

        
  
    
    

    create  table
      "nyc_parking_violations"."main_dbt_test__audit"."violation_codes_revenue"
  
    as (
      

with __dbt__cte__silver_parking_violation_codes as (
WITH manhattan_violation_codes AS (
    SELECT
        violation_code,
        definition,
        TRUE AS is_manhattan_96th_st_below,
        manhattan_96th_st_below AS fee_usd,
    FROM
        "nyc_parking_violations"."main"."bronze_parking_violation_codes"
),

all_other_violation_codes AS (
    SELECT
        violation_code,
        definition,
        FALSE AS is_manhattan_96th_st_below,
        all_other_areas AS fee_usd,
    FROM
        "nyc_parking_violations"."main"."bronze_parking_violation_codes"
)

SELECT * FROM manhattan_violation_codes
UNION ALL
SELECT * FROM all_other_violation_codes
ORDER BY violation_code ASC
) SELECT
    violation_code,
    SUM(fee_usd) AS total_revenue_usd
FROM
    __dbt__cte__silver_parking_violation_codes
GROUP BY
    violation_code
HAVING
    NOT(total_revenue_usd >= 1)
    );
  
  
    
[0m16:05:59.750024 [debug] [Thread-1 (]: SQL status: OK in 0.0 seconds
[0m16:05:59.751707 [debug] [Thread-1 (]: On test.nyc_parking_violations.violation_codes_revenue: COMMIT
[0m16:05:59.751707 [debug] [Thread-1 (]: Using duckdb connection "test.nyc_parking_violations.violation_codes_revenue"
[0m16:05:59.751707 [debug] [Thread-1 (]: On test.nyc_parking_violations.violation_codes_revenue: COMMIT
[0m16:05:59.751707 [debug] [Thread-1 (]: SQL status: OK in 0.0 seconds
[0m16:05:59.751707 [debug] [Thread-1 (]: Writing runtime sql for node "test.nyc_parking_violations.violation_codes_revenue"
[0m16:05:59.751707 [debug] [Thread-1 (]: Using duckdb connection "test.nyc_parking_violations.violation_codes_revenue"
[0m16:05:59.751707 [debug] [Thread-1 (]: On test.nyc_parking_violations.violation_codes_revenue: BEGIN
[0m16:05:59.751707 [debug] [Thread-1 (]: SQL status: OK in 0.0 seconds
[0m16:05:59.751707 [debug] [Thread-1 (]: Using duckdb connection "test.nyc_parking_violations.violation_codes_revenue"
[0m16:05:59.751707 [debug] [Thread-1 (]: On test.nyc_parking_violations.violation_codes_revenue: /* {"app": "dbt", "dbt_version": "1.6.1", "profile_name": "nyc_parking_violations", "target_name": "dev", "node_id": "test.nyc_parking_violations.violation_codes_revenue"} */
select
      count(*) as failures,
      count(*) != 0 as should_warn,
      count(*) != 0 as should_error
    from (
      
        select *
        from "nyc_parking_violations"."main_dbt_test__audit"."violation_codes_revenue"
    
      
    ) dbt_internal_test
[0m16:05:59.751707 [debug] [Thread-1 (]: SQL status: OK in 0.0 seconds
[0m16:05:59.764460 [debug] [Thread-1 (]: Timing info for test.nyc_parking_violations.violation_codes_revenue (execute): 16:05:59.719099 => 16:05:59.764460
[0m16:05:59.765195 [debug] [Thread-1 (]: On test.nyc_parking_violations.violation_codes_revenue: ROLLBACK
[0m16:05:59.765195 [debug] [Thread-1 (]: Failed to rollback 'test.nyc_parking_violations.violation_codes_revenue'
[0m16:05:59.765195 [debug] [Thread-1 (]: On test.nyc_parking_violations.violation_codes_revenue: Close
[0m16:05:59.781800 [warn ] [Thread-1 (]: 3 of 3 WARN 1 violation_codes_revenue .......................................... [[33mWARN 1[0m in 0.08s]
[0m16:05:59.782821 [debug] [Thread-1 (]: Finished running node test.nyc_parking_violations.violation_codes_revenue
[0m16:05:59.784799 [debug] [MainThread]: Using duckdb connection "master"
[0m16:05:59.784799 [debug] [MainThread]: On master: BEGIN
[0m16:05:59.785919 [debug] [MainThread]: Opening a new connection, currently in state closed
[0m16:05:59.800694 [debug] [MainThread]: SQL status: OK in 0.0 seconds
[0m16:05:59.801077 [debug] [MainThread]: On master: COMMIT
[0m16:05:59.802114 [debug] [MainThread]: Using duckdb connection "master"
[0m16:05:59.802114 [debug] [MainThread]: On master: COMMIT
[0m16:05:59.802114 [debug] [MainThread]: SQL status: OK in 0.0 seconds
[0m16:05:59.802114 [debug] [MainThread]: On master: Close
[0m16:05:59.802114 [debug] [MainThread]: Connection 'master' was properly closed.
[0m16:05:59.802114 [debug] [MainThread]: Connection 'create_nyc_parking_violations_main_dbt_test__audit' was properly closed.
[0m16:05:59.802114 [debug] [MainThread]: Connection 'list_nyc_parking_violations_main' was properly closed.
[0m16:05:59.802114 [debug] [MainThread]: Connection 'test.nyc_parking_violations.violation_codes_revenue' was properly closed.
[0m16:05:59.802114 [info ] [MainThread]: 
[0m16:05:59.802114 [info ] [MainThread]: Finished running 3 tests in 0 hours 0 minutes and 0.48 seconds (0.48s).
[0m16:05:59.802114 [debug] [MainThread]: Command end result
[0m16:05:59.820484 [info ] [MainThread]: 
[0m16:05:59.820484 [info ] [MainThread]: [33mCompleted with 1 warning:[0m
[0m16:05:59.820484 [info ] [MainThread]: 
[0m16:05:59.820484 [warn ] [MainThread]: [33mWarning in test violation_codes_revenue (tests\violation_codes_revenue.sql)[0m
[0m16:05:59.820484 [warn ] [MainThread]: Got 1 result, configured to warn if != 0
[0m16:05:59.820484 [info ] [MainThread]: 
[0m16:05:59.820484 [info ] [MainThread]:   compiled Code at target\compiled\nyc_parking_violations\tests\violation_codes_revenue.sql
[0m16:05:59.820484 [info ] [MainThread]: 
[0m16:05:59.820484 [info ] [MainThread]:   See test failures:
  ---------------------------------------------------------------------------------------
  select * from "nyc_parking_violations"."main_dbt_test__audit"."violation_codes_revenue"
  ---------------------------------------------------------------------------------------
[0m16:05:59.820484 [info ] [MainThread]: 
[0m16:05:59.820484 [info ] [MainThread]: Done. PASS=2 WARN=1 ERROR=0 SKIP=0 TOTAL=3
[0m16:05:59.820484 [debug] [MainThread]: Command `dbt test` succeeded at 16:05:59.820484 after 0.86 seconds
[0m16:05:59.820484 [debug] [MainThread]: Sending event: {'category': 'dbt', 'action': 'invocation', 'label': 'end', 'context': [<snowplow_tracker.self_describing_json.SelfDescribingJson object at 0x0000019FFDBFF4C0>, <snowplow_tracker.self_describing_json.SelfDescribingJson object at 0x0000019F80F9BE50>, <snowplow_tracker.self_describing_json.SelfDescribingJson object at 0x0000019F80E6D3F0>]}
[0m16:05:59.820484 [debug] [MainThread]: Flushing usage events
